    0.10000000E-04    0.31210879E-07    0.52468635E-12    0.50034595E-04
    0.20000000E-04    0.32201689E-07    0.54852901E-12    0.50781282E-04
    0.30000000E-04    0.33182663E-07    0.57252905E-12    0.51511355E-04
    0.40000000E-04    0.34201433E-07    0.59739693E-12    0.52246611E-04
    0.50000000E-04    0.35207586E-07    0.62232086E-12    0.52963326E-04
    0.60000000E-04    0.36223513E-07    0.64781323E-12    0.53676856E-04
    0.70000000E-04    0.37242324E-07    0.67355935E-12    0.54378733E-04
    0.80000000E-04    0.38275964E-07    0.69986065E-12    0.55077513E-04
    0.90000000E-04    0.39300844E-07    0.72675835E-12    0.55774259E-04
    0.10000000E-03    0.40331718E-07    0.75446008E-12    0.56474087E-04
    0.11000000E-03    0.41364919E-07    0.78239675E-12    0.57162710E-04
    0.12000000E-03    0.42412851E-07    0.81084823E-12    0.57847375E-04
    0.13000000E-03    0.43450862E-07    0.83958251E-12    0.58522777E-04
    0.14000000E-03    0.44484451E-07    0.86867250E-12    0.59191020E-04
    0.15000000E-03    0.45531891E-07    0.89844428E-12    0.59859651E-04
    0.16000000E-03    0.46591809E-07    0.92868935E-12    0.60523953E-04
    0.17000000E-03    0.47639480E-07    0.95929672E-12    0.61181687E-04
    0.18000000E-03    0.48678106E-07    0.99017209E-12    0.61831155E-04
    0.19000000E-03    0.49741936E-07    0.10216886E-11    0.62480330E-04
    0.20000000E-03    0.50812188E-07    0.10534811E-11    0.63121800E-04
    0.21000000E-03    0.51872680E-07    0.10855796E-11    0.63756483E-04
    0.22000000E-03    0.52944491E-07    0.11184566E-11    0.64393720E-04
    0.23000000E-03    0.54007777E-07    0.11516810E-11    0.65025125E-04
    0.24000000E-03    0.55101678E-07    0.11857405E-11    0.65659919E-04
    0.25000000E-03    0.56183089E-07    0.12196261E-11    0.66279522E-04
    0.26000000E-03    0.57273715E-07    0.12543016E-11    0.66901798E-04
    0.27000000E-03    0.58362642E-07    0.12893130E-11    0.67518573E-04
    0.28000000E-03    0.59454513E-07    0.13245571E-11    0.68128270E-04
    0.29000000E-03    0.60560370E-07    0.13604716E-11    0.68738537E-04
    0.30000000E-03    0.61671859E-07    0.13971245E-11    0.69350378E-04
    0.31000000E-03    0.62772788E-07    0.14339776E-11    0.69954864E-04
    0.32000000E-03    0.63872513E-07    0.14709724E-11    0.70551347E-04
    0.33000000E-03    0.64992311E-07    0.15084483E-11    0.71145473E-04
    0.34000000E-03    0.66124254E-07    0.15466497E-11    0.71741059E-04
    0.35000000E-03    0.67239749E-07    0.15850882E-11    0.72330524E-04
    0.36000000E-03    0.68361427E-07    0.16240437E-11    0.72918272E-04
    0.37000000E-03    0.69493645E-07    0.16636041E-11    0.73505606E-04
    0.38000000E-03    0.70633415E-07    0.17035952E-11    0.74089945E-04
    0.39000000E-03    0.71776114E-07    0.17438916E-11    0.74669566E-04
    0.40000000E-03    0.72913002E-07    0.17844392E-11    0.75243857E-04
    0.41000000E-03    0.74053876E-07    0.18256448E-11    0.75818623E-04
    0.42000000E-03    0.75203132E-07    0.18670969E-11    0.76388166E-04
    0.43000000E-03    0.76366896E-07    0.19092574E-11    0.76958860E-04
    0.44000000E-03    0.77530302E-07    0.19520409E-11    0.77529462E-04
    0.45000000E-03    0.78681866E-07    0.19948450E-11    0.78092055E-04
    0.46000000E-03    0.79848442E-07    0.20384765E-11    0.78657300E-04
    0.47000000E-03    0.81026044E-07    0.20824514E-11    0.79218891E-04
    0.48000000E-03    0.82210771E-07    0.21268276E-11    0.79777648E-04
    0.49000000E-03    0.83390296E-07    0.21715182E-11    0.80332563E-04
    0.50000000E-03    0.84569944E-07    0.22169292E-11    0.80888678E-04
    0.51000000E-03    0.85747730E-07    0.22624569E-11    0.81438650E-04
    0.52000000E-03    0.86944498E-07    0.23086683E-11    0.81989388E-04
    0.53000000E-03    0.88143480E-07    0.23553219E-11    0.82537989E-04
    0.54000000E-03    0.89341000E-07    0.24024428E-11    0.83084782E-04
    0.55000000E-03    0.90540725E-07    0.24499149E-11    0.83628466E-04
    0.56000000E-03    0.91747897E-07    0.24979099E-11    0.84171045E-04
    0.57000000E-03    0.92956094E-07    0.25461411E-11    0.84709338E-04
    0.58000000E-03    0.94171298E-07    0.25948505E-11    0.85246112E-04
    0.59000000E-03    0.95402192E-07    0.26446067E-11    0.85787529E-04
    0.60000000E-03    0.96614471E-07    0.26943443E-11    0.86322000E-04
    0.61000000E-03    0.97832254E-07    0.27445098E-11    0.86854447E-04
    0.62000000E-03    0.99062805E-07    0.27950494E-11    0.87384343E-04
    0.63000000E-03    0.10030546E-06    0.28462236E-11    0.87914424E-04
    0.64000000E-03    0.10154238E-06    0.28977842E-11    0.88442119E-04
    0.65000000E-03    0.10277368E-06    0.29495308E-11    0.88965462E-04
    0.66000000E-03    0.10400810E-06    0.30018683E-11    0.89488592E-04
    0.67000000E-03    0.10525087E-06    0.30545883E-11    0.90009432E-04
    0.68000000E-03    0.10650488E-06    0.31078120E-11    0.90529206E-04
    0.69000000E-03    0.10775668E-06    0.31615022E-11    0.91047556E-04
    0.70000000E-03    0.10900577E-06    0.32156155E-11    0.91564087E-04
    0.71000000E-03    0.11026676E-06    0.32704409E-11    0.92081538E-04
    0.72000000E-03    0.11152857E-06    0.33253808E-11    0.92594301E-04
    0.73000000E-03    0.11280236E-06    0.33809437E-11    0.93107166E-04
    0.74000000E-03    0.11407255E-06    0.34368717E-11    0.93617758E-04
    0.75000000E-03    0.11534408E-06    0.34932247E-11    0.94126658E-04
    0.76000000E-03    0.11662171E-06    0.35503318E-11    0.94636814E-04
    0.77000000E-03    0.11789980E-06    0.36077657E-11    0.95144402E-04
    0.78000000E-03    0.11918507E-06    0.36654165E-11    0.95648517E-04
    0.79000000E-03    0.12048521E-06    0.37238737E-11    0.96154315E-04
    0.80000000E-03    0.12177876E-06    0.37825545E-11    0.96656752E-04
    0.81000000E-03    0.12307126E-06    0.38418628E-11    0.97159308E-04
    0.82000000E-03    0.12435803E-06    0.39011779E-11    0.97656776E-04
    0.83000000E-03    0.12565999E-06    0.39611213E-11    0.98154416E-04
    0.84000000E-03    0.12697424E-06    0.40218145E-11    0.98653192E-04
    0.85000000E-03    0.12828548E-06    0.40827545E-11    0.99148972E-04
    0.86000000E-03    0.12959107E-06    0.41439942E-11    0.99642247E-04
    0.87000000E-03    0.13090088E-06    0.42058543E-11    0.10013561E-03
    0.88000000E-03    0.13221501E-06    0.42681056E-11    0.10062723E-03
    0.89000000E-03    0.13354134E-06    0.43307192E-11    0.10111691E-03
    0.90000000E-03    0.13486245E-06    0.43934819E-11    0.10160305E-03
    0.91000000E-03    0.13618652E-06    0.44570283E-11    0.10209056E-03
    0.92000000E-03    0.13751406E-06    0.45210561E-11    0.10257710E-03
    0.93000000E-03    0.13884249E-06    0.45853923E-11    0.10306138E-03
    0.94000000E-03    0.14017750E-06    0.46502258E-11    0.10354484E-03
    0.95000000E-03    0.14151948E-06    0.47153925E-11    0.10402628E-03
    0.96000000E-03    0.14286686E-06    0.47812189E-11    0.10450811E-03
    0.97000000E-03    0.14421673E-06    0.48475506E-11    0.10498919E-03
    0.98000000E-03    0.14556303E-06    0.49143034E-11    0.10546891E-03
    0.99000000E-03    0.14690485E-06    0.49812627E-11    0.10594577E-03
    0.10000000E-02    0.14825933E-06    0.50485857E-11    0.10642093E-03
    0.10100000E-02    0.14962469E-06    0.51166196E-11    0.10689683E-03
    0.10200000E-02    0.15098816E-06    0.51850641E-11    0.10737137E-03
    0.10300000E-02    0.15234871E-06    0.52539589E-11    0.10784484E-03
    0.10400000E-02    0.15370988E-06    0.53232692E-11    0.10831700E-03
    0.10500000E-02    0.15507906E-06    0.53929605E-11    0.10878764E-03
    0.10600000E-02    0.15645530E-06    0.54630796E-11    0.10925709E-03
    0.10700000E-02    0.15782902E-06    0.55334888E-11    0.10972447E-03
    0.10800000E-02    0.15920668E-06    0.56044268E-11    0.11019136E-03
    0.10900000E-02    0.16057980E-06    0.56756821E-11    0.11065639E-03
    0.11000000E-02    0.16195832E-06    0.57475814E-11    0.11112169E-03
    0.11100000E-02    0.16334651E-06    0.58199390E-11    0.11158606E-03
    0.11200000E-02    0.16473796E-06    0.58924880E-11    0.11204781E-03
    0.11300000E-02    0.16613485E-06    0.59656951E-11    0.11250992E-03
    0.11400000E-02    0.16753477E-06    0.60395629E-11    0.11297239E-03
    0.11500000E-02    0.16893007E-06    0.61136646E-11    0.11343254E-03
    0.11600000E-02    0.17033004E-06    0.61883119E-11    0.11389234E-03
    0.11700000E-02    0.17172723E-06    0.62630736E-11    0.11434916E-03
    0.11800000E-02    0.17313195E-06    0.63381187E-11    0.11480406E-03
    0.11900000E-02    0.17454326E-06    0.64137929E-11    0.11525916E-03
    0.12000000E-02    0.17595450E-06    0.64900912E-11    0.11571440E-03
    0.12100000E-02    0.17736489E-06    0.65667626E-11    0.11616828E-03
    0.12200000E-02    0.17877665E-06    0.66438846E-11    0.11662129E-03
    0.12300000E-02    0.18019719E-06    0.67212254E-11    0.11707207E-03
    0.12400000E-02    0.18162753E-06    0.67992679E-11    0.11752345E-03
    0.12500000E-02    0.18305475E-06    0.68777066E-11    0.11797365E-03
    0.12600000E-02    0.18447675E-06    0.69563713E-11    0.11842172E-03
    0.12700000E-02    0.18590243E-06    0.70355582E-11    0.11886938E-03
    0.12800000E-02    0.18732848E-06    0.71149931E-11    0.11931507E-03
    0.12900000E-02    0.18876190E-06    0.71948966E-11    0.11976005E-03
    0.13000000E-02    0.19020123E-06    0.72752116E-11    0.12020402E-03
    0.13100000E-02    0.19164634E-06    0.73561870E-11    0.12064835E-03
    0.13200000E-02    0.19309425E-06    0.74376109E-11    0.12109186E-03
    0.13300000E-02    0.19453364E-06    0.75193090E-11    0.12153362E-03
    0.13400000E-02    0.19597658E-06    0.76014579E-11    0.12197461E-03
    0.13500000E-02    0.19742770E-06    0.76838943E-11    0.12241395E-03
    0.13600000E-02    0.19888395E-06    0.77666940E-11    0.12285208E-03
    0.13700000E-02    0.20034298E-06    0.78500383E-11    0.12328996E-03
    0.13800000E-02    0.20179835E-06    0.79337519E-11    0.12372667E-03
    0.13900000E-02    0.20324819E-06    0.80176762E-11    0.12416141E-03
    0.14000000E-02    0.20470284E-06    0.81021439E-11    0.12459591E-03
    0.14100000E-02    0.20616839E-06    0.81871623E-11    0.12503020E-03
    0.14200000E-02    0.20764295E-06    0.82725605E-11    0.12546342E-03
    0.14300000E-02    0.20912246E-06    0.83585770E-11    0.12589677E-03
    0.14400000E-02    0.21059529E-06    0.84449556E-11    0.12632896E-03
    0.14500000E-02    0.21207090E-06    0.85318586E-11    0.12676081E-03
    0.14600000E-02    0.21354143E-06    0.86187746E-11    0.12718981E-03
    0.14700000E-02    0.21501842E-06    0.87060628E-11    0.12761774E-03
    0.14800000E-02    0.21650674E-06    0.87939229E-11    0.12804561E-03
    0.14900000E-02    0.21799398E-06    0.88821665E-11    0.12847248E-03
    0.15000000E-02    0.21948366E-06    0.89710060E-11    0.12889939E-03
    0.15100000E-02    0.22097170E-06    0.90601667E-11    0.12932501E-03
    0.15200000E-02    0.22245913E-06    0.91495861E-11    0.12974908E-03
    0.15300000E-02    0.22394959E-06    0.92394823E-11    0.13017263E-03
    0.15400000E-02    0.22545295E-06    0.93299691E-11    0.13059620E-03
    0.15500000E-02    0.22696186E-06    0.94207386E-11    0.13101835E-03
    0.15600000E-02    0.22846831E-06    0.95118074E-11    0.13143917E-03
    0.15700000E-02    0.22997290E-06    0.96035055E-11    0.13186020E-03
    0.15800000E-02    0.23147414E-06    0.96956460E-11    0.13228057E-03
    0.15900000E-02    0.23298084E-06    0.97879393E-11    0.13269897E-03
    0.16000000E-02    0.23449446E-06    0.98805056E-11    0.13311598E-03
    0.16100000E-02    0.23601561E-06    0.99737298E-11    0.13353332E-03
    0.16200000E-02    0.23753675E-06    0.10067391E-10    0.13395002E-03
    0.16300000E-02    0.23905168E-06    0.10161275E-10    0.13436512E-03
    0.16400000E-02    0.24057245E-06    0.10255705E-10    0.13478006E-03
    0.16500000E-02    0.24209960E-06    0.10350719E-10    0.13519500E-03
    0.16600000E-02    0.24362899E-06    0.10445923E-10    0.13560824E-03
    0.16700000E-02    0.24516403E-06    0.10541489E-10    0.13602053E-03
    0.16800000E-02    0.24670586E-06    0.10637679E-10    0.13643300E-03
    0.16900000E-02    0.24824662E-06    0.10734330E-10    0.13684495E-03
    0.17000000E-02    0.24978403E-06    0.10831230E-10    0.13725549E-03
    0.17100000E-02    0.25131897E-06    0.10928404E-10    0.13766474E-03
    0.17200000E-02    0.25285525E-06    0.11025744E-10    0.13807226E-03
    0.17300000E-02    0.25440534E-06    0.11123535E-10    0.13847926E-03
    0.17400000E-02    0.25595571E-06    0.11221733E-10    0.13888556E-03
    0.17500000E-02    0.25750717E-06    0.11320432E-10    0.13929156E-03
    0.17600000E-02    0.25905967E-06    0.11419641E-10    0.13969728E-03
    0.17700000E-02    0.26060827E-06    0.11519002E-10    0.14010127E-03
    0.17800000E-02    0.26216379E-06    0.11618935E-10    0.14050525E-03
    0.17900000E-02    0.26372994E-06    0.11719335E-10    0.14090880E-03
    0.18000000E-02    0.26530483E-06    0.11820228E-10    0.14131201E-03
    0.18100000E-02    0.26687489E-06    0.11921244E-10    0.14171342E-03
    0.18200000E-02    0.26844264E-06    0.12022666E-10    0.14211417E-03
    0.18300000E-02    0.27001051E-06    0.12124571E-10    0.14251457E-03
    0.18400000E-02    0.27157905E-06    0.12226637E-10    0.14291335E-03
    0.18500000E-02    0.27315095E-06    0.12328840E-10    0.14331045E-03
    0.18600000E-02    0.27472866E-06    0.12431462E-10    0.14370698E-03
    0.18700000E-02    0.27631017E-06    0.12534434E-10    0.14410267E-03
    0.18800000E-02    0.27788922E-06    0.12637702E-10    0.14449733E-03
    0.18900000E-02    0.27947088E-06    0.12741500E-10    0.14489186E-03
    0.19000000E-02    0.28104993E-06    0.12845452E-10    0.14528483E-03
    0.19100000E-02    0.28263046E-06    0.12949771E-10    0.14567706E-03
    0.19200000E-02    0.28421642E-06    0.13054255E-10    0.14606780E-03
    0.19300000E-02    0.28580616E-06    0.13159123E-10    0.14645789E-03
    0.19400000E-02    0.28740907E-06    0.13264272E-10    0.14684695E-03
    0.19500000E-02    0.28899744E-06    0.13369522E-10    0.14723433E-03
    0.19600000E-02    0.29057786E-06    0.13474833E-10    0.14761991E-03
    0.19700000E-02    0.29216261E-06    0.13580575E-10    0.14800504E-03
    0.19800000E-02    0.29375460E-06    0.13686351E-10    0.14838831E-03
    0.19900000E-02    0.29534663E-06    0.13792082E-10    0.14876944E-03
    0.20000000E-02    0.29693830E-06    0.13898207E-10    0.14915004E-03
    0.20100000E-02    0.29852654E-06    0.14004223E-10    0.14952833E-03
    0.20200000E-02    0.30011087E-06    0.14110350E-10    0.14990510E-03
    0.20300000E-02    0.30169208E-06    0.14216443E-10    0.15027986E-03
    0.20400000E-02    0.30327242E-06    0.14322573E-10    0.15065289E-03
    0.20500000E-02    0.30485237E-06    0.14428626E-10    0.15102382E-03
    0.20600000E-02    0.30642824E-06    0.14534409E-10    0.15139200E-03
    0.20700000E-02    0.30800464E-06    0.14640343E-10    0.15175892E-03
    0.20800000E-02    0.30958946E-06    0.14746041E-10    0.15212326E-03
    0.20900000E-02    0.31115398E-06    0.14851526E-10    0.15248513E-03
    0.21000000E-02    0.31271136E-06    0.14956894E-10    0.15284489E-03
    0.21100000E-02    0.31426445E-06    0.15061969E-10    0.15320198E-03
    0.21200000E-02    0.31582497E-06    0.15166808E-10    0.15355661E-03
    0.21300000E-02    0.31737986E-06    0.15271186E-10    0.15390807E-03
    0.21400000E-02    0.31892457E-06    0.15375197E-10    0.15425670E-03
    0.21500000E-02    0.32046445E-06    0.15479134E-10    0.15460351E-03
    0.21600000E-02    0.32199469E-06    0.15582474E-10    0.15494680E-03
    0.21700000E-02    0.32351550E-06    0.15685211E-10    0.15528658E-03
    0.21800000E-02    0.32503330E-06    0.15787638E-10    0.15562386E-03
    0.21900000E-02    0.32654612E-06    0.15889445E-10    0.15595766E-03
    0.22000000E-02    0.32805657E-06    0.15990867E-10    0.15628878E-03
    0.22100000E-02    0.32955906E-06    0.16091569E-10    0.15661617E-03
    0.22200000E-02    0.33105389E-06    0.16191734E-10    0.15694046E-03
    0.22300000E-02    0.33253680E-06    0.16291195E-10    0.15726115E-03
    0.22400000E-02    0.33400384E-06    0.16389902E-10    0.15757812E-03
    0.22500000E-02    0.33545779E-06    0.16487899E-10    0.15789156E-03
    0.22600000E-02    0.33690773E-06    0.16585054E-10    0.15820107E-03
    0.22700000E-02    0.33836054E-06    0.16681226E-10    0.15850627E-03
    0.22800000E-02    0.33980797E-06    0.16776799E-10    0.15880841E-03
    0.22900000E-02    0.34124230E-06    0.16871395E-10    0.15910633E-03
    0.23000000E-02    0.34273129E-06    0.16965141E-10    0.15940048E-03
    0.23100000E-02    0.34412815E-06    0.17057802E-10    0.15969016E-03
    0.23200000E-02    0.34554869E-06    0.17149631E-10    0.15997621E-03
    0.23300000E-02    0.34695989E-06    0.17240661E-10    0.16025876E-03
    0.23400000E-02    0.34839408E-06    0.17331155E-10    0.16053866E-03
    0.23500000E-02    0.34981104E-06    0.17420721E-10    0.16081473E-03
    0.23600000E-02    0.35123855E-06    0.17509190E-10    0.16108650E-03
    0.23700000E-02    0.35266436E-06    0.17596568E-10    0.16135402E-03
    0.23800000E-02    0.35407546E-06    0.17682810E-10    0.16161719E-03
    0.23900000E-02    0.35540988E-06    0.17768349E-10    0.16187737E-03
    0.24000000E-02    0.35761138E-06    0.17853129E-10    0.16213443E-03
    0.10000000E-04    0.31210879E-07    0.52468635E-12    0.50034595E-04
    0.20000000E-04    0.32204959E-07    0.54860761E-12    0.50783708E-04
    0.30000000E-04    0.33182920E-07    0.57255603E-12    0.51512164E-04
    0.40000000E-04    0.34221649E-07    0.59789565E-12    0.52261146E-04
    0.50000000E-04    0.35248819E-07    0.62334210E-12    0.52992281E-04
    0.60000000E-04    0.36293551E-07    0.64958280E-12    0.53725686E-04
    0.70000000E-04    0.37329282E-07    0.67584585E-12    0.54440196E-04
    0.80000000E-04    0.38390451E-07    0.70297319E-12    0.55159042E-04
    0.90000000E-04    0.39455549E-07    0.73108093E-12    0.55884618E-04
    0.10000000E-03    0.40535620E-07    0.76020072E-12    0.56616961E-04
    0.11000000E-03    0.41616704E-07    0.78949419E-12    0.57335039E-04
    0.12000000E-03    0.42696004E-07    0.81903030E-12    0.58041299E-04
    0.13000000E-03    0.43765951E-07    0.84889664E-12    0.58738394E-04
    0.14000000E-03    0.44855901E-07    0.87980586E-12    0.59442821E-04
    0.15000000E-03    0.45948933E-07    0.91094266E-12    0.60135946E-04
    0.16000000E-03    0.47072125E-07    0.94330929E-12    0.60839901E-04
    0.17000000E-03    0.48181321E-07    0.97612158E-12    0.61537300E-04
    0.18000000E-03    0.49296432E-07    0.10092537E-11    0.62225813E-04
    0.19000000E-03    0.50413816E-07    0.10424984E-11    0.62901683E-04
    0.20000000E-03    0.51542309E-07    0.10765752E-11    0.63579716E-04
    0.21000000E-03    0.52683232E-07    0.11114127E-11    0.64258252E-04
    0.22000000E-03    0.53831255E-07    0.11471847E-11    0.64940393E-04
    0.23000000E-03    0.54987049E-07    0.11833125E-11    0.65615073E-04
    0.24000000E-03    0.56149324E-07    0.12198166E-11    0.66282972E-04
    0.25000000E-03    0.57312878E-07    0.12569556E-11    0.66948952E-04
    0.26000000E-03    0.58483776E-07    0.12947220E-11    0.67612861E-04
    0.27000000E-03    0.59653807E-07    0.13326674E-11    0.68267037E-04
    0.28000000E-03    0.60839579E-07    0.13713687E-11    0.68921578E-04
    0.29000000E-03    0.62024837E-07    0.14107283E-11    0.69574739E-04
    0.30000000E-03    0.63206785E-07    0.14504830E-11    0.70222240E-04
    0.31000000E-03    0.64405999E-07    0.14909456E-11    0.70869233E-04
    0.32000000E-03    0.65626990E-07    0.15320597E-11    0.71514762E-04
    0.33000000E-03    0.66832086E-07    0.15733986E-11    0.72152279E-04
    0.34000000E-03    0.68047822E-07    0.16156658E-11    0.72792668E-04
    0.35000000E-03    0.69267334E-07    0.16583882E-11    0.73428704E-04
    0.36000000E-03    0.70497982E-07    0.17015895E-11    0.74060856E-04
    0.37000000E-03    0.71737974E-07    0.17454562E-11    0.74691890E-04
    0.38000000E-03    0.72980741E-07    0.17898794E-11    0.75320245E-04
    0.39000000E-03    0.74235538E-07    0.18353296E-11    0.75952456E-04
    0.40000000E-03    0.75484582E-07    0.18805780E-11    0.76571575E-04
    0.41000000E-03    0.76745993E-07    0.19266320E-11    0.77191602E-04
    0.42000000E-03    0.78026822E-07    0.19739890E-11    0.77818951E-04
    0.43000000E-03    0.79290305E-07    0.20212426E-11    0.78435008E-04
    0.44000000E-03    0.80569413E-07    0.20692741E-11    0.79051444E-04
    0.45000000E-03    0.81862294E-07    0.21177780E-11    0.79664336E-04
    0.46000000E-03    0.83150710E-07    0.21667032E-11    0.80273143E-04
    0.47000000E-03    0.84443628E-07    0.22164456E-11    0.80882796E-04
    0.48000000E-03    0.85745255E-07    0.22668531E-11    0.81491364E-04
    0.49000000E-03    0.87060827E-07    0.23178288E-11    0.82097686E-04
    0.50000000E-03    0.88382189E-07    0.23693915E-11    0.82702011E-04
    0.51000000E-03    0.89704840E-07    0.24216671E-11    0.83305807E-04
    0.52000000E-03    0.91032365E-07    0.24744435E-11    0.83906636E-04
    0.53000000E-03    0.92367099E-07    0.25279427E-11    0.84507037E-04
    0.54000000E-03    0.93700428E-07    0.25815203E-11    0.85099886E-04
    0.55000000E-03    0.95050359E-07    0.26359965E-11    0.85694327E-04
    0.56000000E-03    0.96393888E-07    0.26910239E-11    0.86286526E-04
    0.57000000E-03    0.97741768E-07    0.27467773E-11    0.86878360E-04
    0.58000000E-03    0.99094256E-07    0.28024914E-11    0.87461830E-04
    0.59000000E-03    0.10046461E-06    0.28591795E-11    0.88047616E-04
    0.60000000E-03    0.10183868E-06    0.29167649E-11    0.88634800E-04
    0.61000000E-03    0.10319642E-06    0.29742080E-11    0.89212884E-04
    0.62000000E-03    0.10457219E-06    0.30327132E-11    0.89794054E-04
    0.63000000E-03    0.10596041E-06    0.30917615E-11    0.90373088E-04
    0.64000000E-03    0.10735847E-06    0.31515604E-11    0.90952018E-04
    0.65000000E-03    0.10875631E-06    0.32120398E-11    0.91530135E-04
    0.66000000E-03    0.11016393E-06    0.32734124E-11    0.92109418E-04
    0.67000000E-03    0.11156134E-06    0.33345210E-11    0.92679059E-04
    0.68000000E-03    0.11297994E-06    0.33966734E-11    0.93251336E-04
    0.69000000E-03    0.11439837E-06    0.34593542E-11    0.93821450E-04
    0.70000000E-03    0.11580903E-06    0.35222519E-11    0.94386656E-04
    0.71000000E-03    0.11722954E-06    0.35860798E-11    0.94953384E-04
    0.72000000E-03    0.11865554E-06    0.36503965E-11    0.95517690E-04
    0.73000000E-03    0.12010408E-06    0.37156642E-11    0.96083603E-04
    0.74000000E-03    0.12154925E-06    0.37812968E-11    0.96646038E-04
    0.75000000E-03    0.12298955E-06    0.38475897E-11    0.97207561E-04
    0.76000000E-03    0.12443294E-06    0.39142844E-11    0.97766017E-04
    0.77000000E-03    0.12589136E-06    0.39816965E-11    0.98324071E-04
    0.78000000E-03    0.12735780E-06    0.40497203E-11    0.98880839E-04
    0.79000000E-03    0.12882121E-06    0.41181978E-11    0.99435058E-04
    0.80000000E-03    0.13028816E-06    0.41873403E-11    0.99988461E-04
    0.81000000E-03    0.13175673E-06    0.42570572E-11    0.10054033E-03
    0.82000000E-03    0.13322951E-06    0.43270493E-11    0.10108834E-03
    0.83000000E-03    0.13470921E-06    0.43974682E-11    0.10163377E-03
    0.84000000E-03    0.13620253E-06    0.44690960E-11    0.10218262E-03
    0.85000000E-03    0.13768774E-06    0.45409886E-11    0.10272763E-03
    0.86000000E-03    0.13917579E-06    0.46134266E-11    0.10327099E-03
    0.87000000E-03    0.14067980E-06    0.46867122E-11    0.10381495E-03
    0.88000000E-03    0.14219428E-06    0.47605813E-11    0.10435753E-03
    0.89000000E-03    0.14370655E-06    0.48349874E-11    0.10489841E-03
    0.90000000E-03    0.14521860E-06    0.49100231E-11    0.10543828E-03
    0.91000000E-03    0.14672480E-06    0.49854308E-11    0.10597531E-03
    0.92000000E-03    0.14825049E-06    0.50616445E-11    0.10651261E-03
    0.93000000E-03    0.14978525E-06    0.51382730E-11    0.10704742E-03
    0.94000000E-03    0.15131068E-06    0.52151610E-11    0.10757872E-03
    0.10000000E-04    0.31210879E-07    0.52468635E-12    0.50034595E-04
    0.20000000E-04    0.32206473E-07    0.54864356E-12    0.50784817E-04
    0.30000000E-04    0.33187656E-07    0.57266294E-12    0.51515370E-04
    0.40000000E-04    0.34214595E-07    0.59772927E-12    0.52256298E-04
    0.50000000E-04    0.35222465E-07    0.62271740E-12    0.52974573E-04
    0.60000000E-04    0.36231024E-07    0.64805440E-12    0.53683516E-04
    0.70000000E-04    0.37240692E-07    0.67362272E-12    0.54380439E-04
    0.80000000E-04    0.38257727E-07    0.69953801E-12    0.55069048E-04
    0.90000000E-04    0.39267113E-07    0.72606168E-12    0.55756431E-04
    0.10000000E-03    0.40276221E-07    0.75317573E-12    0.56442023E-04
    0.11000000E-03    0.41289663E-07    0.78058016E-12    0.57118435E-04
    0.12000000E-03    0.42306807E-07    0.80820213E-12    0.57784380E-04
    0.13000000E-03    0.43310954E-07    0.83599061E-12    0.58439200E-04
    0.14000000E-03    0.44313112E-07    0.86417017E-12    0.59088580E-04
    0.15000000E-03    0.45319167E-07    0.89274945E-12    0.59732908E-04
    0.16000000E-03    0.46349458E-07    0.92198158E-12    0.60377883E-04
    0.17000000E-03    0.47368190E-07    0.95155681E-12    0.61016698E-04
    0.18000000E-03    0.48371532E-07    0.98134417E-12    0.61646853E-04
    0.19000000E-03    0.49383343E-07    0.10113984E-11    0.62269860E-04
    0.20000000E-03    0.50407419E-07    0.10417250E-11    0.62886125E-04
    0.21000000E-03    0.51427790E-07    0.10724187E-11    0.63497787E-04
    0.22000000E-03    0.52450626E-07    0.11035939E-11    0.64107213E-04
    0.23000000E-03    0.53476224E-07    0.11354188E-11    0.64717614E-04
    0.24000000E-03    0.54505565E-07    0.11675581E-11    0.65322576E-04
    0.25000000E-03    0.55536942E-07    0.11997331E-11    0.65917189E-04
    0.26000000E-03    0.56569964E-07    0.12323605E-11    0.66509403E-04
    0.27000000E-03    0.57597245E-07    0.12652347E-11    0.67095618E-04
    0.28000000E-03    0.58627624E-07    0.12984489E-11    0.67677673E-04
    0.29000000E-03    0.59670903E-07    0.13321464E-11    0.68258139E-04
    0.30000000E-03    0.60723028E-07    0.13663449E-11    0.68837314E-04
    0.31000000E-03    0.61771776E-07    0.14009424E-11    0.69413492E-04
    0.32000000E-03    0.62811295E-07    0.14358468E-11    0.69985247E-04
    0.33000000E-03    0.63853233E-07    0.14709707E-11    0.70551320E-04
    0.34000000E-03    0.64907596E-07    0.15063207E-11    0.71112009E-04
    0.35000000E-03    0.65971172E-07    0.15421671E-11    0.71671684E-04
    0.36000000E-03    0.67022577E-07    0.15783236E-11    0.72227482E-04
    0.37000000E-03    0.68082405E-07    0.16151035E-11    0.72784223E-04
    0.38000000E-03    0.69150745E-07    0.16523771E-11    0.73339879E-04
    0.39000000E-03    0.70220060E-07    0.16898018E-11    0.73889442E-04
    0.40000000E-03    0.71291126E-07    0.17275437E-11    0.74435505E-04
    0.41000000E-03    0.72362299E-07    0.17656717E-11    0.74979139E-04
    0.42000000E-03    0.73432576E-07    0.18041233E-11    0.75519517E-04
    0.43000000E-03    0.74501819E-07    0.18427961E-11    0.76055313E-04
    0.44000000E-03    0.75585553E-07    0.18818690E-11    0.76589093E-04
    0.45000000E-03    0.76677517E-07    0.19215610E-11    0.77123819E-04
    0.46000000E-03    0.77769684E-07    0.19618048E-11    0.77658511E-04
    0.47000000E-03    0.78856717E-07    0.20022297E-11    0.78188299E-04
    0.48000000E-03    0.79939072E-07    0.20429301E-11    0.78714541E-04
    0.49000000E-03    0.81037296E-07    0.20840155E-11    0.79238719E-04
    0.50000000E-03    0.82141240E-07    0.21253228E-11    0.79758828E-04
    0.51000000E-03    0.83241988E-07    0.21669772E-11    0.80276528E-04
    0.52000000E-03    0.84339726E-07    0.22091536E-11    0.80793998E-04
    0.53000000E-03    0.85442451E-07    0.22517989E-11    0.81310568E-04
    0.54000000E-03    0.86561174E-07    0.22949028E-11    0.81826108E-04
    0.55000000E-03    0.87682402E-07    0.23383897E-11    0.82339728E-04
    0.56000000E-03    0.88798570E-07    0.23821166E-11    0.82849800E-04
    0.57000000E-03    0.89912135E-07    0.24261451E-11    0.83357123E-04
    0.58000000E-03    0.91028401E-07    0.24704810E-11    0.83861823E-04
    0.59000000E-03    0.92148336E-07    0.25151230E-11    0.84363943E-04
    0.60000000E-03    0.93275777E-07    0.25600879E-11    0.84863725E-04
    0.61000000E-03    0.94415506E-07    0.26057923E-11    0.85365763E-04
    0.62000000E-03    0.95554439E-07    0.26519045E-11    0.85866368E-04
    0.63000000E-03    0.96687180E-07    0.26984086E-11    0.86365383E-04
    0.64000000E-03    0.97824088E-07    0.27452220E-11    0.86861959E-04
    0.65000000E-03    0.98962839E-07    0.27921606E-11    0.87354228E-04
    0.66000000E-03    0.10011324E-06    0.28395727E-11    0.87845893E-04
    0.67000000E-03    0.10126101E-06    0.28872229E-11    0.88334543E-04
    0.68000000E-03    0.10240635E-06    0.29352079E-11    0.88821224E-04
    0.69000000E-03    0.10355422E-06    0.29837431E-11    0.89308119E-04
    0.70000000E-03    0.10470555E-06    0.30327151E-11    0.89794072E-04
    0.71000000E-03    0.10587148E-06    0.30821100E-11    0.90278952E-04
    0.72000000E-03    0.10704038E-06    0.31318344E-11    0.90761861E-04
    0.73000000E-03    0.10820357E-06    0.31819790E-11    0.91243703E-04
    0.74000000E-03    0.10936413E-06    0.32324784E-11    0.91723863E-04
    0.75000000E-03    0.11052617E-06    0.32830747E-11    0.92199957E-04
    0.76000000E-03    0.11169529E-06    0.33340320E-11    0.92674528E-04
    0.77000000E-03    0.11287523E-06    0.33854987E-11    0.93148961E-04
    0.78000000E-03    0.11405273E-06    0.34372968E-11    0.93621618E-04
    0.79000000E-03    0.11523205E-06    0.34895721E-11    0.94093839E-04
    0.80000000E-03    0.11641620E-06    0.35424777E-11    0.94566977E-04
    0.81000000E-03    0.11759659E-06    0.35955814E-11    0.95037172E-04
    0.82000000E-03    0.11878381E-06    0.36489173E-11    0.95504786E-04
    0.83000000E-03    0.11997735E-06    0.37025539E-11    0.95970464E-04
    0.84000000E-03    0.12117250E-06    0.37565860E-11    0.96435050E-04
    0.85000000E-03    0.12236687E-06    0.38109831E-11    0.96898296E-04
    0.86000000E-03    0.12356038E-06    0.38657853E-11    0.97360555E-04
    0.87000000E-03    0.12475831E-06    0.39210470E-11    0.97822287E-04
    0.88000000E-03    0.12596423E-06    0.39767172E-11    0.98283066E-04
    0.89000000E-03    0.12717552E-06    0.40327263E-11    0.98742332E-04
    0.90000000E-03    0.12839102E-06    0.40892327E-11    0.99201386E-04
    0.91000000E-03    0.12960103E-06    0.41459770E-11    0.99658136E-04
    0.92000000E-03    0.13080374E-06    0.42029073E-11    0.10011221E-03
    0.93000000E-03    0.13201117E-06    0.42602321E-11    0.10056531E-03
    0.94000000E-03    0.13323204E-06    0.43178405E-11    0.10101658E-03
    0.95000000E-03    0.13445691E-06    0.43757961E-11    0.10146653E-03
    0.96000000E-03    0.13568390E-06    0.44343743E-11    0.10191730E-03
    0.97000000E-03    0.13690467E-06    0.44932548E-11    0.10236641E-03
    0.98000000E-03    0.13813279E-06    0.45526459E-11    0.10281546E-03
    0.99000000E-03    0.13936286E-06    0.46123592E-11    0.10326302E-03
    0.10000000E-02    0.14059522E-06    0.46723351E-11    0.10370868E-03
    0.10100000E-02    0.14183443E-06    0.47326887E-11    0.10415332E-03
    0.10200000E-02    0.14307288E-06    0.47933058E-11    0.10459610E-03
    0.10300000E-02    0.14431142E-06    0.48542826E-11    0.10503777E-03
    0.10400000E-02    0.14554899E-06    0.49156762E-11    0.10547873E-03
    0.10500000E-02    0.14678500E-06    0.49773098E-11    0.10591774E-03
    0.10600000E-02    0.14803066E-06    0.50392989E-11    0.10635563E-03
    0.10700000E-02    0.14928528E-06    0.51018317E-11    0.10679375E-03
    0.10800000E-02    0.15054439E-06    0.51648809E-11    0.10723187E-03
    0.10900000E-02    0.15179998E-06    0.52282620E-11    0.10766873E-03
    0.11000000E-02    0.15305428E-06    0.52919559E-11    0.10810419E-03
    0.11100000E-02    0.15430496E-06    0.53559627E-11    0.10853829E-03
    0.11200000E-02    0.15556089E-06    0.54201772E-11    0.10897034E-03
    0.11300000E-02    0.15682364E-06    0.54846002E-11    0.10940037E-03
    0.11400000E-02    0.15809462E-06    0.55495817E-11    0.10983073E-03
    0.11500000E-02    0.15936291E-06    0.56149375E-11    0.11026020E-03
    0.11600000E-02    0.16062799E-06    0.56806781E-11    0.11068885E-03
    0.11700000E-02    0.16189490E-06    0.57468927E-11    0.11111725E-03
    0.11800000E-02    0.16317131E-06    0.58135045E-11    0.11154492E-03
    0.11900000E-02    0.16445379E-06    0.58804399E-11    0.11197139E-03
    0.12000000E-02    0.16573678E-06    0.59477292E-11    0.11239686E-03
    0.12100000E-02    0.16701675E-06    0.60153067E-11    0.11282094E-03
    0.12200000E-02    0.16829796E-06    0.60832400E-11    0.11324406E-03
    0.12300000E-02    0.16957956E-06    0.61514448E-11    0.11366572E-03
    0.12400000E-02    0.17086033E-06    0.62198683E-11    0.11408561E-03
    0.12500000E-02    0.17214678E-06    0.62887346E-11    0.11450511E-03
    0.12600000E-02    0.17344005E-06    0.63578600E-11    0.11492313E-03
    0.12700000E-02    0.17474235E-06    0.64276212E-11    0.11534193E-03
    0.12800000E-02    0.17604267E-06    0.64978931E-11    0.11576075E-03
    0.12900000E-02    0.17728044E-06    0.65685233E-11    0.11617866E-03
    0.13000000E-02    0.17863458E-06    0.66392918E-11    0.11659441E-03
    0.13100000E-02    0.17993345E-06    0.67103571E-11    0.11700893E-03
    0.13200000E-02    0.18123971E-06    0.67817617E-11    0.11742250E-03
    0.13300000E-02    0.18255006E-06    0.68535208E-11    0.11783520E-03
    0.13400000E-02    0.18385802E-06    0.69255635E-11    0.11824665E-03
    0.13500000E-02    0.18516646E-06    0.69980573E-11    0.11865780E-03
    0.13600000E-02    0.18647461E-06    0.70708966E-11    0.11906806E-03
    0.13700000E-02    0.18778367E-06    0.71440565E-11    0.11947731E-03
    0.13800000E-02    0.18910270E-06    0.72176441E-11    0.11988613E-03
    0.13900000E-02    0.19042922E-06    0.72916237E-11    0.12029435E-03
    0.14000000E-02    0.19174178E-06    0.73659657E-11    0.12070179E-03
    0.14100000E-02    0.19307469E-06    0.74406421E-11    0.12110831E-03
    0.14200000E-02    0.19439906E-06    0.75157673E-11    0.12151454E-03
    0.14300000E-02    0.19572195E-06    0.75911743E-11    0.12191958E-03
    0.14400000E-02    0.19704740E-06    0.76667259E-11    0.12232271E-03
    0.14500000E-02    0.19837905E-06    0.77425636E-11    0.12272472E-03
    0.14600000E-02    0.19970978E-06    0.78186734E-11    0.12312554E-03
    0.14700000E-02    0.20104566E-06    0.78953290E-11    0.12352662E-03
    0.14800000E-02    0.20238379E-06    0.79723992E-11    0.12392725E-03
    0.14900000E-02    0.20372047E-06    0.80498294E-11    0.12432716E-03
    0.15000000E-02    0.20505619E-06    0.81276487E-11    0.12472651E-03
    0.15100000E-02    0.20639743E-06    0.82057965E-11    0.12512499E-03
    0.15200000E-02    0.20774896E-06    0.82843056E-11    0.12552277E-03
    0.15300000E-02    0.20910503E-06    0.83632153E-11    0.12592005E-03
    0.15400000E-02    0.21045839E-06    0.84425357E-11    0.12631689E-03
    0.15500000E-02    0.21180583E-06    0.85221008E-11    0.12671247E-03
    0.15600000E-02    0.21315222E-06    0.86018637E-11    0.12710657E-03
    0.15700000E-02    0.21450364E-06    0.86818904E-11    0.12749952E-03
    0.15800000E-02    0.21585999E-06    0.87622214E-11    0.12789156E-03
    0.15900000E-02    0.21722220E-06    0.88429456E-11    0.12828310E-03
    0.16000000E-02    0.21858682E-06    0.89241426E-11    0.12867454E-03
    0.16100000E-02    0.21995086E-06    0.90057622E-11    0.12906563E-03
    0.16200000E-02    0.22131738E-06    0.90878763E-11    0.12945672E-03
    0.16300000E-02    0.22268452E-06    0.91702813E-11    0.12984683E-03
    0.16400000E-02    0.22405188E-06    0.92529671E-11    0.13023593E-03
    0.16500000E-02    0.22542734E-06    0.93360247E-11    0.13062445E-03
    0.16600000E-02    0.22681006E-06    0.94194485E-11    0.13101237E-03
    0.16700000E-02    0.22818893E-06    0.95031347E-11    0.13139921E-03
    0.16800000E-02    0.22956915E-06    0.95871660E-11    0.13178537E-03
    0.16900000E-02    0.23094586E-06    0.96714749E-11    0.13217055E-03
    0.17000000E-02    0.23232139E-06    0.97559642E-11    0.13255431E-03
    0.17100000E-02    0.23370012E-06    0.98407390E-11    0.13293715E-03
    0.17200000E-02    0.23509008E-06    0.99260256E-11    0.13332009E-03
    0.17300000E-02    0.23648125E-06    0.10011614E-10    0.13370218E-03
    0.17400000E-02    0.23787664E-06    0.10097747E-10    0.13408451E-03
    0.17500000E-02    0.23927324E-06    0.10184319E-10    0.13446661E-03
    0.17600000E-02    0.24066673E-06    0.10271135E-10    0.13484762E-03
    0.17700000E-02    0.24205958E-06    0.10358345E-10    0.13522819E-03
    0.17800000E-02    0.24345931E-06    0.10445839E-10    0.13560788E-03
    0.17900000E-02    0.24486852E-06    0.10533631E-10    0.13598672E-03
    0.18000000E-02    0.24627687E-06    0.10621696E-10    0.13636464E-03
    0.18100000E-02    0.24768581E-06    0.10710226E-10    0.13674245E-03
    0.18200000E-02    0.24908931E-06    0.10798884E-10    0.13711872E-03
    0.18300000E-02    0.25049324E-06    0.10887814E-10    0.13749409E-03
    0.18400000E-02    0.25190287E-06    0.10977134E-10    0.13786905E-03
    0.18500000E-02    0.25331405E-06    0.11066697E-10    0.13824300E-03
    0.18600000E-02    0.25472859E-06    0.11156509E-10    0.13861596E-03
    0.18700000E-02    0.25615170E-06    0.11246942E-10    0.13898949E-03
    0.18800000E-02    0.25757472E-06    0.11337685E-10    0.13936228E-03
    0.18900000E-02    0.25900065E-06    0.11428903E-10    0.13973504E-03
    0.19000000E-02    0.26042397E-06    0.11520436E-10    0.14010708E-03
    0.19100000E-02    0.26184816E-06    0.11612070E-10    0.14047758E-03
    0.19200000E-02    0.26327306E-06    0.11704048E-10    0.14084751E-03
    0.19300000E-02    0.26470720E-06    0.11796215E-10    0.14121626E-03
    0.19400000E-02    0.26614704E-06    0.11888701E-10    0.14158435E-03
    0.19500000E-02    0.26758061E-06    0.11981467E-10    0.14195166E-03
    0.19600000E-02    0.26901259E-06    0.12074455E-10    0.14231794E-03
    0.19700000E-02    0.27044157E-06    0.12167730E-10    0.14268346E-03
    0.19800000E-02    0.27187221E-06    0.12261232E-10    0.14304801E-03
    0.19900000E-02    0.27331110E-06    0.12355018E-10    0.14341181E-03
    0.20000000E-02    0.27475337E-06    0.12449055E-10    0.14377474E-03
    0.20100000E-02    0.27619614E-06    0.12543300E-10    0.14413664E-03
    0.20200000E-02    0.27764057E-06    0.12637916E-10    0.14449815E-03
    0.20300000E-02    0.27908548E-06    0.12732832E-10    0.14485900E-03
    0.20400000E-02    0.28052965E-06    0.12827983E-10    0.14521894E-03
    0.20500000E-02    0.28197260E-06    0.12923295E-10    0.14557771E-03
    0.20600000E-02    0.28341556E-06    0.13018680E-10    0.14593500E-03
    0.20700000E-02    0.28486261E-06    0.13114113E-10    0.14629072E-03
    0.20800000E-02    0.28631241E-06    0.13209762E-10    0.14664552E-03
    0.20900000E-02    0.28776071E-06    0.13305467E-10    0.14699882E-03
    0.21000000E-02    0.28920609E-06    0.13401408E-10    0.14735129E-03
    0.21100000E-02    0.29064597E-06    0.13497411E-10    0.14770231E-03
    0.21200000E-02    0.29208431E-06    0.13593512E-10    0.14805203E-03
    0.21300000E-02    0.29352095E-06    0.13689504E-10    0.14839971E-03
    0.21400000E-02    0.29496063E-06    0.13785473E-10    0.14874568E-03
    0.21500000E-02    0.29640284E-06    0.13881470E-10    0.14909015E-03
    0.21600000E-02    0.29784229E-06    0.13977561E-10    0.14943337E-03
    0.21700000E-02    0.29927638E-06    0.14073490E-10    0.14977445E-03
    0.21800000E-02    0.30070882E-06    0.14169522E-10    0.15011434E-03
    0.21900000E-02    0.30213405E-06    0.14265307E-10    0.15045184E-03
    0.22000000E-02    0.30355203E-06    0.14360994E-10    0.15078749E-03
    0.22100000E-02    0.30497902E-06    0.14456524E-10    0.15112110E-03
    0.22200000E-02    0.30640103E-06    0.14551681E-10    0.15145194E-03
    0.22300000E-02    0.30782079E-06    0.14646730E-10    0.15178098E-03
    0.22400000E-02    0.30923142E-06    0.14741609E-10    0.15210801E-03
    0.22500000E-02    0.31063682E-06    0.14836112E-10    0.15243236E-03
    0.22600000E-02    0.31203356E-06    0.14930301E-10    0.15275425E-03
    0.22700000E-02    0.31342287E-06    0.15024095E-10    0.15307346E-03
    0.22800000E-02    0.31480884E-06    0.15117485E-10    0.15338998E-03
    0.22900000E-02    0.31619282E-06    0.15210464E-10    0.15370380E-03
    0.23000000E-02    0.31757227E-06    0.15302980E-10    0.15401480E-03
    0.23100000E-02    0.31894992E-06    0.15395175E-10    0.15432348E-03
    0.23200000E-02    0.32031993E-06    0.15486996E-10    0.15462968E-03
    0.23300000E-02    0.32167931E-06    0.15578220E-10    0.15493269E-03
    0.23400000E-02    0.32303044E-06    0.15668989E-10    0.15523303E-03
    0.23500000E-02    0.32437364E-06    0.15759197E-10    0.15553035E-03
    0.23600000E-02    0.32570618E-06    0.15848690E-10    0.15582421E-03
    0.23700000E-02    0.32703805E-06    0.15937657E-10    0.15611524E-03
    0.23800000E-02    0.32836811E-06    0.16026012E-10    0.15640320E-03
    0.23900000E-02    0.32968884E-06    0.16113716E-10    0.15668799E-03
    0.24000000E-02    0.33099704E-06    0.16200828E-10    0.15696984E-03
    0.10000000E-04    0.31210879E-07    0.52468635E-12    0.50034595E-04
    0.20000000E-04    0.32183508E-07    0.54811777E-12    0.50768589E-04
    0.30000000E-04    0.33244025E-07    0.57409605E-12    0.51558307E-04
    0.40000000E-04    0.34401971E-07    0.60245911E-12    0.52393771E-04
    0.50000000E-04    0.35526007E-07    0.63056845E-12    0.53196273E-04
    0.60000000E-04    0.36703142E-07    0.66046249E-12    0.54023972E-04
    0.70000000E-04    0.37956824E-07    0.69244240E-12    0.54882221E-04
    0.80000000E-04    0.39155431E-07    0.72396006E-12    0.55702583E-04
    0.90000000E-04    0.40320234E-07    0.75555745E-12    0.56501454E-04
    0.10000000E-03    0.41519517E-07    0.78808362E-12    0.57300872E-04
    0.11000000E-03    0.42711894E-07    0.82080915E-12    0.58083288E-04
    0.12000000E-03    0.43949784E-07    0.85558439E-12    0.58892241E-04
    0.13000000E-03    0.45209332E-07    0.89161437E-12    0.59707582E-04
    0.14000000E-03    0.46450987E-07    0.92702397E-12    0.60487753E-04
    0.15000000E-03    0.47684530E-07    0.96326322E-12    0.61265896E-04
    0.16000000E-03    0.48884305E-07    0.99912400E-12    0.62016930E-04
    0.17000000E-03    0.50144111E-07    0.10366261E-11    0.62783355E-04
    0.18000000E-03    0.51413292E-07    0.10747194E-11    0.63543162E-04
    0.19000000E-03    0.52668411E-07    0.11133423E-11    0.64295420E-04
    0.20000000E-03    0.53897415E-07    0.11520490E-11    0.65032051E-04
    0.21000000E-03    0.55146181E-07    0.11912475E-11    0.65761412E-04
    0.22000000E-03    0.56394498E-07    0.12307030E-11    0.66479572E-04
    0.23000000E-03    0.57688065E-07    0.12722605E-11    0.67219583E-04
    0.24000000E-03    0.58978043E-07    0.13139521E-11    0.67945961E-04
    0.25000000E-03    0.60273558E-07    0.13565164E-11    0.68671860E-04
    0.26000000E-03    0.61510268E-07    0.13979821E-11    0.69364566E-04
    0.27000000E-03    0.62776817E-07    0.14404712E-11    0.70060299E-04
    0.28000000E-03    0.64082024E-07    0.14844782E-11    0.70766612E-04
    0.29000000E-03    0.65417527E-07    0.15291929E-11    0.71470126E-04
    0.30000000E-03    0.66741250E-07    0.15746951E-11    0.72172091E-04
    0.31000000E-03    0.68003710E-07    0.16191598E-11    0.72845103E-04
    0.32000000E-03    0.69271931E-07    0.16640715E-11    0.73512489E-04
    0.33000000E-03    0.70594842E-07    0.17105639E-11    0.74190830E-04
    0.34000000E-03    0.71922425E-07    0.17573549E-11    0.74861229E-04
    0.35000000E-03    0.73249324E-07    0.18050943E-11    0.75533062E-04
    0.36000000E-03    0.74582577E-07    0.18539432E-11    0.76208358E-04
    0.37000000E-03    0.75884596E-07    0.19016347E-11    0.76856303E-04
    0.38000000E-03    0.77184940E-07    0.19497531E-11    0.77499162E-04
    0.39000000E-03    0.78495440E-07    0.19988255E-11    0.78143962E-04
    0.40000000E-03    0.79823050E-07    0.20486167E-11    0.78787509E-04
    0.41000000E-03    0.81181618E-07    0.20997992E-11    0.79438259E-04
    0.42000000E-03    0.82561964E-07    0.21520374E-11    0.80091618E-04
    0.43000000E-03    0.83869904E-07    0.22025999E-11    0.80714024E-04
    0.44000000E-03    0.85180528E-07    0.22540605E-11    0.81337781E-04
    0.45000000E-03    0.86500606E-07    0.23059159E-11    0.81956792E-04
    0.46000000E-03    0.87873219E-07    0.23592637E-11    0.82584009E-04
    0.47000000E-03    0.89239212E-07    0.24127610E-11    0.83203558E-04
    0.48000000E-03    0.90608596E-07    0.24675299E-11    0.83828419E-04
    0.49000000E-03    0.91955234E-07    0.25218326E-11    0.84438897E-04
    0.50000000E-03    0.93316327E-07    0.25766674E-11    0.85046528E-04
    0.51000000E-03    0.94663592E-07    0.26317000E-11    0.85647743E-04
    0.52000000E-03    0.96045108E-07    0.26880596E-11    0.86254831E-04
    0.53000000E-03    0.97404186E-07    0.27442097E-11    0.86851282E-04
    0.54000000E-03    0.98789890E-07    0.28015196E-11    0.87451719E-04
    0.55000000E-03    0.10017957E-06    0.28592493E-11    0.88048333E-04
    0.56000000E-03    0.10155429E-06    0.29169188E-11    0.88636360E-04
    0.57000000E-03    0.10291387E-06    0.29746225E-11    0.89217028E-04
    0.58000000E-03    0.10428808E-06    0.30338656E-11    0.89805425E-04
    0.59000000E-03    0.10567749E-06    0.30929455E-11    0.90384623E-04
    0.60000000E-03    0.10708126E-06    0.31527190E-11    0.90963163E-04
    0.61000000E-03    0.10848996E-06    0.32135027E-11    0.91544028E-04
    0.62000000E-03    0.10986458E-06    0.32738254E-11    0.92113292E-04
    0.63000000E-03    0.11125108E-06    0.33348400E-11    0.92682015E-04
    0.64000000E-03    0.11265961E-06    0.33968907E-11    0.93253324E-04
    0.65000000E-03    0.11405774E-06    0.34586988E-11    0.93815525E-04
    0.66000000E-03    0.11544459E-06    0.35212176E-11    0.94377417E-04
    0.67000000E-03    0.11685984E-06    0.35845012E-11    0.94939449E-04
    0.68000000E-03    0.11829037E-06    0.36487879E-11    0.95503657E-04
    0.69000000E-03    0.11971137E-06    0.37125651E-11    0.96056883E-04
    0.70000000E-03    0.12113428E-06    0.37772869E-11    0.96611863E-04
    0.71000000E-03    0.12254647E-06    0.38422141E-11    0.97162270E-04
    0.72000000E-03    0.12395454E-06    0.39074994E-11    0.97709495E-04
    0.73000000E-03    0.12535383E-06    0.39734154E-11    0.98255858E-04
    0.74000000E-03    0.12680523E-06    0.40399727E-11    0.98801440E-04
    0.75000000E-03    0.12825355E-06    0.41070553E-11    0.99345298E-04
    0.76000000E-03    0.12969034E-06    0.41741497E-11    0.99883359E-04
    0.77000000E-03    0.13112434E-06    0.42423775E-11    0.10042463E-03
    0.78000000E-03    0.13254152E-06    0.43102281E-11    0.10095718E-03
    0.79000000E-03    0.13397240E-06    0.43784125E-11    0.10148675E-03
    0.80000000E-03    0.13542065E-06    0.44475880E-11    0.10201843E-03
    0.81000000E-03    0.13684693E-06    0.45170813E-11    0.10254703E-03
    0.82000000E-03    0.13829410E-06    0.45871468E-11    0.10307452E-03
    0.83000000E-03    0.13976513E-06    0.46579919E-11    0.10360245E-03
    0.84000000E-03    0.14123013E-06    0.47294645E-11    0.10412966E-03
    0.85000000E-03    0.14268463E-06    0.48007980E-11    0.10465057E-03
    0.86000000E-03    0.14414544E-06    0.48727817E-11    0.10517103E-03
    0.87000000E-03    0.14558840E-06    0.49454140E-11    0.10569100E-03
    0.88000000E-03    0.14704534E-06    0.50178946E-11    0.10620484E-03
    0.89000000E-03    0.14848971E-06    0.50911966E-11    0.10671949E-03
    0.90000000E-03    0.14998324E-06    0.51654966E-11    0.10723614E-03
    0.91000000E-03    0.15148566E-06    0.52398672E-11    0.10774833E-03
    0.92000000E-03    0.15296665E-06    0.53151822E-11    0.10826212E-03
    0.93000000E-03    0.15441481E-06    0.53906198E-11    0.10877190E-03
    0.94000000E-03    0.15591659E-06    0.54662908E-11    0.10927850E-03
    0.95000000E-03    0.15738353E-06    0.55423456E-11    0.10978298E-03
    0.96000000E-03    0.15886240E-06    0.56184027E-11    0.11028288E-03
    0.97000000E-03    0.16035029E-06    0.56955239E-11    0.11078519E-03
    0.98000000E-03    0.16182242E-06    0.57729065E-11    0.11128466E-03
    0.99000000E-03    0.16332914E-06    0.58510549E-11    0.11178457E-03
    0.10000000E-02    0.16484930E-06    0.59297778E-11    0.11228367E-03
    0.10100000E-02    0.16635218E-06    0.60089460E-11    0.11278116E-03
    0.10200000E-02    0.16783525E-06    0.60883307E-11    0.11327564E-03
    0.10300000E-02    0.16933472E-06    0.61677352E-11    0.11376597E-03
    0.10400000E-02    0.17082848E-06    0.62480612E-11    0.11425772E-03
    0.10500000E-02    0.17233598E-06    0.63289652E-11    0.11474877E-03
    0.10600000E-02    0.17384819E-06    0.64101980E-11    0.11523762E-03
    0.10700000E-02    0.17536005E-06    0.64915962E-11    0.11572334E-03
    0.10800000E-02    0.17688395E-06    0.65740241E-11    0.11621109E-03
    0.10900000E-02    0.17839354E-06    0.66564305E-11    0.11669465E-03
    0.11000000E-02    0.17991900E-06    0.67391346E-11    0.11717596E-03
    0.11100000E-02    0.18145073E-06    0.68229074E-11    0.11765949E-03
    0.11200000E-02    0.18296789E-06    0.69063245E-11    0.11813705E-03
    0.11300000E-02    0.18448344E-06    0.69906514E-11    0.11861593E-03
    0.11400000E-02    0.18599656E-06    0.70751427E-11    0.11909189E-03
    0.11500000E-02    0.18751184E-06    0.71602700E-11    0.11956762E-03
    0.11600000E-02    0.18905742E-06    0.72462873E-11    0.12004451E-03
    0.11700000E-02    0.19060801E-06    0.73323387E-11    0.12051783E-03
    0.11800000E-02    0.19214801E-06    0.74187108E-11    0.12098920E-03
    0.11900000E-02    0.19370013E-06    0.75060281E-11    0.12146203E-03
    0.12000000E-02    0.19525502E-06    0.75934592E-11    0.12193181E-03
    0.12100000E-02    0.19675884E-06    0.76811690E-11    0.12239948E-03
    0.12200000E-02    0.19831417E-06    0.77694221E-11    0.12286647E-03
    0.12300000E-02    0.19986130E-06    0.78579998E-11    0.12333163E-03
    0.12400000E-02    0.20139640E-06    0.79470869E-11    0.12379595E-03
    0.12500000E-02    0.20294052E-06    0.80365652E-11    0.12425884E-03
    0.12600000E-02    0.20450380E-06    0.81266408E-11    0.12472135E-03
    0.12700000E-02    0.20605998E-06    0.82172010E-11    0.12518293E-03
    0.12800000E-02    0.20761674E-06    0.83083381E-11    0.12564403E-03
    0.12900000E-02    0.20921335E-06    0.83999412E-11    0.12610410E-03
    0.13000000E-02    0.21079224E-06    0.84919209E-11    0.12656271E-03
    0.13100000E-02    0.21232464E-06    0.85842966E-11    0.12701998E-03
    0.13200000E-02    0.21390384E-06    0.86767236E-11    0.12747423E-03
    0.13300000E-02    0.21545690E-06    0.87693704E-11    0.12792633E-03
    0.13400000E-02    0.21702637E-06    0.88633107E-11    0.12838150E-03
    0.13500000E-02    0.21860947E-06    0.89571797E-11    0.12883313E-03
    0.13600000E-02    0.22019448E-06    0.90519796E-11    0.12928605E-03
    0.13700000E-02    0.22177861E-06    0.91469881E-11    0.12973680E-03
    0.13800000E-02    0.22335840E-06    0.92426139E-11    0.13018733E-03
    0.13900000E-02    0.22494961E-06    0.93389392E-11    0.13063804E-03
    0.14000000E-02    0.22655050E-06    0.94351632E-11    0.13108518E-03
    0.14100000E-02    0.22814159E-06    0.95319226E-11    0.13153176E-03
    0.14200000E-02    0.22972405E-06    0.96290869E-11    0.13197718E-03
    0.14300000E-02    0.23132628E-06    0.97264587E-11    0.13242055E-03
    0.14400000E-02    0.23290656E-06    0.98244851E-11    0.13286392E-03
    0.14500000E-02    0.23451494E-06    0.99229838E-11    0.13330647E-03
    0.14600000E-02    0.23611334E-06    0.10022257E-10    0.13374954E-03
    0.14700000E-02    0.23772790E-06    0.10121989E-10    0.13419173E-03
    0.14800000E-02    0.23935534E-06    0.10222051E-10    0.13463247E-03
    0.14900000E-02    0.24096637E-06    0.10322689E-10    0.13507285E-03
    0.15000000E-02    0.24257650E-06    0.10423727E-10    0.13551212E-03
    0.15100000E-02    0.24417955E-06    0.10525100E-10    0.13595000E-03
    0.15200000E-02    0.24580128E-06    0.10626628E-10    0.13638574E-03
    0.15300000E-02    0.24745511E-06    0.10728913E-10    0.13682193E-03
    0.15400000E-02    0.24906696E-06    0.10831342E-10    0.13725596E-03
    0.15500000E-02    0.25067794E-06    0.10934381E-10    0.13768983E-03
    0.15600000E-02    0.25230381E-06    0.11037737E-10    0.13812230E-03
    0.15700000E-02    0.25394337E-06    0.11141792E-10    0.13855498E-03
    0.15800000E-02    0.25556987E-06    0.11246388E-10    0.13898720E-03
    0.15900000E-02    0.25723348E-06    0.11351380E-10    0.13941837E-03
    0.16000000E-02    0.25886867E-06    0.11456793E-10    0.13984861E-03
    0.16100000E-02    0.26050260E-06    0.11562530E-10    0.14027752E-03
    0.16200000E-02    0.26214554E-06    0.11668752E-10    0.14070578E-03
    0.16300000E-02    0.26378669E-06    0.11775545E-10    0.14113372E-03
    0.16400000E-02    0.26543645E-06    0.11882162E-10    0.14155839E-03
    0.16500000E-02    0.26710865E-06    0.11989547E-10    0.14198356E-03
    0.16600000E-02    0.26876380E-06    0.12097679E-10    0.14240912E-03
    0.16700000E-02    0.27040533E-06    0.12205698E-10    0.14283172E-03
    0.16800000E-02    0.27206173E-06    0.12314450E-10    0.14325468E-03
    0.16900000E-02    0.27372569E-06    0.12423531E-10    0.14367642E-03
    0.17000000E-02    0.27539580E-06    0.12533339E-10    0.14409848E-03
    0.17100000E-02    0.27707425E-06    0.12643242E-10    0.14451844E-03
    0.17200000E-02    0.27874339E-06    0.12753521E-10    0.14493741E-03
    0.17300000E-02    0.28040830E-06    0.12864164E-10    0.14535534E-03
    0.17400000E-02    0.28205081E-06    0.12974866E-10    0.14577110E-03
    0.17500000E-02    0.28372612E-06    0.13085856E-10    0.14618557E-03
    0.17600000E-02    0.28540231E-06    0.13196753E-10    0.14659737E-03
    0.17700000E-02    0.28706985E-06    0.13307844E-10    0.14700757E-03
    0.17800000E-02    0.28873214E-06    0.13419333E-10    0.14741696E-03
    0.17900000E-02    0.29038859E-06    0.13531084E-10    0.14782503E-03
    0.18000000E-02    0.29205127E-06    0.13642877E-10    0.14823103E-03
    0.18100000E-02    0.29371981E-06    0.13754877E-10    0.14863555E-03
    0.18200000E-02    0.29538763E-06    0.13867084E-10    0.14903863E-03
    0.18300000E-02    0.29704748E-06    0.13979284E-10    0.14943951E-03
    0.18400000E-02    0.29869814E-06    0.14091684E-10    0.14983896E-03
    0.18500000E-02    0.30036033E-06    0.14203551E-10    0.15023442E-03
    0.18600000E-02    0.30199894E-06    0.14315478E-10    0.15062801E-03
    0.18700000E-02    0.30363207E-06    0.14427151E-10    0.15101868E-03
    0.18800000E-02    0.30528480E-06    0.14538705E-10    0.15140691E-03
    0.18900000E-02    0.30691833E-06    0.14649951E-10    0.15179211E-03
    0.19000000E-02    0.30853195E-06    0.14760741E-10    0.15217379E-03
    0.19100000E-02    0.31015353E-06    0.14871335E-10    0.15255289E-03
    0.19200000E-02    0.31175452E-06    0.14981327E-10    0.15292808E-03
    0.19300000E-02    0.31334612E-06    0.15090612E-10    0.15329903E-03
    0.19400000E-02    0.31492236E-06    0.15199224E-10    0.15366593E-03
    0.19500000E-02    0.31650302E-06    0.15307643E-10    0.15403045E-03
    0.19600000E-02    0.31809310E-06    0.15415478E-10    0.15439129E-03
    0.19700000E-02    0.31964976E-06    0.15522221E-10    0.15474683E-03
    0.19800000E-02    0.32120078E-06    0.15628479E-10    0.15509913E-03
    0.19900000E-02    0.32272029E-06    0.15733432E-10    0.15544555E-03
    0.20000000E-02    0.32426861E-06    0.15837771E-10    0.15578841E-03
    0.20100000E-02    0.32579288E-06    0.15941322E-10    0.15612720E-03
    0.20200000E-02    0.32735891E-06    0.16043925E-10    0.15646144E-03
    0.20300000E-02    0.32891296E-06    0.16145559E-10    0.15679113E-03
    0.20400000E-02    0.33045323E-06    0.16246453E-10    0.15711705E-03
    0.20500000E-02    0.33198965E-06    0.16346128E-10    0.15743771E-03
    0.20600000E-02    0.33349094E-06    0.16445139E-10    0.15775494E-03
    0.20700000E-02    0.33496039E-06    0.16542515E-10    0.15806570E-03
    0.20800000E-02    0.33638621E-06    0.16638753E-10    0.15837163E-03
    0.20900000E-02    0.33774817E-06    0.16733892E-10    0.15867291E-03
    0.21000000E-02    0.33898755E-06    0.16827942E-10    0.15896962E-03
    0.21100000E-02    0.34010447E-06    0.16920881E-10    0.15926174E-03
    0.21200000E-02    0.34107147E-06    0.17012466E-10    0.15954856E-03
    0.21300000E-02    0.34182840E-06    0.17103079E-10    0.15983132E-03
    0.21400000E-02    0.34230043E-06    0.17192319E-10    0.16010883E-03
    0.21500000E-02    0.34249361E-06    0.17280870E-10    0.16038324E-03
    0.21600000E-02    0.34269961E-06    0.17367947E-10    0.16065218E-03
    0.21700000E-02    0.34358815E-06    0.17454548E-10    0.16091876E-03
    0.21800000E-02    0.34555208E-06    0.17541005E-10    0.16118401E-03
    0.21900000E-02    0.34777166E-06    0.17626774E-10    0.16144629E-03
    0.22000000E-02    0.34993906E-06    0.17712306E-10    0.16170700E-03
    0.22100000E-02    0.35200498E-06    0.17797426E-10    0.16196563E-03
    0.10000000E-04    0.31210879E-07    0.52468635E-12    0.50034595E-04
    0.20000000E-04    0.32201689E-07    0.54852900E-12    0.50781282E-04
    0.30000000E-04    0.33182663E-07    0.57252904E-12    0.51511355E-04
    0.40000000E-04    0.34201433E-07    0.59739692E-12    0.52246611E-04
    0.50000000E-04    0.35207586E-07    0.62232085E-12    0.52963326E-04
    0.60000000E-04    0.36223513E-07    0.64781323E-12    0.53676856E-04
    0.70000000E-04    0.37242324E-07    0.67355935E-12    0.54378733E-04
    0.80000000E-04    0.38275965E-07    0.69986064E-12    0.55077513E-04
    0.90000000E-04    0.39300845E-07    0.72675834E-12    0.55774259E-04
    0.10000000E-03    0.40331720E-07    0.75446008E-12    0.56474087E-04
    0.11000000E-03    0.41364921E-07    0.78239676E-12    0.57162710E-04
    0.12000000E-03    0.42412853E-07    0.81084823E-12    0.57847375E-04
    0.13000000E-03    0.43450864E-07    0.83958252E-12    0.58522777E-04
    0.14000000E-03    0.44484454E-07    0.86867250E-12    0.59191020E-04
    0.15000000E-03    0.45531894E-07    0.89844427E-12    0.59859651E-04
    0.16000000E-03    0.46591812E-07    0.92868935E-12    0.60523953E-04
    0.17000000E-03    0.47639483E-07    0.95929673E-12    0.61181687E-04
    0.18000000E-03    0.48678109E-07    0.99017210E-12    0.61831155E-04
    0.19000000E-03    0.49741938E-07    0.10216886E-11    0.62480331E-04
    0.20000000E-03    0.50812189E-07    0.10534810E-11    0.63121800E-04
    0.21000000E-03    0.51872682E-07    0.10855796E-11    0.63756483E-04
    0.22000000E-03    0.52944493E-07    0.11184566E-11    0.64393720E-04
    0.23000000E-03    0.54007778E-07    0.11516810E-11    0.65025125E-04
    0.24000000E-03    0.55101679E-07    0.11857405E-11    0.65659919E-04
    0.25000000E-03    0.56183088E-07    0.12196261E-11    0.66279522E-04
    0.26000000E-03    0.57273712E-07    0.12543016E-11    0.66901797E-04
    0.27000000E-03    0.58362639E-07    0.12893130E-11    0.67518572E-04
    0.28000000E-03    0.59454509E-07    0.13245571E-11    0.68128269E-04
    0.29000000E-03    0.60560365E-07    0.13604715E-11    0.68738536E-04
    0.30000000E-03    0.61671853E-07    0.13971245E-11    0.69350378E-04
    0.31000000E-03    0.62772780E-07    0.14339775E-11    0.69954862E-04
    0.32000000E-03    0.63872504E-07    0.14709723E-11    0.70551345E-04
    0.33000000E-03    0.64992302E-07    0.15084481E-11    0.71145470E-04
    0.34000000E-03    0.66124248E-07    0.15466496E-11    0.71741057E-04
    0.35000000E-03    0.67239742E-07    0.15850881E-11    0.72330522E-04
    0.36000000E-03    0.68361416E-07    0.16240434E-11    0.72918268E-04
    0.37000000E-03    0.69493629E-07    0.16636037E-11    0.73505599E-04
    0.38000000E-03    0.70633403E-07    0.17035948E-11    0.74089939E-04
    0.39000000E-03    0.71776108E-07    0.17438912E-11    0.74669560E-04
    0.40000000E-03    0.72912996E-07    0.17844389E-11    0.75243853E-04
    0.41000000E-03    0.74053859E-07    0.18256444E-11    0.75818618E-04
    0.42000000E-03    0.75203109E-07    0.18670964E-11    0.76388160E-04
    0.43000000E-03    0.76366875E-07    0.19092569E-11    0.76958853E-04
    0.44000000E-03    0.77530286E-07    0.19520405E-11    0.77529456E-04
    0.45000000E-03    0.78681840E-07    0.19948443E-11    0.78092046E-04
    0.46000000E-03    0.79848414E-07    0.20384758E-11    0.78657290E-04
    0.47000000E-03    0.81026026E-07    0.20824508E-11    0.79218883E-04
    0.48000000E-03    0.82210761E-07    0.21268271E-11    0.79777641E-04
    0.49000000E-03    0.83390434E-07    0.21715233E-11    0.80332626E-04
    0.50000000E-03    0.84570074E-07    0.22169342E-11    0.80888739E-04
    0.51000000E-03    0.85747857E-07    0.22624616E-11    0.81438707E-04
    0.52000000E-03    0.86944617E-07    0.23086728E-11    0.81989441E-04
    0.53000000E-03    0.88143588E-07    0.23553260E-11    0.82538038E-04
    0.54000000E-03    0.89341102E-07    0.24024469E-11    0.83084829E-04
    0.55000000E-03    0.90540812E-07    0.24499190E-11    0.83628512E-04
    0.56000000E-03    0.91748481E-07    0.24979328E-11    0.84171303E-04
    0.57000000E-03    0.92956620E-07    0.25461628E-11    0.84709579E-04
    0.58000000E-03    0.94171794E-07    0.25948716E-11    0.85246342E-04
    0.59000000E-03    0.95402654E-07    0.26446268E-11    0.85787747E-04
    0.60000000E-03    0.96614897E-07    0.26943635E-11    0.86322205E-04
    0.61000000E-03    0.97832660E-07    0.27445286E-11    0.86854645E-04
    0.62000000E-03    0.99063204E-07    0.27950682E-11    0.87384540E-04
    0.63000000E-03    0.10030584E-06    0.28462426E-11    0.87914620E-04
    0.64000000E-03    0.10154274E-06    0.28978033E-11    0.88442314E-04
    0.65000000E-03    0.10277402E-06    0.29495500E-11    0.88965656E-04
    0.66000000E-03    0.10400834E-06    0.30018838E-11    0.89488746E-04
    0.67000000E-03    0.10525113E-06    0.30546037E-11    0.90009584E-04
    0.68000000E-03    0.10650515E-06    0.31078266E-11    0.90529347E-04
    0.69000000E-03    0.10775693E-06    0.31615164E-11    0.91047692E-04
    0.70000000E-03    0.10900599E-06    0.32156294E-11    0.91564219E-04
    0.71000000E-03    0.11026590E-06    0.32704084E-11    0.92081233E-04
    0.72000000E-03    0.11152821E-06    0.33253680E-11    0.92594182E-04
    0.73000000E-03    0.11280206E-06    0.33809326E-11    0.93107064E-04
    0.74000000E-03    0.11407224E-06    0.34368605E-11    0.93617657E-04
    0.75000000E-03    0.11534410E-06    0.34932282E-11    0.94126689E-04
    0.76000000E-03    0.11662172E-06    0.35503341E-11    0.94636834E-04
    0.77000000E-03    0.11789967E-06    0.36077607E-11    0.95144357E-04
    0.78000000E-03    0.11918500E-06    0.36654120E-11    0.95648478E-04
    0.79000000E-03    0.12048528E-06    0.37238747E-11    0.96154324E-04
    0.80000000E-03    0.12177886E-06    0.37825562E-11    0.96656766E-04
    0.81000000E-03    0.12307138E-06    0.38418670E-11    0.97159344E-04
    0.82000000E-03    0.12435811E-06    0.39011814E-11    0.97656805E-04
    0.83000000E-03    0.12566002E-06    0.39611237E-11    0.98154436E-04
    0.84000000E-03    0.12697429E-06    0.40218156E-11    0.98653201E-04
    0.85000000E-03    0.12828556E-06    0.40827560E-11    0.99148985E-04
    0.86000000E-03    0.12959109E-06    0.41439931E-11    0.99642237E-04
    0.87000000E-03    0.13090112E-06    0.42058642E-11    0.10013569E-03
    0.88000000E-03    0.13221507E-06    0.42681052E-11    0.10062723E-03
    0.89000000E-03    0.13354152E-06    0.43307226E-11    0.10111694E-03
    0.90000000E-03    0.13486221E-06    0.43934657E-11    0.10160292E-03
    0.91000000E-03    0.13618639E-06    0.44570178E-11    0.10209048E-03
    0.92000000E-03    0.13751399E-06    0.45210464E-11    0.10257703E-03
    0.93000000E-03    0.13884242E-06    0.45853811E-11    0.10306130E-03
    0.94000000E-03    0.14017759E-06    0.46502194E-11    0.10354480E-03
    0.95000000E-03    0.14151939E-06    0.47153778E-11    0.10402617E-03
    0.96000000E-03    0.14286687E-06    0.47812095E-11    0.10450804E-03
    0.97000000E-03    0.14421677E-06    0.48475432E-11    0.10498914E-03
    0.98000000E-03    0.14556303E-06    0.49142944E-11    0.10546884E-03
    0.99000000E-03    0.14690491E-06    0.49812551E-11    0.10594571E-03
    0.10000000E-02    0.14825955E-06    0.50485814E-11    0.10642090E-03
    0.10100000E-02    0.14962501E-06    0.51166169E-11    0.10689681E-03
    0.10200000E-02    0.15098858E-06    0.51850651E-11    0.10737138E-03
    0.10300000E-02    0.15234910E-06    0.52539594E-11    0.10784484E-03
    0.10400000E-02    0.15371034E-06    0.53232755E-11    0.10831704E-03
    0.10500000E-02    0.15507961E-06    0.53929707E-11    0.10878771E-03
    0.10600000E-02    0.15645586E-06    0.54630899E-11    0.10925716E-03
    0.10700000E-02    0.15782951E-06    0.55334974E-11    0.10972452E-03
    0.10800000E-02    0.15920739E-06    0.56044502E-11    0.11019151E-03
    0.10900000E-02    0.16058038E-06    0.56756966E-11    0.11065648E-03
    0.11000000E-02    0.16195910E-06    0.57476054E-11    0.11112185E-03
    0.11100000E-02    0.16334744E-06    0.58199677E-11    0.11158624E-03
    0.11200000E-02    0.16473891E-06    0.58925186E-11    0.11204800E-03
    0.11300000E-02    0.16613550E-06    0.59657120E-11    0.11251003E-03
    0.11400000E-02    0.16753559E-06    0.60395888E-11    0.11297255E-03
    0.11500000E-02    0.16893067E-06    0.61136795E-11    0.11343263E-03
    0.11600000E-02    0.17033049E-06    0.61883194E-11    0.11389239E-03
    0.11700000E-02    0.17172776E-06    0.62630862E-11    0.11434923E-03
    0.11800000E-02    0.17313247E-06    0.63381316E-11    0.11480414E-03
    0.11900000E-02    0.17454377E-06    0.64138087E-11    0.11525925E-03
    0.12000000E-02    0.17595510E-06    0.64901124E-11    0.11571452E-03
    0.12100000E-02    0.17736549E-06    0.65667850E-11    0.11616841E-03
    0.12200000E-02    0.17877718E-06    0.66439016E-11    0.11662138E-03
    0.12300000E-02    0.18019757E-06    0.67212316E-11    0.11707210E-03
    0.12400000E-02    0.18162811E-06    0.67992865E-11    0.11752355E-03
    0.12500000E-02    0.18305483E-06    0.68776984E-11    0.11797360E-03
    0.12600000E-02    0.18447693E-06    0.69563704E-11    0.11842172E-03
    0.12700000E-02    0.18590227E-06    0.70355405E-11    0.11886928E-03
    0.12800000E-02    0.18732865E-06    0.71149932E-11    0.11931507E-03
    0.12900000E-02    0.18876218E-06    0.71949010E-11    0.11976008E-03
    0.13000000E-02    0.19020165E-06    0.72752197E-11    0.12020407E-03
    0.13100000E-02    0.19164695E-06    0.73562062E-11    0.12064845E-03
    0.13200000E-02    0.19309507E-06    0.74376418E-11    0.12109203E-03
    0.13300000E-02    0.19453453E-06    0.75193413E-11    0.12153380E-03
    0.13400000E-02    0.19597734E-06    0.76014735E-11    0.12197469E-03
    0.13500000E-02    0.19742825E-06    0.76839042E-11    0.12241401E-03
    0.13600000E-02    0.19888443E-06    0.77667051E-11    0.12285214E-03
    0.13700000E-02    0.20034359E-06    0.78500551E-11    0.12329005E-03
    0.13800000E-02    0.20179903E-06    0.79337670E-11    0.12372675E-03
    0.13900000E-02    0.20324884E-06    0.80176925E-11    0.12416149E-03
    0.14000000E-02    0.20470327E-06    0.81021500E-11    0.12459594E-03
    0.14100000E-02    0.20616918E-06    0.81871791E-11    0.12503029E-03
    0.14200000E-02    0.20764389E-06    0.82725717E-11    0.12546347E-03
    0.14300000E-02    0.20912364E-06    0.83585932E-11    0.12589685E-03
    0.14400000E-02    0.21059668E-06    0.84449880E-11    0.12632912E-03
    0.14500000E-02    0.21207261E-06    0.85319106E-11    0.12676107E-03
    0.14600000E-02    0.21354250E-06    0.86187749E-11    0.12718981E-03
    0.14700000E-02    0.21501974E-06    0.87060740E-11    0.12761780E-03
    0.14800000E-02    0.21650824E-06    0.87939442E-11    0.12804571E-03
    0.14900000E-02    0.21799549E-06    0.88821897E-11    0.12847259E-03
    0.15000000E-02    0.21948524E-06    0.89710317E-11    0.12889951E-03
    0.15100000E-02    0.22097366E-06    0.90602094E-11    0.12932521E-03
    0.15200000E-02    0.22246155E-06    0.91496436E-11    0.12974935E-03
    0.15300000E-02    0.22395195E-06    0.92395254E-11    0.13017283E-03
    0.15400000E-02    0.22545576E-06    0.93300289E-11    0.13059648E-03
    0.15500000E-02    0.22696505E-06    0.94208248E-11    0.13101875E-03
    0.15600000E-02    0.22847157E-06    0.95119145E-11    0.13143967E-03
    0.15700000E-02    0.22997676E-06    0.96036560E-11    0.13186089E-03
    0.15800000E-02    0.23147740E-06    0.96957771E-11    0.13228116E-03
    0.15900000E-02    0.23298422E-06    0.97880819E-11    0.13269961E-03
    0.16000000E-02    0.23449781E-06    0.98806486E-11    0.13311662E-03
    0.16100000E-02    0.23601909E-06    0.99738755E-11    0.13353398E-03
    0.16200000E-02    0.23754038E-06    0.10067544E-10    0.13395070E-03
    0.16300000E-02    0.23905541E-06    0.10161433E-10    0.13436581E-03
    0.16400000E-02    0.24057623E-06    0.10255869E-10    0.13478078E-03
    0.16500000E-02    0.24210330E-06    0.10350881E-10    0.13519571E-03
    0.16600000E-02    0.24363291E-06    0.10446096E-10    0.13560899E-03
    0.16700000E-02    0.24516801E-06    0.10541659E-10    0.13602126E-03
    0.16800000E-02    0.24670996E-06    0.10637870E-10    0.13643381E-03
    0.16900000E-02    0.24825087E-06    0.10734535E-10    0.13684582E-03
    0.17000000E-02    0.24978817E-06    0.10831410E-10    0.13725625E-03
    0.17100000E-02    0.25132329E-06    0.10928590E-10    0.13766552E-03
    0.17200000E-02    0.25285957E-06    0.11025919E-10    0.13807299E-03
    0.17300000E-02    0.25440978E-06    0.11123719E-10    0.13848003E-03
    0.17400000E-02    0.25595990E-06    0.11221895E-10    0.13888623E-03
    0.17500000E-02    0.25751141E-06    0.11320598E-10    0.13929224E-03
    0.17600000E-02    0.25906344E-06    0.11419779E-10    0.13969784E-03
    0.17700000E-02    0.26061170E-06    0.11519122E-10    0.14010176E-03
    0.17800000E-02    0.26216724E-06    0.11619054E-10    0.14050574E-03
    0.17900000E-02    0.26373308E-06    0.11719435E-10    0.14090920E-03
    0.18000000E-02    0.26530810E-06    0.11820326E-10    0.14131240E-03
    0.18100000E-02    0.26687816E-06    0.11921319E-10    0.14171372E-03
    0.18200000E-02    0.26844585E-06    0.12022734E-10    0.14211444E-03
    0.18300000E-02    0.27001361E-06    0.12124632E-10    0.14251481E-03
    0.18400000E-02    0.27158184E-06    0.12226685E-10    0.14291354E-03
    0.18500000E-02    0.27315368E-06    0.12328885E-10    0.14331063E-03
    0.18600000E-02    0.27473142E-06    0.12431516E-10    0.14370719E-03
    0.18700000E-02    0.27631290E-06    0.12534494E-10    0.14410290E-03
    0.18800000E-02    0.27789181E-06    0.12637755E-10    0.14449754E-03
    0.18900000E-02    0.27947345E-06    0.12741551E-10    0.14489205E-03
    0.19000000E-02    0.28105262E-06    0.12845507E-10    0.14528503E-03
    0.19100000E-02    0.28263330E-06    0.12949828E-10    0.14567727E-03
    0.19200000E-02    0.28421948E-06    0.13054320E-10    0.14606805E-03
    0.19300000E-02    0.28581237E-06    0.13159206E-10    0.14645820E-03
    0.19400000E-02    0.28741248E-06    0.13264363E-10    0.14684729E-03
    0.19500000E-02    0.28900139E-06    0.13369645E-10    0.14723479E-03
    0.19600000E-02    0.29058188E-06    0.13474943E-10    0.14762031E-03
    0.19700000E-02    0.29216682E-06    0.13580705E-10    0.14800552E-03
    0.19800000E-02    0.29375884E-06    0.13686492E-10    0.14838882E-03
    0.19900000E-02    0.29535076E-06    0.13792222E-10    0.14876995E-03
    0.20000000E-02    0.29694246E-06    0.13898357E-10    0.14915058E-03
    0.20100000E-02    0.29853066E-06    0.14004371E-10    0.14952885E-03
    0.20200000E-02    0.30011495E-06    0.14110497E-10    0.14990562E-03
    0.20300000E-02    0.30169630E-06    0.14216598E-10    0.15028040E-03
    0.20400000E-02    0.30327691E-06    0.14322740E-10    0.15065348E-03
    0.20500000E-02    0.30485697E-06    0.14428796E-10    0.15102441E-03
    0.20600000E-02    0.30643513E-06    0.14534589E-10    0.15139262E-03
    0.20700000E-02    0.30801158E-06    0.14640543E-10    0.15175961E-03
    0.20800000E-02    0.30958830E-06    0.14746244E-10    0.15212395E-03
    0.20900000E-02    0.31115893E-06    0.14851734E-10    0.15248584E-03
    0.21000000E-02    0.31271645E-06    0.14957105E-10    0.15284561E-03
    0.21100000E-02    0.31426944E-06    0.15062170E-10    0.15320266E-03
    0.21200000E-02    0.31582993E-06    0.15167008E-10    0.15355729E-03
    0.21300000E-02    0.31738491E-06    0.15271396E-10    0.15390877E-03
    0.21400000E-02    0.31892953E-06    0.15375404E-10    0.15425739E-03
    0.21500000E-02    0.32046924E-06    0.15479334E-10    0.15460418E-03
    0.21600000E-02    0.32199951E-06    0.15582677E-10    0.15494747E-03
    0.21700000E-02    0.32352034E-06    0.15685416E-10    0.15528725E-03
    0.21800000E-02    0.32503811E-06    0.15787841E-10    0.15562453E-03
    0.21900000E-02    0.32655117E-06    0.15889668E-10    0.15595839E-03
    0.22000000E-02    0.32806174E-06    0.15991096E-10    0.15628953E-03
    0.22100000E-02    0.32956420E-06    0.16091798E-10    0.15661691E-03
    0.22200000E-02    0.33105909E-06    0.16191971E-10    0.15694122E-03
    0.22300000E-02    0.33254162E-06    0.16291412E-10    0.15726185E-03
    0.22400000E-02    0.33400843E-06    0.16390104E-10    0.15757877E-03
    0.22500000E-02    0.33546377E-06    0.16488109E-10    0.15789223E-03
    0.22600000E-02    0.33691138E-06    0.16585268E-10    0.15820176E-03
    0.22700000E-02    0.33836702E-06    0.16681438E-10    0.15850694E-03
    0.22800000E-02    0.33981718E-06    0.16777007E-10    0.15880907E-03
    0.22900000E-02    0.34125415E-06    0.16871599E-10    0.15910697E-03
    0.23000000E-02    0.34272303E-06    0.16965371E-10    0.15940120E-03
    0.23100000E-02    0.34412056E-06    0.17058052E-10    0.15969094E-03
    0.23200000E-02    0.34555476E-06    0.17149896E-10    0.15997703E-03
    0.23300000E-02    0.34695734E-06    0.17240922E-10    0.16025957E-03
    0.23400000E-02    0.34838525E-06    0.17331409E-10    0.16053944E-03
    0.23500000E-02    0.34982105E-06    0.17420962E-10    0.16081548E-03
    0.23600000E-02    0.35125424E-06    0.17509411E-10    0.16108718E-03
    0.23700000E-02    0.35269324E-06    0.17596774E-10    0.16135465E-03
    0.23800000E-02    0.35411550E-06    0.17682968E-10    0.16161767E-03
    0.23900000E-02    0.35546615E-06    0.17768479E-10    0.16187777E-03
    0.24000000E-02    0.35771263E-06    0.17853146E-10    0.16213448E-03
    0.10000000E-04    0.31352148E-07    0.52400090E-12    0.50012797E-04
    0.20000000E-04    0.32356952E-07    0.54835305E-12    0.50775852E-04
    0.30000000E-04    0.33396349E-07    0.57398716E-12    0.51555047E-04
    0.40000000E-04    0.34455617E-07    0.59987881E-12    0.52318864E-04
    0.50000000E-04    0.35536614E-07    0.62690633E-12    0.53093092E-04
    0.60000000E-04    0.36617365E-07    0.65463378E-12    0.53864579E-04
    0.70000000E-04    0.37712257E-07    0.68296554E-12    0.54630695E-04
    0.80000000E-04    0.38803111E-07    0.71183071E-12    0.55389746E-04
    0.90000000E-04    0.39911470E-07    0.74143707E-12    0.56147259E-04
    0.10000000E-03    0.41015448E-07    0.77137129E-12    0.56892928E-04
    0.11000000E-03    0.42128348E-07    0.80199098E-12    0.57635972E-04
    0.12000000E-03    0.43242384E-07    0.83310567E-12    0.58371900E-04
    0.13000000E-03    0.44362644E-07    0.86467087E-12    0.59099990E-04
    0.14000000E-03    0.45476984E-07    0.89665831E-12    0.59819961E-04
    0.15000000E-03    0.46603780E-07    0.92923526E-12    0.60535810E-04
    0.16000000E-03    0.47715940E-07    0.96242661E-12    0.61248154E-04
    0.17000000E-03    0.48872192E-07    0.99592310E-12    0.61950631E-04
    0.18000000E-03    0.50008620E-07    0.10300004E-11    0.62649306E-04
    0.19000000E-03    0.51152467E-07    0.10644945E-11    0.63341003E-04
    0.20000000E-03    0.52295507E-07    0.10993593E-11    0.64025113E-04
    0.21000000E-03    0.53444399E-07    0.11348765E-11    0.64707308E-04
    0.22000000E-03    0.54589489E-07    0.11707236E-11    0.65381556E-04
    0.23000000E-03    0.55719649E-07    0.12070187E-11    0.66050351E-04
    0.24000000E-03    0.56891387E-07    0.12438142E-11    0.66714817E-04
    0.25000000E-03    0.58048338E-07    0.12811223E-11    0.67375292E-04
    0.26000000E-03    0.59212201E-07    0.13191288E-11    0.68035074E-04
    0.27000000E-03    0.60385543E-07    0.13573912E-11    0.68686619E-04
    0.28000000E-03    0.61552877E-07    0.13961625E-11    0.69334457E-04
    0.29000000E-03    0.62719582E-07    0.14353949E-11    0.69977904E-04
    0.30000000E-03    0.63898541E-07    0.14749525E-11    0.70614920E-04
    0.31000000E-03    0.65074087E-07    0.15150447E-11    0.71249028E-04
    0.32000000E-03    0.66257440E-07    0.15556928E-11    0.71880608E-04
    0.33000000E-03    0.67446903E-07    0.15970375E-11    0.72511825E-04
    0.34000000E-03    0.68635944E-07    0.16385595E-11    0.73134877E-04
    0.35000000E-03    0.69832342E-07    0.16805472E-11    0.73754304E-04
    0.36000000E-03    0.71027025E-07    0.17230349E-11    0.74370691E-04
    0.37000000E-03    0.72215475E-07    0.17659331E-11    0.74982840E-04
    0.38000000E-03    0.73421069E-07    0.18092350E-11    0.75590773E-04
    0.39000000E-03    0.74632483E-07    0.18533147E-11    0.76199745E-04
    0.40000000E-03    0.75846882E-07    0.18978613E-11    0.76805435E-04
    0.41000000E-03    0.77052199E-07    0.19426067E-11    0.77404360E-04
    0.42000000E-03    0.78272541E-07    0.19879920E-11    0.78002528E-04
    0.43000000E-03    0.79487822E-07    0.20337299E-11    0.78596202E-04
    0.44000000E-03    0.80710287E-07    0.20799275E-11    0.79186874E-04
    0.45000000E-03    0.81933958E-07    0.21267836E-11    0.79777098E-04
    0.46000000E-03    0.83161193E-07    0.21739689E-11    0.80362772E-04
    0.47000000E-03    0.84392717E-07    0.22216069E-11    0.80945530E-04
    0.48000000E-03    0.85628689E-07    0.22699338E-11    0.81528264E-04
    0.49000000E-03    0.86863506E-07    0.23183625E-11    0.82103987E-04
    0.50000000E-03    0.88101147E-07    0.23673872E-11    0.82678685E-04
    0.51000000E-03    0.89342264E-07    0.24168728E-11    0.83250796E-04
    0.52000000E-03    0.90596698E-07    0.24669877E-11    0.83822278E-04
    0.53000000E-03    0.91853073E-07    0.25176975E-11    0.84392719E-04
    0.54000000E-03    0.93105987E-07    0.25688389E-11    0.84960309E-04
    0.55000000E-03    0.94371628E-07    0.26205155E-11    0.85526239E-04
    0.56000000E-03    0.95636317E-07    0.26724008E-11    0.86087017E-04
    0.57000000E-03    0.96896935E-07    0.27246492E-11    0.86644433E-04
    0.58000000E-03    0.98166112E-07    0.27773275E-11    0.87199266E-04
    0.59000000E-03    0.99426860E-07    0.28305675E-11    0.87752932E-04
    0.60000000E-03    0.10070471E-06    0.28842066E-11    0.88303771E-04
    0.61000000E-03    0.10197690E-06    0.29382211E-11    0.88851607E-04
    0.62000000E-03    0.10325984E-06    0.29929927E-11    0.89400308E-04
    0.63000000E-03    0.10453687E-06    0.30482581E-11    0.89947213E-04
    0.64000000E-03    0.10583110E-06    0.31040477E-11    0.90492640E-04
    0.65000000E-03    0.10712785E-06    0.31603737E-11    0.91036721E-04
    0.66000000E-03    0.10842624E-06    0.32171348E-11    0.91578505E-04
    0.67000000E-03    0.10973011E-06    0.32743938E-11    0.92118622E-04
    0.68000000E-03    0.11103643E-06    0.33321783E-11    0.92657350E-04
    0.69000000E-03    0.11233552E-06    0.33902770E-11    0.93192764E-04
    0.70000000E-03    0.11364597E-06    0.34486240E-11    0.93724345E-04
    0.71000000E-03    0.11495667E-06    0.35077407E-11    0.94256858E-04
    0.72000000E-03    0.11626229E-06    0.35669872E-11    0.94784571E-04
    0.73000000E-03    0.11758151E-06    0.36266411E-11    0.95310041E-04
    0.74000000E-03    0.11890293E-06    0.36871457E-11    0.95837151E-04
    0.75000000E-03    0.12022445E-06    0.37480508E-11    0.96361959E-04
    0.76000000E-03    0.12155354E-06    0.38093637E-11    0.96884568E-04
    0.77000000E-03    0.12287765E-06    0.38709607E-11    0.97403983E-04
    0.78000000E-03    0.12421419E-06    0.39333148E-11    0.97924200E-04
    0.79000000E-03    0.12555566E-06    0.39961256E-11    0.98442698E-04
    0.80000000E-03    0.12689607E-06    0.40594294E-11    0.98959797E-04
    0.81000000E-03    0.12823959E-06    0.41232480E-11    0.99475688E-04
    0.82000000E-03    0.12959008E-06    0.41875172E-11    0.99989868E-04
    0.83000000E-03    0.13094750E-06    0.42523424E-11    0.10050320E-03
    0.84000000E-03    0.13229748E-06    0.43173364E-11    0.10101265E-03
    0.85000000E-03    0.13365612E-06    0.43829323E-11    0.10152166E-03
    0.86000000E-03    0.13502102E-06    0.44491076E-11    0.10203005E-03
    0.87000000E-03    0.13638138E-06    0.45157603E-11    0.10253704E-03
    0.88000000E-03    0.13775783E-06    0.45829606E-11    0.10304316E-03
    0.89000000E-03    0.13912851E-06    0.46506219E-11    0.10354778E-03
    0.90000000E-03    0.14050762E-06    0.47185433E-11    0.10404945E-03
    0.91000000E-03    0.14187890E-06    0.47868169E-11    0.10454888E-03
    0.92000000E-03    0.14326288E-06    0.48557505E-11    0.10504835E-03
    0.93000000E-03    0.14464698E-06    0.49253143E-11    0.10554762E-03
    0.94000000E-03    0.14603126E-06    0.49953148E-11    0.10604530E-03
    0.95000000E-03    0.14743540E-06    0.50657306E-11    0.10654126E-03
    0.96000000E-03    0.14883132E-06    0.51366922E-11    0.10703644E-03
    0.97000000E-03    0.15022862E-06    0.52081108E-11    0.10753022E-03
    0.98000000E-03    0.15163317E-06    0.52800148E-11    0.10802282E-03
    0.99000000E-03    0.15304335E-06    0.53524510E-11    0.10851456E-03
    0.10000000E-02    0.15445040E-06    0.54254063E-11    0.10900537E-03
    0.10100000E-02    0.15586855E-06    0.54987648E-11    0.10949447E-03
    0.10200000E-02    0.15728566E-06    0.55726098E-11    0.10998244E-03
    0.10300000E-02    0.15870723E-06    0.56470368E-11    0.11046991E-03
    0.10400000E-02    0.16012852E-06    0.57218976E-11    0.11095592E-03
    0.10500000E-02    0.16155757E-06    0.57972013E-11    0.11144055E-03
    0.10600000E-02    0.16299195E-06    0.58730696E-11    0.11192459E-03
    0.10700000E-02    0.16442094E-06    0.59493325E-11    0.11240696E-03
    0.10800000E-02    0.16585799E-06    0.60260439E-11    0.11288803E-03
    0.10900000E-02    0.16729635E-06    0.61033475E-11    0.11336870E-03
    0.11000000E-02    0.16873946E-06    0.61811185E-11    0.11384820E-03
    0.11100000E-02    0.17017460E-06    0.62593164E-11    0.11432629E-03
    0.11200000E-02    0.17162965E-06    0.63379602E-11    0.11480310E-03
    0.11300000E-02    0.17307961E-06    0.64170763E-11    0.11527882E-03
    0.11400000E-02    0.17452902E-06    0.64966824E-11    0.11575356E-03
    0.11500000E-02    0.17598434E-06    0.65767610E-11    0.11622721E-03
    0.11600000E-02    0.17744426E-06    0.66573547E-11    0.11670005E-03
    0.11700000E-02    0.17890674E-06    0.67383871E-11    0.11717162E-03
    0.11800000E-02    0.18037479E-06    0.68198533E-11    0.11764193E-03
    0.11900000E-02    0.18184601E-06    0.69018098E-11    0.11811130E-03
    0.12000000E-02    0.18331347E-06    0.69842739E-11    0.11857985E-03
    0.12100000E-02    0.18478829E-06    0.70672457E-11    0.11904757E-03
    0.12200000E-02    0.18626551E-06    0.71505655E-11    0.11951358E-03
    0.12300000E-02    0.18775180E-06    0.72344603E-11    0.11997917E-03
    0.12400000E-02    0.18923265E-06    0.73188337E-11    0.12044379E-03
    0.12500000E-02    0.19071837E-06    0.74035704E-11    0.12090684E-03
    0.12600000E-02    0.19220858E-06    0.74888305E-11    0.12136919E-03
    0.12700000E-02    0.19370035E-06    0.75746366E-11    0.12183098E-03
    0.12800000E-02    0.19519158E-06    0.76607992E-11    0.12229119E-03
    0.12900000E-02    0.19669706E-06    0.77474559E-11    0.12275057E-03
    0.13000000E-02    0.19819729E-06    0.78346150E-11    0.12320917E-03
    0.13100000E-02    0.19969843E-06    0.79222362E-11    0.12366678E-03
    0.13200000E-02    0.20120331E-06    0.80102497E-11    0.12412306E-03
    0.13300000E-02    0.20271546E-06    0.80987706E-11    0.12457861E-03
    0.13400000E-02    0.20422701E-06    0.81878062E-11    0.12503348E-03
    0.13500000E-02    0.20574108E-06    0.82772333E-11    0.12548704E-03
    0.13600000E-02    0.20726177E-06    0.83671250E-11    0.12593967E-03
    0.13700000E-02    0.20878361E-06    0.84575338E-11    0.12639165E-03
    0.13800000E-02    0.21030343E-06    0.85484012E-11    0.12684269E-03
    0.13900000E-02    0.21182772E-06    0.86397298E-11    0.12729280E-03
    0.14000000E-02    0.21336463E-06    0.87315197E-11    0.12774201E-03
    0.14100000E-02    0.21489500E-06    0.88237910E-11    0.12819041E-03
    0.14200000E-02    0.21643350E-06    0.89164853E-11    0.12863773E-03
    0.14300000E-02    0.21797358E-06    0.90095988E-11    0.12908396E-03
    0.14400000E-02    0.21951712E-06    0.91032838E-11    0.12952984E-03
    0.14500000E-02    0.22105840E-06    0.91974236E-11    0.12997481E-03
    0.14600000E-02    0.22260376E-06    0.92919430E-11    0.13041853E-03
    0.14700000E-02    0.22416428E-06    0.93869919E-11    0.13086172E-03
    0.14800000E-02    0.22571219E-06    0.94825639E-11    0.13130433E-03
    0.14900000E-02    0.22727524E-06    0.95785312E-11    0.13174580E-03
    0.15000000E-02    0.22883758E-06    0.96749795E-11    0.13218651E-03
    0.15100000E-02    0.23040186E-06    0.97719428E-11    0.13262664E-03
    0.15200000E-02    0.23195402E-06    0.98693880E-11    0.13306603E-03
    0.15300000E-02    0.23353348E-06    0.99672258E-11    0.13350429E-03
    0.15400000E-02    0.23511547E-06    0.10065513E-10    0.13394169E-03
    0.15500000E-02    0.23669238E-06    0.10164335E-10    0.13437860E-03
    0.15600000E-02    0.23826797E-06    0.10263617E-10    0.13481471E-03
    0.15700000E-02    0.23984995E-06    0.10363297E-10    0.13524974E-03
    0.15800000E-02    0.24143612E-06    0.10463539E-10    0.13568442E-03
    0.15900000E-02    0.24301864E-06    0.10564221E-10    0.13611823E-03
    0.16000000E-02    0.24461087E-06    0.10665365E-10    0.13655126E-03
    0.16100000E-02    0.24621049E-06    0.10766906E-10    0.13698324E-03
    0.16200000E-02    0.24780845E-06    0.10868922E-10    0.13741452E-03
    0.16300000E-02    0.24940588E-06    0.10971475E-10    0.13784536E-03
    0.16400000E-02    0.25100650E-06    0.11074421E-10    0.13827515E-03
    0.16500000E-02    0.25261285E-06    0.11177848E-10    0.13870428E-03
    0.16600000E-02    0.25421868E-06    0.11281810E-10    0.13913297E-03
    0.16700000E-02    0.25582790E-06    0.11386132E-10    0.13956051E-03
    0.16800000E-02    0.25744927E-06    0.11490883E-10    0.13998718E-03
    0.16900000E-02    0.25907059E-06    0.11596128E-10    0.14041326E-03
    0.17000000E-02    0.26068797E-06    0.11701850E-10    0.14083869E-03
    0.17100000E-02    0.26230947E-06    0.11808001E-10    0.14126327E-03
    0.17200000E-02    0.26393688E-06    0.11914556E-10    0.14168692E-03
    0.17300000E-02    0.26556405E-06    0.12021621E-10    0.14211005E-03
    0.17400000E-02    0.26719899E-06    0.12129112E-10    0.14253236E-03
    0.17500000E-02    0.26883493E-06    0.12236968E-10    0.14295359E-03
    0.17600000E-02    0.27047666E-06    0.12345257E-10    0.14337404E-03
    0.17700000E-02    0.27211813E-06    0.12454026E-10    0.14379388E-03
    0.17800000E-02    0.27375757E-06    0.12563178E-10    0.14421274E-03
    0.17900000E-02    0.27540384E-06    0.12672693E-10    0.14463057E-03
    0.18000000E-02    0.27704740E-06    0.12782647E-10    0.14504766E-03
    0.18100000E-02    0.27870653E-06    0.12892983E-10    0.14546380E-03
    0.18200000E-02    0.28035936E-06    0.13003718E-10    0.14587907E-03
    0.18300000E-02    0.28201305E-06    0.13114687E-10    0.14629285E-03
    0.18400000E-02    0.28367323E-06    0.13226072E-10    0.14670585E-03
    0.18500000E-02    0.28532890E-06    0.13337849E-10    0.14711797E-03
    0.18600000E-02    0.28698651E-06    0.13449862E-10    0.14752866E-03
    0.18700000E-02    0.28864371E-06    0.13562164E-10    0.14793813E-03
    0.18800000E-02    0.29030463E-06    0.13674801E-10    0.14834656E-03
    0.18900000E-02    0.29197507E-06    0.13787629E-10    0.14875343E-03
    0.19000000E-02    0.29363491E-06    0.13900697E-10    0.14915895E-03
    0.19100000E-02    0.29530210E-06    0.14013899E-10    0.14956276E-03
    0.19200000E-02    0.29696561E-06    0.14127326E-10    0.14996519E-03
    0.19300000E-02    0.29862458E-06    0.14240893E-10    0.15036596E-03
    0.19400000E-02    0.30028419E-06    0.14354471E-10    0.15076465E-03
    0.19500000E-02    0.30194595E-06    0.14468150E-10    0.15116160E-03
    0.19600000E-02    0.30359740E-06    0.14581900E-10    0.15155671E-03
    0.19700000E-02    0.30525795E-06    0.14695543E-10    0.15194941E-03
    0.19800000E-02    0.30691399E-06    0.14809129E-10    0.15233989E-03
    0.19900000E-02    0.30856489E-06    0.14922590E-10    0.15272795E-03
    0.20000000E-02    0.31021165E-06    0.15035957E-10    0.15311374E-03
    0.20100000E-02    0.31184954E-06    0.15149062E-10    0.15349670E-03
    0.20200000E-02    0.31348611E-06    0.15261808E-10    0.15387656E-03
    0.20300000E-02    0.31511812E-06    0.15374263E-10    0.15425357E-03
    0.20400000E-02    0.31674119E-06    0.15486448E-10    0.15462786E-03
    0.20500000E-02    0.31835684E-06    0.15598086E-10    0.15499853E-03
    0.20600000E-02    0.31997173E-06    0.15709235E-10    0.15536582E-03
    0.20700000E-02    0.32158014E-06    0.15819950E-10    0.15572996E-03
    0.20800000E-02    0.32317672E-06    0.15930105E-10    0.15609057E-03
    0.20900000E-02    0.32476304E-06    0.16039678E-10    0.15644764E-03
    0.21000000E-02    0.32634481E-06    0.16148560E-10    0.15680085E-03
    0.21100000E-02    0.32792017E-06    0.16256795E-10    0.15715038E-03
    0.21200000E-02    0.32948429E-06    0.16364412E-10    0.15749639E-03
    0.21300000E-02    0.33103486E-06    0.16471231E-10    0.15783833E-03
    0.21400000E-02    0.33257757E-06    0.16577212E-10    0.15817614E-03
    0.21500000E-02    0.33411355E-06    0.16682450E-10    0.15851015E-03
    0.21600000E-02    0.33565533E-06    0.16786847E-10    0.15884011E-03
    0.21700000E-02    0.33718939E-06    0.16890361E-10    0.15916593E-03
    0.21800000E-02    0.33872696E-06    0.16992868E-10    0.15948727E-03
    0.21900000E-02    0.34025473E-06    0.17094381E-10    0.15980423E-03
    0.22000000E-02    0.34170652E-06    0.17194945E-10    0.16011698E-03
    0.22100000E-02    0.34302724E-06    0.17294512E-10    0.16042544E-03
    0.22200000E-02    0.34420649E-06    0.17392964E-10    0.16072928E-03
    0.22300000E-02    0.34488871E-06    0.17490256E-10    0.16102841E-03
    0.22400000E-02    0.34420830E-06    0.17586498E-10    0.16132323E-03
    0.22500000E-02    0.34294999E-06    0.17681646E-10    0.16161365E-03
    0.22600000E-02    0.34175610E-06    0.17775638E-10    0.16189951E-03
    0.22700000E-02    0.34040297E-06    0.17868481E-10    0.16218089E-03
    0.22800000E-02    0.33903913E-06    0.17960129E-10    0.16245769E-03
    0.22900000E-02    0.33761899E-06    0.18050682E-10    0.16273027E-03
    0.23000000E-02    0.33614224E-06    0.18140122E-10    0.16299860E-03
    0.23100000E-02    0.33467690E-06    0.18228393E-10    0.16326256E-03
    0.23200000E-02    0.33318140E-06    0.18315439E-10    0.16352202E-03
    0.23300000E-02    0.33164943E-06    0.18401314E-10    0.16377719E-03
    0.23400000E-02    0.33012956E-06    0.18486051E-10    0.16402820E-03
    0.23500000E-02    0.32860795E-06    0.18569682E-10    0.16427518E-03
    0.23600000E-02    0.32706959E-06    0.18652100E-10    0.16451786E-03
    0.23700000E-02    0.32551563E-06    0.18733352E-10    0.16475640E-03
    0.23800000E-02    0.32396702E-06    0.18813472E-10    0.16499095E-03
    0.23900000E-02    0.32237899E-06    0.18892485E-10    0.16522160E-03
    0.24000000E-02    0.32080542E-06    0.18970390E-10    0.16544839E-03
    0.10000000E-04    0.31210879E-07    0.52468635E-12    0.50034595E-04
    0.20000000E-04    0.32201689E-07    0.54852900E-12    0.50781282E-04
    0.30000000E-04    0.33182663E-07    0.57252904E-12    0.51511355E-04
    0.40000000E-04    0.34201433E-07    0.59739692E-12    0.52246611E-04
    0.50000000E-04    0.35207586E-07    0.62232085E-12    0.52963326E-04
    0.60000000E-04    0.36223513E-07    0.64781323E-12    0.53676856E-04
    0.70000000E-04    0.37242324E-07    0.67355935E-12    0.54378733E-04
    0.80000000E-04    0.38275965E-07    0.69986064E-12    0.55077513E-04
    0.90000000E-04    0.39300845E-07    0.72675834E-12    0.55774259E-04
    0.10000000E-03    0.40331720E-07    0.75446008E-12    0.56474087E-04
    0.11000000E-03    0.41364921E-07    0.78239676E-12    0.57162710E-04
    0.12000000E-03    0.42412853E-07    0.81084823E-12    0.57847375E-04
    0.13000000E-03    0.43450864E-07    0.83958252E-12    0.58522777E-04
    0.14000000E-03    0.44484454E-07    0.86867250E-12    0.59191020E-04
    0.15000000E-03    0.45531894E-07    0.89844427E-12    0.59859651E-04
    0.16000000E-03    0.46591812E-07    0.92868935E-12    0.60523953E-04
    0.17000000E-03    0.47639483E-07    0.95929673E-12    0.61181687E-04
    0.18000000E-03    0.48678109E-07    0.99017210E-12    0.61831155E-04
    0.19000000E-03    0.49741938E-07    0.10216886E-11    0.62480331E-04
    0.20000000E-03    0.50812189E-07    0.10534810E-11    0.63121800E-04
    0.21000000E-03    0.51872682E-07    0.10855796E-11    0.63756483E-04
    0.22000000E-03    0.52944493E-07    0.11184566E-11    0.64393720E-04
    0.23000000E-03    0.54007778E-07    0.11516810E-11    0.65025125E-04
    0.24000000E-03    0.55101679E-07    0.11857405E-11    0.65659919E-04
    0.25000000E-03    0.56183088E-07    0.12196261E-11    0.66279522E-04
    0.26000000E-03    0.57273712E-07    0.12543016E-11    0.66901797E-04
    0.27000000E-03    0.58362639E-07    0.12893130E-11    0.67518572E-04
    0.28000000E-03    0.59454509E-07    0.13245571E-11    0.68128269E-04
    0.29000000E-03    0.60560365E-07    0.13604715E-11    0.68738536E-04
    0.30000000E-03    0.61671853E-07    0.13971245E-11    0.69350378E-04
    0.31000000E-03    0.62772780E-07    0.14339775E-11    0.69954862E-04
    0.32000000E-03    0.63872504E-07    0.14709723E-11    0.70551345E-04
    0.33000000E-03    0.64992302E-07    0.15084481E-11    0.71145470E-04
    0.34000000E-03    0.66124248E-07    0.15466496E-11    0.71741057E-04
    0.35000000E-03    0.67239742E-07    0.15850881E-11    0.72330522E-04
    0.36000000E-03    0.68361416E-07    0.16240434E-11    0.72918268E-04
    0.37000000E-03    0.69493629E-07    0.16636037E-11    0.73505599E-04
    0.38000000E-03    0.70633403E-07    0.17035948E-11    0.74089939E-04
    0.39000000E-03    0.71776108E-07    0.17438912E-11    0.74669560E-04
    0.40000000E-03    0.72912996E-07    0.17844389E-11    0.75243853E-04
    0.41000000E-03    0.74053859E-07    0.18256444E-11    0.75818618E-04
    0.42000000E-03    0.75203109E-07    0.18670964E-11    0.76388160E-04
    0.43000000E-03    0.76366875E-07    0.19092569E-11    0.76958853E-04
    0.44000000E-03    0.77530286E-07    0.19520405E-11    0.77529456E-04
    0.45000000E-03    0.78681840E-07    0.19948443E-11    0.78092046E-04
    0.46000000E-03    0.79848414E-07    0.20384758E-11    0.78657290E-04
    0.47000000E-03    0.81026026E-07    0.20824508E-11    0.79218883E-04
    0.48000000E-03    0.82210761E-07    0.21268271E-11    0.79777641E-04
    0.49000000E-03    0.83390434E-07    0.21715233E-11    0.80332626E-04
    0.50000000E-03    0.84570074E-07    0.22169342E-11    0.80888739E-04
    0.51000000E-03    0.85747857E-07    0.22624616E-11    0.81438707E-04
    0.52000000E-03    0.86944617E-07    0.23086728E-11    0.81989441E-04
    0.53000000E-03    0.88143588E-07    0.23553260E-11    0.82538038E-04
    0.54000000E-03    0.89341102E-07    0.24024469E-11    0.83084829E-04
    0.55000000E-03    0.90540812E-07    0.24499190E-11    0.83628512E-04
    0.56000000E-03    0.91748481E-07    0.24979328E-11    0.84171303E-04
    0.57000000E-03    0.92956620E-07    0.25461628E-11    0.84709579E-04
    0.58000000E-03    0.94171794E-07    0.25948716E-11    0.85246342E-04
    0.59000000E-03    0.95402654E-07    0.26446268E-11    0.85787747E-04
    0.60000000E-03    0.96614897E-07    0.26943635E-11    0.86322205E-04
    0.61000000E-03    0.97832660E-07    0.27445286E-11    0.86854645E-04
    0.62000000E-03    0.99063204E-07    0.27950682E-11    0.87384540E-04
    0.63000000E-03    0.10030584E-06    0.28462426E-11    0.87914620E-04
    0.64000000E-03    0.10154274E-06    0.28978033E-11    0.88442314E-04
    0.65000000E-03    0.10277402E-06    0.29495500E-11    0.88965656E-04
    0.66000000E-03    0.10400834E-06    0.30018838E-11    0.89488746E-04
    0.67000000E-03    0.10525113E-06    0.30546037E-11    0.90009584E-04
    0.68000000E-03    0.10650515E-06    0.31078266E-11    0.90529347E-04
    0.69000000E-03    0.10775693E-06    0.31615164E-11    0.91047692E-04
    0.70000000E-03    0.10900599E-06    0.32156294E-11    0.91564219E-04
    0.71000000E-03    0.11026590E-06    0.32704084E-11    0.92081233E-04
    0.72000000E-03    0.11152821E-06    0.33253680E-11    0.92594182E-04
    0.73000000E-03    0.11280206E-06    0.33809326E-11    0.93107064E-04
    0.74000000E-03    0.11407224E-06    0.34368605E-11    0.93617657E-04
    0.75000000E-03    0.11534410E-06    0.34932282E-11    0.94126689E-04
    0.76000000E-03    0.11662172E-06    0.35503341E-11    0.94636834E-04
    0.77000000E-03    0.11789967E-06    0.36077607E-11    0.95144357E-04
    0.78000000E-03    0.11918500E-06    0.36654120E-11    0.95648478E-04
    0.79000000E-03    0.12048528E-06    0.37238747E-11    0.96154324E-04
    0.80000000E-03    0.12177886E-06    0.37825562E-11    0.96656766E-04
    0.81000000E-03    0.12307138E-06    0.38418670E-11    0.97159344E-04
    0.82000000E-03    0.12435811E-06    0.39011814E-11    0.97656805E-04
    0.83000000E-03    0.12566002E-06    0.39611237E-11    0.98154436E-04
    0.84000000E-03    0.12697429E-06    0.40218156E-11    0.98653201E-04
    0.85000000E-03    0.12828556E-06    0.40827560E-11    0.99148985E-04
    0.86000000E-03    0.12959109E-06    0.41439931E-11    0.99642237E-04
    0.87000000E-03    0.13090112E-06    0.42058642E-11    0.10013569E-03
    0.88000000E-03    0.13221507E-06    0.42681052E-11    0.10062723E-03
    0.89000000E-03    0.13354152E-06    0.43307226E-11    0.10111694E-03
    0.90000000E-03    0.13486221E-06    0.43934657E-11    0.10160292E-03
    0.91000000E-03    0.13618639E-06    0.44570178E-11    0.10209048E-03
    0.92000000E-03    0.13751399E-06    0.45210464E-11    0.10257703E-03
    0.93000000E-03    0.13884242E-06    0.45853811E-11    0.10306130E-03
    0.94000000E-03    0.14017759E-06    0.46502194E-11    0.10354480E-03
    0.95000000E-03    0.14151939E-06    0.47153778E-11    0.10402617E-03
    0.96000000E-03    0.14286687E-06    0.47812095E-11    0.10450804E-03
    0.97000000E-03    0.14421677E-06    0.48475432E-11    0.10498914E-03
    0.98000000E-03    0.14556303E-06    0.49142944E-11    0.10546884E-03
    0.99000000E-03    0.14690491E-06    0.49812551E-11    0.10594571E-03
    0.10000000E-02    0.14825955E-06    0.50485814E-11    0.10642090E-03
    0.10100000E-02    0.14962501E-06    0.51166169E-11    0.10689681E-03
    0.10200000E-02    0.15098858E-06    0.51850651E-11    0.10737138E-03
    0.10300000E-02    0.15234910E-06    0.52539594E-11    0.10784484E-03
    0.10400000E-02    0.15371034E-06    0.53232755E-11    0.10831704E-03
    0.10500000E-02    0.15507961E-06    0.53929707E-11    0.10878771E-03
    0.10600000E-02    0.15645586E-06    0.54630899E-11    0.10925716E-03
    0.10700000E-02    0.15782951E-06    0.55334974E-11    0.10972452E-03
    0.10800000E-02    0.15920739E-06    0.56044502E-11    0.11019151E-03
    0.10900000E-02    0.16058038E-06    0.56756966E-11    0.11065648E-03
    0.11000000E-02    0.16195910E-06    0.57476054E-11    0.11112185E-03
    0.11100000E-02    0.16334744E-06    0.58199677E-11    0.11158624E-03
    0.11200000E-02    0.16473891E-06    0.58925186E-11    0.11204800E-03
    0.11300000E-02    0.16613550E-06    0.59657120E-11    0.11251003E-03
    0.11400000E-02    0.16753559E-06    0.60395888E-11    0.11297255E-03
    0.11500000E-02    0.16893067E-06    0.61136795E-11    0.11343263E-03
    0.11600000E-02    0.17033049E-06    0.61883194E-11    0.11389239E-03
    0.11700000E-02    0.17172776E-06    0.62630862E-11    0.11434923E-03
    0.11800000E-02    0.17313247E-06    0.63381316E-11    0.11480414E-03
    0.11900000E-02    0.17454377E-06    0.64138087E-11    0.11525925E-03
    0.12000000E-02    0.17595510E-06    0.64901124E-11    0.11571452E-03
    0.12100000E-02    0.17736549E-06    0.65667850E-11    0.11616841E-03
    0.12200000E-02    0.17877718E-06    0.66439016E-11    0.11662138E-03
    0.12300000E-02    0.18019757E-06    0.67212316E-11    0.11707210E-03
    0.12400000E-02    0.18162811E-06    0.67992865E-11    0.11752355E-03
    0.12500000E-02    0.18305483E-06    0.68776984E-11    0.11797360E-03
    0.12600000E-02    0.18447693E-06    0.69563704E-11    0.11842172E-03
    0.12700000E-02    0.18590227E-06    0.70355405E-11    0.11886928E-03
    0.12800000E-02    0.18732865E-06    0.71149932E-11    0.11931507E-03
    0.12900000E-02    0.18876218E-06    0.71949010E-11    0.11976008E-03
    0.13000000E-02    0.19020165E-06    0.72752197E-11    0.12020407E-03
    0.13100000E-02    0.19164695E-06    0.73562062E-11    0.12064845E-03
    0.13200000E-02    0.19309507E-06    0.74376418E-11    0.12109203E-03
    0.13300000E-02    0.19453453E-06    0.75193413E-11    0.12153380E-03
    0.13400000E-02    0.19597734E-06    0.76014735E-11    0.12197469E-03
    0.13500000E-02    0.19742825E-06    0.76839042E-11    0.12241401E-03
    0.13600000E-02    0.19888443E-06    0.77667051E-11    0.12285214E-03
    0.13700000E-02    0.20034359E-06    0.78500551E-11    0.12329005E-03
    0.13800000E-02    0.20179903E-06    0.79337670E-11    0.12372675E-03
    0.13900000E-02    0.20324884E-06    0.80176925E-11    0.12416149E-03
    0.14000000E-02    0.20470327E-06    0.81021500E-11    0.12459594E-03
    0.14100000E-02    0.20616918E-06    0.81871791E-11    0.12503029E-03
    0.14200000E-02    0.20764389E-06    0.82725717E-11    0.12546347E-03
    0.14300000E-02    0.20912364E-06    0.83585932E-11    0.12589685E-03
    0.14400000E-02    0.21059668E-06    0.84449880E-11    0.12632912E-03
    0.14500000E-02    0.21207261E-06    0.85319106E-11    0.12676107E-03
    0.14600000E-02    0.21354250E-06    0.86187749E-11    0.12718981E-03
    0.14700000E-02    0.21501974E-06    0.87060740E-11    0.12761780E-03
    0.14800000E-02    0.21650824E-06    0.87939442E-11    0.12804571E-03
    0.14900000E-02    0.21799549E-06    0.88821897E-11    0.12847259E-03
    0.15000000E-02    0.21948524E-06    0.89710317E-11    0.12889951E-03
    0.15100000E-02    0.22097366E-06    0.90602094E-11    0.12932521E-03
    0.15200000E-02    0.22246155E-06    0.91496436E-11    0.12974935E-03
    0.15300000E-02    0.22395195E-06    0.92395254E-11    0.13017283E-03
    0.15400000E-02    0.22545576E-06    0.93300289E-11    0.13059648E-03
    0.15500000E-02    0.22696505E-06    0.94208248E-11    0.13101875E-03
    0.15600000E-02    0.22847157E-06    0.95119145E-11    0.13143967E-03
    0.15700000E-02    0.22997676E-06    0.96036560E-11    0.13186089E-03
    0.15800000E-02    0.23147740E-06    0.96957771E-11    0.13228116E-03
    0.15900000E-02    0.23298422E-06    0.97880819E-11    0.13269961E-03
    0.16000000E-02    0.23449781E-06    0.98806486E-11    0.13311662E-03
    0.16100000E-02    0.23601909E-06    0.99738755E-11    0.13353398E-03
    0.16200000E-02    0.23754038E-06    0.10067544E-10    0.13395070E-03
    0.16300000E-02    0.23905541E-06    0.10161433E-10    0.13436581E-03
    0.16400000E-02    0.24057623E-06    0.10255869E-10    0.13478078E-03
    0.16500000E-02    0.24210330E-06    0.10350881E-10    0.13519571E-03
    0.16600000E-02    0.24363291E-06    0.10446096E-10    0.13560899E-03
    0.16700000E-02    0.24516801E-06    0.10541659E-10    0.13602126E-03
    0.16800000E-02    0.24670996E-06    0.10637870E-10    0.13643381E-03
    0.16900000E-02    0.24825087E-06    0.10734535E-10    0.13684582E-03
    0.17000000E-02    0.24978817E-06    0.10831410E-10    0.13725625E-03
    0.17100000E-02    0.25132329E-06    0.10928590E-10    0.13766552E-03
    0.17200000E-02    0.25285957E-06    0.11025919E-10    0.13807299E-03
    0.17300000E-02    0.25440978E-06    0.11123719E-10    0.13848003E-03
    0.17400000E-02    0.25595990E-06    0.11221895E-10    0.13888623E-03
    0.17500000E-02    0.25751141E-06    0.11320598E-10    0.13929224E-03
    0.17600000E-02    0.25906344E-06    0.11419779E-10    0.13969784E-03
    0.17700000E-02    0.26061170E-06    0.11519122E-10    0.14010176E-03
    0.17800000E-02    0.26216724E-06    0.11619054E-10    0.14050574E-03
    0.17900000E-02    0.26373308E-06    0.11719435E-10    0.14090920E-03
    0.18000000E-02    0.26530810E-06    0.11820326E-10    0.14131240E-03
    0.18100000E-02    0.26687816E-06    0.11921319E-10    0.14171372E-03
    0.18200000E-02    0.26844585E-06    0.12022734E-10    0.14211444E-03
    0.18300000E-02    0.27001361E-06    0.12124632E-10    0.14251481E-03
    0.18400000E-02    0.27158184E-06    0.12226685E-10    0.14291354E-03
    0.18500000E-02    0.27315368E-06    0.12328885E-10    0.14331063E-03
    0.18600000E-02    0.27473142E-06    0.12431516E-10    0.14370719E-03
    0.18700000E-02    0.27631290E-06    0.12534494E-10    0.14410290E-03
    0.18800000E-02    0.27789181E-06    0.12637755E-10    0.14449754E-03
    0.18900000E-02    0.27947345E-06    0.12741551E-10    0.14489205E-03
    0.19000000E-02    0.28105262E-06    0.12845507E-10    0.14528503E-03
    0.19100000E-02    0.28263330E-06    0.12949828E-10    0.14567727E-03
    0.19200000E-02    0.28421948E-06    0.13054320E-10    0.14606805E-03
    0.19300000E-02    0.28581237E-06    0.13159206E-10    0.14645820E-03
    0.19400000E-02    0.28741248E-06    0.13264363E-10    0.14684729E-03
    0.19500000E-02    0.28900139E-06    0.13369645E-10    0.14723479E-03
    0.19600000E-02    0.29058188E-06    0.13474943E-10    0.14762031E-03
    0.19700000E-02    0.29216682E-06    0.13580705E-10    0.14800552E-03
    0.19800000E-02    0.29375884E-06    0.13686492E-10    0.14838882E-03
    0.19900000E-02    0.29535076E-06    0.13792222E-10    0.14876995E-03
    0.20000000E-02    0.29694246E-06    0.13898357E-10    0.14915058E-03
    0.20100000E-02    0.29853066E-06    0.14004371E-10    0.14952885E-03
    0.20200000E-02    0.30011495E-06    0.14110497E-10    0.14990562E-03
    0.20300000E-02    0.30169630E-06    0.14216598E-10    0.15028040E-03
    0.20400000E-02    0.30327691E-06    0.14322740E-10    0.15065348E-03
    0.20500000E-02    0.30485697E-06    0.14428796E-10    0.15102441E-03
    0.20600000E-02    0.30643513E-06    0.14534589E-10    0.15139262E-03
    0.20700000E-02    0.30801158E-06    0.14640543E-10    0.15175961E-03
    0.20800000E-02    0.30958830E-06    0.14746244E-10    0.15212395E-03
    0.20900000E-02    0.31115893E-06    0.14851734E-10    0.15248584E-03
    0.21000000E-02    0.31271645E-06    0.14957105E-10    0.15284561E-03
    0.21100000E-02    0.31426944E-06    0.15062170E-10    0.15320266E-03
    0.21200000E-02    0.31582993E-06    0.15167008E-10    0.15355729E-03
    0.21300000E-02    0.31738491E-06    0.15271396E-10    0.15390877E-03
    0.21400000E-02    0.31892953E-06    0.15375404E-10    0.15425739E-03
    0.21500000E-02    0.32046924E-06    0.15479334E-10    0.15460418E-03
    0.21600000E-02    0.32199951E-06    0.15582677E-10    0.15494747E-03
    0.21700000E-02    0.32352034E-06    0.15685416E-10    0.15528725E-03
    0.21800000E-02    0.32503811E-06    0.15787841E-10    0.15562453E-03
    0.21900000E-02    0.32655117E-06    0.15889668E-10    0.15595839E-03
    0.22000000E-02    0.32806174E-06    0.15991096E-10    0.15628953E-03
    0.22100000E-02    0.32956420E-06    0.16091798E-10    0.15661691E-03
    0.22200000E-02    0.33105909E-06    0.16191971E-10    0.15694122E-03
    0.22300000E-02    0.33254162E-06    0.16291412E-10    0.15726185E-03
    0.22400000E-02    0.33400843E-06    0.16390104E-10    0.15757877E-03
    0.22500000E-02    0.33546377E-06    0.16488109E-10    0.15789223E-03
    0.22600000E-02    0.33691138E-06    0.16585268E-10    0.15820176E-03
    0.22700000E-02    0.33836702E-06    0.16681438E-10    0.15850694E-03
    0.22800000E-02    0.33981718E-06    0.16777007E-10    0.15880907E-03
    0.22900000E-02    0.34125415E-06    0.16871599E-10    0.15910697E-03
    0.23000000E-02    0.34272303E-06    0.16965371E-10    0.15940120E-03
    0.23100000E-02    0.34412056E-06    0.17058052E-10    0.15969094E-03
    0.23200000E-02    0.34555476E-06    0.17149896E-10    0.15997703E-03
    0.23300000E-02    0.34695734E-06    0.17240922E-10    0.16025957E-03
    0.23400000E-02    0.34838525E-06    0.17331409E-10    0.16053944E-03
    0.23500000E-02    0.34982105E-06    0.17420962E-10    0.16081548E-03
    0.23600000E-02    0.35125424E-06    0.17509411E-10    0.16108718E-03
    0.23700000E-02    0.35269324E-06    0.17596774E-10    0.16135465E-03
    0.23800000E-02    0.35411550E-06    0.17682968E-10    0.16161767E-03
    0.23900000E-02    0.35546615E-06    0.17768479E-10    0.16187777E-03
    0.24000000E-02    0.35771263E-06    0.17853146E-10    0.16213448E-03
