# Poly-75, dt=1us, bench-data segment 1 (cols: time surface volume rad_volume)
0.10000000E-05    0.31274306E-07    0.52516473E-12    0.50049796E-04
0.20000000E-05    0.31406218E-07    0.52762155E-12    0.50127722E-04
0.30000000E-05    0.31487329E-07    0.53008040E-12    0.50205471E-04
0.40000000E-05    0.31610766E-07    0.53253846E-12    0.50282955E-04
0.50000000E-05    0.31733995E-07    0.53499894E-12    0.50360276E-04
0.60000000E-05    0.31856027E-07    0.53745224E-12    0.50437136E-04
0.70000000E-05    0.31970126E-07    0.53990350E-12    0.50513700E-04
0.80000000E-05    0.32081037E-07    0.54234876E-12    0.50589845E-04
0.90000000E-05    0.32181018E-07    0.54479773E-12    0.50665877E-04
0.10000000E-04    0.32280213E-07    0.54724148E-12    0.50741519E-04
0.11000000E-04    0.32376601E-07    0.54968716E-12    0.50816997E-04
0.12000000E-04    0.32468144E-07    0.55213729E-12    0.50892387E-04
0.13000000E-04    0.32563087E-07    0.55458349E-12    0.50967435E-04
0.14000000E-04    0.32648994E-07    0.55702969E-12    0.51042262E-04
0.15000000E-04    0.32758635E-07    0.55946964E-12    0.51116680E-04
0.16000000E-04    0.32889712E-07    0.56190346E-12    0.51190696E-04
0.17000000E-04    0.33005094E-07    0.56433381E-12    0.51264393E-04
0.18000000E-04    0.33117242E-07    0.56676240E-12    0.51337826E-04
0.19000000E-04    0.33224328E-07    0.56919789E-12    0.51411257E-04
0.20000000E-04    0.33318681E-07    0.57162841E-12    0.51484330E-04
0.21000000E-04    0.33477669E-07    0.57405808E-12    0.51557171E-04
0.22000000E-04    0.33572224E-07    0.57649334E-12    0.51629973E-04
0.23000000E-04    0.33709805E-07    0.57893147E-12    0.51702655E-04
0.24000000E-04    0.33804820E-07    0.58137101E-12    0.51775176E-04
0.25000000E-04    0.33909377E-07    0.58380568E-12    0.51847351E-04
0.26000000E-04    0.34008852E-07    0.58624337E-12    0.51919413E-04
0.27000000E-04    0.34138075E-07    0.58867928E-12    0.51991225E-04
0.28000000E-04    0.34249779E-07    0.59111134E-12    0.52062725E-04
0.29000000E-04    0.34342824E-07    0.59354782E-12    0.52134159E-04
0.30000000E-04    0.34453636E-07    0.59598519E-12    0.52205423E-04
0.31000000E-04    0.34534040E-07    0.59842610E-12    0.52276597E-04
0.32000000E-04    0.34651823E-07    0.60086738E-12    0.52347588E-04
0.33000000E-04    0.34742848E-07    0.60331093E-12    0.52418452E-04
0.34000000E-04    0.34789266E-07    0.60576016E-12    0.52489290E-04
0.35000000E-04    0.34889802E-07    0.60820735E-12    0.52559878E-04
0.36000000E-04    0.35000332E-07    0.61065915E-12    0.52630410E-04
0.37000000E-04    0.35071976E-07    0.61311477E-12    0.52700863E-04
0.38000000E-04    0.35166663E-07    0.61557524E-12    0.52771266E-04
0.39000000E-04    0.35292250E-07    0.61803839E-12    0.52841558E-04
0.40000000E-04    0.35342434E-07    0.62050543E-12    0.52911774E-04
0.41000000E-04    0.35486522E-07    0.62296961E-12    0.52981724E-04
0.42000000E-04    0.35555686E-07    0.62543915E-12    0.53051640E-04
0.43000000E-04    0.35669921E-07    0.62791069E-12    0.53121430E-04
0.44000000E-04    0.35742198E-07    0.63038675E-12    0.53191163E-04
0.45000000E-04    0.35837604E-07    0.63286417E-12    0.53260753E-04
0.46000000E-04    0.35957870E-07    0.63534311E-12    0.53330203E-04
0.47000000E-04    0.36067650E-07    0.63782411E-12    0.53399531E-04
0.48000000E-04    0.36224120E-07    0.64030944E-12    0.53468799E-04
0.49000000E-04    0.36319715E-07    0.64280099E-12    0.53538062E-04
0.50000000E-04    0.36417903E-07    0.64529551E-12    0.53607227E-04
0.51000000E-04    0.36504462E-07    0.64778870E-12    0.53676178E-04
0.52000000E-04    0.36584054E-07    0.65028309E-12    0.53744985E-04
0.53000000E-04    0.36640501E-07    0.65277643E-12    0.53813588E-04
0.54000000E-04    0.36745769E-07    0.65526978E-12    0.53882017E-04
0.55000000E-04    0.36859024E-07    0.65776456E-12    0.53950311E-04
0.56000000E-04    0.36951111E-07    0.66026213E-12    0.54018509E-04
0.57000000E-04    0.37100120E-07    0.66276004E-12    0.54086545E-04
0.58000000E-04    0.37216370E-07    0.66526408E-12    0.54154575E-04
0.59000000E-04    0.37310323E-07    0.66776994E-12    0.54222485E-04
0.60000000E-04    0.37389518E-07    0.67027635E-12    0.54290240E-04
0.61000000E-04    0.37505795E-07    0.67278188E-12    0.54357803E-04
0.62000000E-04    0.37636763E-07    0.67528915E-12    0.54425244E-04
0.63000000E-04    0.37733901E-07    0.67780368E-12    0.54492714E-04
0.64000000E-04    0.37861492E-07    0.68032356E-12    0.54560160E-04
0.65000000E-04    0.37966010E-07    0.68284703E-12    0.54627535E-04
0.66000000E-04    0.38088115E-07    0.68537405E-12    0.54694839E-04
0.67000000E-04    0.38184764E-07    0.68790470E-12    0.54762074E-04
0.68000000E-04    0.38265736E-07    0.69043847E-12    0.54829227E-04
0.69000000E-04    0.38340168E-07    0.69297521E-12    0.54896294E-04
0.70000000E-04    0.38476252E-07    0.69551565E-12    0.54963296E-04
0.71000000E-04    0.38576131E-07    0.69805792E-12    0.55030182E-04
0.72000000E-04    0.38637662E-07    0.70060082E-12    0.55096923E-04
0.73000000E-04    0.38769918E-07    0.70314113E-12    0.55163434E-04
0.74000000E-04    0.38878140E-07    0.70568799E-12    0.55229957E-04
0.75000000E-04    0.38955333E-07    0.70823956E-12    0.55296442E-04
0.76000000E-04    0.39096249E-07    0.71079227E-12    0.55362798E-04
0.77000000E-04    0.39170375E-07    0.71335264E-12    0.55429193E-04
0.78000000E-04    0.39291219E-07    0.71591081E-12    0.55495372E-04
0.79000000E-04    0.39416373E-07    0.71847434E-12    0.55561533E-04
0.80000000E-04    0.39526010E-07    0.72104356E-12    0.55627682E-04
0.81000000E-04    0.39605330E-07    0.72361526E-12    0.55693738E-04
0.82000000E-04    0.39712334E-07    0.72618776E-12    0.55759658E-04
0.83000000E-04    0.39840123E-07    0.72876515E-12    0.55825548E-04
0.84000000E-04    0.39932679E-07    0.73134638E-12    0.55891380E-04
0.85000000E-04    0.40020614E-07    0.73392851E-12    0.55957081E-04
0.86000000E-04    0.40120019E-07    0.73651166E-12    0.56022653E-04
0.87000000E-04    0.40275126E-07    0.73909910E-12    0.56088181E-04
0.88000000E-04    0.40389627E-07    0.74169365E-12    0.56153735E-04
0.89000000E-04    0.40493908E-07    0.74429275E-12    0.56219252E-04
0.90000000E-04    0.40591849E-07    0.74689472E-12    0.56284688E-04
0.91000000E-04    0.40668941E-07    0.74949766E-12    0.56349996E-04
0.92000000E-04    0.40741525E-07    0.75210254E-12    0.56415202E-04
0.93000000E-04    0.40861946E-07    0.75471081E-12    0.56480342E-04
0.94000000E-04    0.40937101E-07    0.75732347E-12    0.56545442E-04
0.95000000E-04    0.41086854E-07    0.75993455E-12    0.56610353E-04
0.96000000E-04    0.41180586E-07    0.76255156E-12    0.56675262E-04
0.97000000E-04    0.41282680E-07    0.76516977E-12    0.56740052E-04
0.98000000E-04    0.41380390E-07    0.76778976E-12    0.56804739E-04
0.99000000E-04    0.41474467E-07    0.77041315E-12    0.56869363E-04
0.10000000E-03    0.41626038E-07    0.77303974E-12    0.56933918E-04
0.10100000E-03    0.41716389E-07    0.77567277E-12    0.56998485E-04
0.10200000E-03    0.41780824E-07    0.77830884E-12    0.57062980E-04
0.10300000E-03    0.41887079E-07    0.78094477E-12    0.57127327E-04
0.10400000E-03    0.42008299E-07    0.78358265E-12    0.57191576E-04
0.10500000E-03    0.42130296E-07    0.78622516E-12    0.57255794E-04
0.10600000E-03    0.42257817E-07    0.78887354E-12    0.57320010E-04
0.10700000E-03    0.42346387E-07    0.79152749E-12    0.57384218E-04
0.10800000E-03    0.42411544E-07    0.79418361E-12    0.57448334E-04
0.10900000E-03    0.42533476E-07    0.79684108E-12    0.57512340E-04
0.11000000E-03    0.42626204E-07    0.79950171E-12    0.57576279E-04
0.11100000E-03    0.42738748E-07    0.80216326E-12    0.57640099E-04
0.11200000E-03    0.42819193E-07    0.80482983E-12    0.57703898E-04
0.11300000E-03    0.42868655E-07    0.80749980E-12    0.57767637E-04
0.11400000E-03    0.43001019E-07    0.81016961E-12    0.57831232E-04
0.11500000E-03    0.43107335E-07    0.81284342E-12    0.57894783E-04
0.11600000E-03    0.43214525E-07    0.81552202E-12    0.57958307E-04
0.11700000E-03    0.43332611E-07    0.81820572E-12    0.58021814E-04
0.11800000E-03    0.43446885E-07    0.82089404E-12    0.58085290E-04
0.11900000E-03    0.43546929E-07    0.82358903E-12    0.58148785E-04
0.12000000E-03    0.43694367E-07    0.82628809E-12    0.58212238E-04
0.12100000E-03    0.43806903E-07    0.82899405E-12    0.58275714E-04
0.12200000E-03    0.43909740E-07    0.83170226E-12    0.58339104E-04
0.12300000E-03    0.44016179E-07    0.83441292E-12    0.58402415E-04
0.12400000E-03    0.44150153E-07    0.83712767E-12    0.58465683E-04
0.12500000E-03    0.44257104E-07    0.83984787E-12    0.58528942E-04
0.12600000E-03    0.44352980E-07    0.84257398E-12    0.58592201E-04
0.12700000E-03    0.44470883E-07    0.84530337E-12    0.58655399E-04
0.12800000E-03    0.44561521E-07    0.84803903E-12    0.58718607E-04
0.12900000E-03    0.44643126E-07    0.85077637E-12    0.58781717E-04
0.13000000E-03    0.44704496E-07    0.85351677E-12    0.58844763E-04
0.13100000E-03    0.44820902E-07    0.85625700E-12    0.58907670E-04
0.13200000E-03    0.44928920E-07    0.85900160E-12    0.58970542E-04
0.13300000E-03    0.45044671E-07    0.86175023E-12    0.59033373E-04
0.13400000E-03    0.45151570E-07    0.86450220E-12    0.59096147E-04
0.13500000E-03    0.45254728E-07    0.86725927E-12    0.59158903E-04
0.13600000E-03    0.45409132E-07    0.87001960E-12    0.59221601E-04
0.13700000E-03    0.45484896E-07    0.87278464E-12    0.59284273E-04
0.13800000E-03    0.45596586E-07    0.87555306E-12    0.59346888E-04
0.13900000E-03    0.45716028E-07    0.87832441E-12    0.59409438E-04
0.14000000E-03    0.45806759E-07    0.88109963E-12    0.59471944E-04
0.14100000E-03    0.45912192E-07    0.88387986E-12    0.59534431E-04
0.14200000E-03    0.46004096E-07    0.88666415E-12    0.59596879E-04
0.14300000E-03    0.46126449E-07    0.88945040E-12    0.59659239E-04
0.14400000E-03    0.46232478E-07    0.89224243E-12    0.59721598E-04
0.14500000E-03    0.46334758E-07    0.89503837E-12    0.59783914E-04
0.14600000E-03    0.46452984E-07    0.89783844E-12    0.59846193E-04
0.14700000E-03    0.46536310E-07    0.90064298E-12    0.59908441E-04
0.14800000E-03    0.46602079E-07    0.90345066E-12    0.59970630E-04
0.14900000E-03    0.46732127E-07    0.90626024E-12    0.60032732E-04
0.15000000E-03    0.46863438E-07    0.90907304E-12    0.60094776E-04
0.15100000E-03    0.46947764E-07    0.91189037E-12    0.60156793E-04
0.15200000E-03    0.47040188E-07    0.91471109E-12    0.60218756E-04
0.15300000E-03    0.47119772E-07    0.91753424E-12    0.60280645E-04
0.15400000E-03    0.47227815E-07    0.92035968E-12    0.60342457E-04
0.15500000E-03    0.47388670E-07    0.92319029E-12    0.60404256E-04
0.15600000E-03    0.47515735E-07    0.92602796E-12    0.60466082E-04
0.15700000E-03    0.47637471E-07    0.92886967E-12    0.60527870E-04
0.15800000E-03    0.47749267E-07    0.93171946E-12    0.60589707E-04
0.15900000E-03    0.47832681E-07    0.93457423E-12    0.60651526E-04
0.16000000E-03    0.47946117E-07    0.93743180E-12    0.60713279E-04
0.16100000E-03    0.48058229E-07    0.94029316E-12    0.60774989E-04
0.16200000E-03    0.48145002E-07    0.94315621E-12    0.60836610E-04
0.16300000E-03    0.48235272E-07    0.94602173E-12    0.60898160E-04
0.16400000E-03    0.48321766E-07    0.94889123E-12    0.60959670E-04
0.16500000E-03    0.48466866E-07    0.95176378E-12    0.61021122E-04
0.16600000E-03    0.48561354E-07    0.95464218E-12    0.61082575E-04
0.16700000E-03    0.48700499E-07    0.95752105E-12    0.61143915E-04
0.16800000E-03    0.48830678E-07    0.96040469E-12    0.61205233E-04
0.16900000E-03    0.48938630E-07    0.96329156E-12    0.61266497E-04
0.17000000E-03    0.49050749E-07    0.96618064E-12    0.61327685E-04
0.17100000E-03    0.49174004E-07    0.96907381E-12    0.61388838E-04
0.17200000E-03    0.49286684E-07    0.97197085E-12    0.61449951E-04
0.17300000E-03    0.49376673E-07    0.97487153E-12    0.61511020E-04
0.17400000E-03    0.49494255E-07    0.97777681E-12    0.61572063E-04
0.17500000E-03    0.49589361E-07    0.98068566E-12    0.61633061E-04
0.17600000E-03    0.49694240E-07    0.98359804E-12    0.61694012E-04
0.17700000E-03    0.49811743E-07    0.98651643E-12    0.61754969E-04
0.17800000E-03    0.49882647E-07    0.98943887E-12    0.61815889E-04
0.17900000E-03    0.49998236E-07    0.99236386E-12    0.61876743E-04
0.18000000E-03    0.50111378E-07    0.99529151E-12    0.61937532E-04
0.18100000E-03    0.50200807E-07    0.99822397E-12    0.61998302E-04
0.18200000E-03    0.50294582E-07    0.10011604E-11    0.62059035E-04
0.18300000E-03    0.50399238E-07    0.10040999E-11    0.62119712E-04
0.18400000E-03    0.50507903E-07    0.10070430E-11    0.62180346E-04
0.18500000E-03    0.50629006E-07    0.10099907E-11    0.62240956E-04
0.18600000E-03    0.50695892E-07    0.10129431E-11    0.62301544E-04
0.18700000E-03    0.50813559E-07    0.10158959E-11    0.62362024E-04
0.18800000E-03    0.50958101E-07    0.10188557E-11    0.62422529E-04
0.18900000E-03    0.51042769E-07    0.10218231E-11    0.62483072E-04
0.19000000E-03    0.51156349E-07    0.10247934E-11    0.62543555E-04
0.19100000E-03    0.51289054E-07    0.10277687E-11    0.62604026E-04
0.19200000E-03    0.51409316E-07    0.10307497E-11    0.62664494E-04
0.19300000E-03    0.51509461E-07    0.10337347E-11    0.62724926E-04
0.19400000E-03    0.51629026E-07    0.10367239E-11    0.62785327E-04
0.19500000E-03    0.51769892E-07    0.10397183E-11    0.62845717E-04
0.19600000E-03    0.51857306E-07    0.10427169E-11    0.62906077E-04
0.19700000E-03    0.51932463E-07    0.10457186E-11    0.62966383E-04
0.19800000E-03    0.52075628E-07    0.10487221E-11    0.63026609E-04
0.19900000E-03    0.52146033E-07    0.10517330E-11    0.63086868E-04
0.20000000E-03    0.52280805E-07    0.10547462E-11    0.63147057E-04
0.20100000E-03    0.52420803E-07    0.10577650E-11    0.63207244E-04
0.20200000E-03    0.52529332E-07    0.10607896E-11    0.63267432E-04
0.20300000E-03    0.52623096E-07    0.10638172E-11    0.63327566E-04
0.20400000E-03    0.52715684E-07    0.10668466E-11    0.63387622E-04
0.20500000E-03    0.52839294E-07    0.10698802E-11    0.63447645E-04
0.20600000E-03    0.52907400E-07    0.10729181E-11    0.63507641E-04
0.20700000E-03    0.53022016E-07    0.10759568E-11    0.63567541E-04
0.20800000E-03    0.53120657E-07    0.10790009E-11    0.63627433E-04
0.20900000E-03    0.53196162E-07    0.10820483E-11    0.63687276E-04
0.21000000E-03    0.53342264E-07    0.10850968E-11    0.63747030E-04
0.21100000E-03    0.53444109E-07    0.10881512E-11    0.63806787E-04
0.21200000E-03    0.53566847E-07    0.10912105E-11    0.63866528E-04
0.21300000E-03    0.53707304E-07    0.10942737E-11    0.63926234E-04
0.21400000E-03    0.53809993E-07    0.10973415E-11    0.63985917E-04
0.21500000E-03    0.53934923E-07    0.11004116E-11    0.64045534E-04
0.21600000E-03    0.54041035E-07    0.11034856E-11    0.64105116E-04
0.21700000E-03    0.54128562E-07    0.11065635E-11    0.64164662E-04
0.21800000E-03    0.54248884E-07    0.11096431E-11    0.64224132E-04
0.21900000E-03    0.54384245E-07    0.11127268E-11    0.64283569E-04
0.22000000E-03    0.54483536E-07    0.11158155E-11    0.64342993E-04
0.22100000E-03    0.54584474E-07    0.11189067E-11    0.64402357E-04
0.22200000E-03    0.54704437E-07    0.11220022E-11    0.64461692E-04
0.22300000E-03    0.54797754E-07    0.11251025E-11    0.64521010E-04
0.22400000E-03    0.54891970E-07    0.11282062E-11    0.64580284E-04
0.22500000E-03    0.54968072E-07    0.11313125E-11    0.64639501E-04
0.22600000E-03    0.55069653E-07    0.11344213E-11    0.64698655E-04
0.22700000E-03    0.55213204E-07    0.11375337E-11    0.64757771E-04
0.22800000E-03    0.55349901E-07    0.11406519E-11    0.64816887E-04
0.22900000E-03    0.55483018E-07    0.11437750E-11    0.64875989E-04
0.23000000E-03    0.55604121E-07    0.11469041E-11    0.64935098E-04
0.23100000E-03    0.55708276E-07    0.11500385E-11    0.64994197E-04
0.23200000E-03    0.55789366E-07    0.11531761E-11    0.65053252E-04
0.23300000E-03    0.55898065E-07    0.11563156E-11    0.65112233E-04
0.23400000E-03    0.56020901E-07    0.11594584E-11    0.65171170E-04
0.23500000E-03    0.56139745E-07    0.11626068E-11    0.65230106E-04
0.23600000E-03    0.56221085E-07    0.11657603E-11    0.65289031E-04
0.23700000E-03    0.56347828E-07    0.11689141E-11    0.65347854E-04
0.23800000E-03    0.56463999E-07    0.11720738E-11    0.65406682E-04
0.23900000E-03    0.56600377E-07    0.11752362E-11    0.65465454E-04
0.24000000E-03    0.56728659E-07    0.11784058E-11    0.65524254E-04
0.24100000E-03    0.56841356E-07    0.11815800E-11    0.65583035E-04
0.24200000E-03    0.56947075E-07    0.11847588E-11    0.65641794E-04
0.24300000E-03    0.57074081E-07    0.11879429E-11    0.65700547E-04
0.24400000E-03    0.57171606E-07    0.11911337E-11    0.65759318E-04
0.24500000E-03    0.57265147E-07    0.11943283E-11    0.65818054E-04
0.24600000E-03    0.57382477E-07    0.11975260E-11    0.65876743E-04
0.24700000E-03    0.57467054E-07    0.12007273E-11    0.65935392E-04
0.24800000E-03    0.57545865E-07    0.12039325E-11    0.65994009E-04
0.24900000E-03    0.57667946E-07    0.12071401E-11    0.66052565E-04
0.25000000E-03    0.57792524E-07    0.12103529E-11    0.66111114E-04
0.25100000E-03    0.57917167E-07    0.12135700E-11    0.66169636E-04
0.25200000E-03    0.58066476E-07    0.12167898E-11    0.66228103E-04
0.25300000E-03    0.58201203E-07    0.12200150E-11    0.66286566E-04
0.25400000E-03    0.58291171E-07    0.12232460E-11    0.66345030E-04
0.25500000E-03    0.58418654E-07    0.12264784E-11    0.66403418E-04
0.25600000E-03    0.58518417E-07    0.12297147E-11    0.66461773E-04
0.25700000E-03    0.58605795E-07    0.12329547E-11    0.66520091E-04
0.25800000E-03    0.58718085E-07    0.12361978E-11    0.66578364E-04
0.25900000E-03    0.58837080E-07    0.12394457E-11    0.66636621E-04
0.26000000E-03    0.58935619E-07    0.12426984E-11    0.66694861E-04
0.26100000E-03    0.59079495E-07    0.12459543E-11    0.66753058E-04
0.26200000E-03    0.59181459E-07    0.12492158E-11    0.66811254E-04
0.26300000E-03    0.59302385E-07    0.12524819E-11    0.66869430E-04
0.26400000E-03    0.59400173E-07    0.12557534E-11    0.66927600E-04
0.26500000E-03    0.59496119E-07    0.12590297E-11    0.66985756E-04
0.26600000E-03    0.59592885E-07    0.12623073E-11    0.67043832E-04
0.26700000E-03    0.59706854E-07    0.12655889E-11    0.67101879E-04
0.26800000E-03    0.59805084E-07    0.12688743E-11    0.67159893E-04
0.26900000E-03    0.59917200E-07    0.12721614E-11    0.67217837E-04
0.27000000E-03    0.60044762E-07    0.12754514E-11    0.67275733E-04
0.27100000E-03    0.60152049E-07    0.12787459E-11    0.67333608E-04
0.27200000E-03    0.60259872E-07    0.12820437E-11    0.67391440E-04
0.27300000E-03    0.60335635E-07    0.12853456E-11    0.67449246E-04
0.27400000E-03    0.60418270E-07    0.12886500E-11    0.67506998E-04
0.27500000E-03    0.60552392E-07    0.12919573E-11    0.67564700E-04
0.27600000E-03    0.60666986E-07    0.12952705E-11    0.67622407E-04
0.27700000E-03    0.60775180E-07    0.12985878E-11    0.67680086E-04
0.27800000E-03    0.60898532E-07    0.13019103E-11    0.67737758E-04
0.27900000E-03    0.60992435E-07    0.13052360E-11    0.67795386E-04
0.28000000E-03    0.61092007E-07    0.13085673E-11    0.67853015E-04
0.28100000E-03    0.61240895E-07    0.13119022E-11    0.67910608E-04
0.28200000E-03    0.61365649E-07    0.13152448E-11    0.67968235E-04
0.28300000E-03    0.61500806E-07    0.13185918E-11    0.68025842E-04
0.28400000E-03    0.61608658E-07    0.13219440E-11    0.68083438E-04
0.28500000E-03    0.61682606E-07    0.13253003E-11    0.68141009E-04
0.28600000E-03    0.61839207E-07    0.13286599E-11    0.68198539E-04
0.28700000E-03    0.61968876E-07    0.13320268E-11    0.68256096E-04
0.28800000E-03    0.62056229E-07    0.13353982E-11    0.68313634E-04
0.28900000E-03    0.62188548E-07    0.13387733E-11    0.68371138E-04
0.29000000E-03    0.62302468E-07    0.13421528E-11    0.68428621E-04
0.29100000E-03    0.62395810E-07    0.13455365E-11    0.68486078E-04
0.29200000E-03    0.62525301E-07    0.13489224E-11    0.68543476E-04
0.29300000E-03    0.62653353E-07    0.13523132E-11    0.68600859E-04
0.29400000E-03    0.62761783E-07    0.13557092E-11    0.68658236E-04
0.29500000E-03    0.62850939E-07    0.13591086E-11    0.68715574E-04
0.29600000E-03    0.62967892E-07    0.13625100E-11    0.68772852E-04
0.29700000E-03    0.63096336E-07    0.13659147E-11    0.68830087E-04
0.29800000E-03    0.63220248E-07    0.13693232E-11    0.68887293E-04
0.29900000E-03    0.63330558E-07    0.13727362E-11    0.68944478E-04
0.30000000E-03    0.63421791E-07    0.13761530E-11    0.69001633E-04
0.30100000E-03    0.63535419E-07    0.13795710E-11    0.69058713E-04
0.30200000E-03    0.63631154E-07    0.13829919E-11    0.69115748E-04
0.30300000E-03    0.63745797E-07    0.13864162E-11    0.69172745E-04
0.30400000E-03    0.63854073E-07    0.13898439E-11    0.69229704E-04
0.30500000E-03    0.63999551E-07    0.13932749E-11    0.69286623E-04
0.30600000E-03    0.64118011E-07    0.13967111E-11    0.69343537E-04
0.30700000E-03    0.64252032E-07    0.14001505E-11    0.69400410E-04
0.30800000E-03    0.64339108E-07    0.14035937E-11    0.69457253E-04
0.30900000E-03    0.64435021E-07    0.14070413E-11    0.69514074E-04
0.31000000E-03    0.64544442E-07    0.14104917E-11    0.69570849E-04
0.31100000E-03    0.64667352E-07    0.14139465E-11    0.69627604E-04
0.31200000E-03    0.64778239E-07    0.14174056E-11    0.69684337E-04
0.31300000E-03    0.64872056E-07    0.14208691E-11    0.69741051E-04
0.31400000E-03    0.65008136E-07    0.14243365E-11    0.69797736E-04
0.31500000E-03    0.65136749E-07    0.14278089E-11    0.69854410E-04
0.31600000E-03    0.65204078E-07    0.14312871E-11    0.69911086E-04
0.31700000E-03    0.65316617E-07    0.14347671E-11    0.69967700E-04
0.31800000E-03    0.65421374E-07    0.14382514E-11    0.70024292E-04
0.31900000E-03    0.65546591E-07    0.14417398E-11    0.70080861E-04
0.32000000E-03    0.65676481E-07    0.14452337E-11    0.70137427E-04
0.32100000E-03    0.65793015E-07    0.14487320E-11    0.70193971E-04
0.32200000E-03    0.65923681E-07    0.14522364E-11    0.70250524E-04
0.32300000E-03    0.66042309E-07    0.14557453E-11    0.70307059E-04
0.32400000E-03    0.66186178E-07    0.14592592E-11    0.70363583E-04
0.32500000E-03    0.66292638E-07    0.14627797E-11    0.70420122E-04
0.32600000E-03    0.66407398E-07    0.14663036E-11    0.70476624E-04
0.32700000E-03    0.66533868E-07    0.14698323E-11    0.70533113E-04
0.32800000E-03    0.66653584E-07    0.14733680E-11    0.70589625E-04
0.32900000E-03    0.66752655E-07    0.14769090E-11    0.70646130E-04
0.33000000E-03    0.66845854E-07    0.14804536E-11    0.70702601E-04
0.33100000E-03    0.66961310E-07    0.14840017E-11    0.70759040E-04
0.33200000E-03    0.67135494E-07    0.14875541E-11    0.70815456E-04
0.33300000E-03    0.67245462E-07    0.14911124E-11    0.70871876E-04
0.33400000E-03    0.67367166E-07    0.14946752E-11    0.70928277E-04
0.33500000E-03    0.67462230E-07    0.14982432E-11    0.70984670E-04
0.33600000E-03    0.67566477E-07    0.15018137E-11    0.71041014E-04
0.33700000E-03    0.67644125E-07    0.15053870E-11    0.71097312E-04
0.33800000E-03    0.67777585E-07    0.15089614E-11    0.71153540E-04
0.33900000E-03    0.67853018E-07    0.15125405E-11    0.71209751E-04
0.34000000E-03    0.68010147E-07    0.15161211E-11    0.71265898E-04
0.34100000E-03    0.68092764E-07    0.15197081E-11    0.71322056E-04
0.34200000E-03    0.68172756E-07    0.15232979E-11    0.71378170E-04
0.34300000E-03    0.68267527E-07    0.15268895E-11    0.71434224E-04
0.34400000E-03    0.68416874E-07    0.15304862E-11    0.71490269E-04
0.34500000E-03    0.68524555E-07    0.15340880E-11    0.71546307E-04
0.34600000E-03    0.68644601E-07    0.15376941E-11    0.71602322E-04
0.34700000E-03    0.68769545E-07    0.15413042E-11    0.71658314E-04
0.34800000E-03    0.68883607E-07    0.15449198E-11    0.71714302E-04
0.34900000E-03    0.69010084E-07    0.15485391E-11    0.71770260E-04
0.35000000E-03    0.69162468E-07    0.15521639E-11    0.71826217E-04
0.35100000E-03    0.69236837E-07    0.15557943E-11    0.71882171E-04
0.35200000E-03    0.69369505E-07    0.15594262E-11    0.71938063E-04
0.35300000E-03    0.69466935E-07    0.15630632E-11    0.71993946E-04
0.35400000E-03    0.69553627E-07    0.15667043E-11    0.72049805E-04
0.35500000E-03    0.69680135E-07    0.15703474E-11    0.72105607E-04
0.35600000E-03    0.69862439E-07    0.15739951E-11    0.72161396E-04
0.35700000E-03    0.69937901E-07    0.15776472E-11    0.72217163E-04
0.35800000E-03    0.70055519E-07    0.15813007E-11    0.72272867E-04
0.35900000E-03    0.70219414E-07    0.15849565E-11    0.72328520E-04
0.36000000E-03    0.70291940E-07    0.15886184E-11    0.72384180E-04
0.36100000E-03    0.70476437E-07    0.15922812E-11    0.72439769E-04
0.36200000E-03    0.70569927E-07    0.15959504E-11    0.72495369E-04
0.36300000E-03    0.70673911E-07    0.15996224E-11    0.72550926E-04
0.36400000E-03    0.70794022E-07    0.16032966E-11    0.72606430E-04
0.36500000E-03    0.70936657E-07    0.16069759E-11    0.72661928E-04
0.36600000E-03    0.71080140E-07    0.16106615E-11    0.72717435E-04
0.36700000E-03    0.71184664E-07    0.16143523E-11    0.72772937E-04
0.36800000E-03    0.71292562E-07    0.16180459E-11    0.72828395E-04
0.36900000E-03    0.71375024E-07    0.16217426E-11    0.72883816E-04
0.37000000E-03    0.71488911E-07    0.16254408E-11    0.72939176E-04
0.37100000E-03    0.71590227E-07    0.16291416E-11    0.72994490E-04
0.37200000E-03    0.71717087E-07    0.16328467E-11    0.73049784E-04
0.37300000E-03    0.71821068E-07    0.16365578E-11    0.73105084E-04
0.37400000E-03    0.71926340E-07    0.16402723E-11    0.73160351E-04
0.37500000E-03    0.72062365E-07    0.16439911E-11    0.73215599E-04
0.37600000E-03    0.72177606E-07    0.16477149E-11    0.73270838E-04
0.37700000E-03    0.72279126E-07    0.16514447E-11    0.73326081E-04
0.37800000E-03    0.72393327E-07    0.16551788E-11    0.73381306E-04
0.37900000E-03    0.72502306E-07    0.16589169E-11    0.73436507E-04
0.38000000E-03    0.72579259E-07    0.16626598E-11    0.73491694E-04
0.38100000E-03    0.72700403E-07    0.16664059E-11    0.73546848E-04
0.38200000E-03    0.72852555E-07    0.16701568E-11    0.73601987E-04
0.38300000E-03    0.72952308E-07    0.16739128E-11    0.73657121E-04
0.38400000E-03    0.73077929E-07    0.16776724E-11    0.73712225E-04
0.38500000E-03    0.73229763E-07    0.16814363E-11    0.73767308E-04
0.38600000E-03    0.73322073E-07    0.16852063E-11    0.73822399E-04
0.38700000E-03    0.73453482E-07    0.16889806E-11    0.73877471E-04
0.38800000E-03    0.73577217E-07    0.16927600E-11    0.73932535E-04
0.38900000E-03    0.73738243E-07    0.16965444E-11    0.73987588E-04
0.39000000E-03    0.73819710E-07    0.17003348E-11    0.74042648E-04
0.39100000E-03    0.73950883E-07    0.17041280E-11    0.74097666E-04
0.39200000E-03    0.74083995E-07    0.17079265E-11    0.74152681E-04
0.39300000E-03    0.74196819E-07    0.17117308E-11    0.74207697E-04
0.39400000E-03    0.74311346E-07    0.17155403E-11    0.74262706E-04
0.39500000E-03    0.74447088E-07    0.17193519E-11    0.74317665E-04
0.39600000E-03    0.74553255E-07    0.17231698E-11    0.74372633E-04
0.39700000E-03    0.74648963E-07    0.17269925E-11    0.74427588E-04
0.39800000E-03    0.74783088E-07    0.17308197E-11    0.74482528E-04
0.39900000E-03    0.74894525E-07    0.17346520E-11    0.74537458E-04
0.40000000E-03    0.75010488E-07    0.17384890E-11    0.74592377E-04
0.40100000E-03    0.75151315E-07    0.17423296E-11    0.74647265E-04
0.40200000E-03    0.75286345E-07    0.17461764E-11    0.74702162E-04
0.40300000E-03    0.75402152E-07    0.17500283E-11    0.74757050E-04
0.40400000E-03    0.75520126E-07    0.17538837E-11    0.74811908E-04
0.40500000E-03    0.75577832E-07    0.17577425E-11    0.74866733E-04
0.40600000E-03    0.75663040E-07    0.17616037E-11    0.74921512E-04
0.40700000E-03    0.75790420E-07    0.17654677E-11    0.74976251E-04
0.40800000E-03    0.75893846E-07    0.17693382E-11    0.75031003E-04
0.40900000E-03    0.76062338E-07    0.17732132E-11    0.75085737E-04
0.41000000E-03    0.76175387E-07    0.17770946E-11    0.75140482E-04
0.41100000E-03    0.76279179E-07    0.17809793E-11    0.75195195E-04
0.41200000E-03    0.76430955E-07    0.17848685E-11    0.75249890E-04
0.41300000E-03    0.76500081E-07    0.17887630E-11    0.75304581E-04
0.41400000E-03    0.76621219E-07    0.17926584E-11    0.75359205E-04
0.41500000E-03    0.76784857E-07    0.17965586E-11    0.75413817E-04
0.41600000E-03    0.76898913E-07    0.18004656E-11    0.75468446E-04
0.41700000E-03    0.77068230E-07    0.18043764E-11    0.75523048E-04
0.41800000E-03    0.77186139E-07    0.18082929E-11    0.75577651E-04
0.41900000E-03    0.77293525E-07    0.18122114E-11    0.75632203E-04
0.42000000E-03    0.77382942E-07    0.18161347E-11    0.75686742E-04
0.42100000E-03    0.77515795E-07    0.18200597E-11    0.75741228E-04
0.42200000E-03    0.77644566E-07    0.18239888E-11    0.75795692E-04
0.42300000E-03    0.77717168E-07    0.18279220E-11    0.75850133E-04
0.42400000E-03    0.77868013E-07    0.18318557E-11    0.75904504E-04
0.42500000E-03    0.78021379E-07    0.18357943E-11    0.75958865E-04
0.42600000E-03    0.78139021E-07    0.18397387E-11    0.76013228E-04
0.42700000E-03    0.78226569E-07    0.18436874E-11    0.76067573E-04
0.42800000E-03    0.78366243E-07    0.18476380E-11    0.76121866E-04
0.42900000E-03    0.78444170E-07    0.18515922E-11    0.76176132E-04
0.43000000E-03    0.78533221E-07    0.18555465E-11    0.76230320E-04
0.43100000E-03    0.78623260E-07    0.18595030E-11    0.76284463E-04
0.43200000E-03    0.78758238E-07    0.18634609E-11    0.76338548E-04
0.43300000E-03    0.78871138E-07    0.18674245E-11    0.76392633E-04
0.43400000E-03    0.78976336E-07    0.18713932E-11    0.76446712E-04
0.43500000E-03    0.79107160E-07    0.18753651E-11    0.76500759E-04
0.43600000E-03    0.79197191E-07    0.18793398E-11    0.76554766E-04
0.43700000E-03    0.79303986E-07    0.18833183E-11    0.76608749E-04
0.43800000E-03    0.79511889E-07    0.18873001E-11    0.76662702E-04
0.43900000E-03    0.79617378E-07    0.18912901E-11    0.76716688E-04
0.44000000E-03    0.79697750E-07    0.18952838E-11    0.76770649E-04
0.44100000E-03    0.79777286E-07    0.18992806E-11    0.76824576E-04
0.44200000E-03    0.79908350E-07    0.19032790E-11    0.76878449E-04
0.44300000E-03    0.80046320E-07    0.19072813E-11    0.76932299E-04
0.44400000E-03    0.80177927E-07    0.19112873E-11    0.76986124E-04
0.44500000E-03    0.80332076E-07    0.19152981E-11    0.77039938E-04
0.44600000E-03    0.80476586E-07    0.19193141E-11    0.77093746E-04
0.44700000E-03    0.80626537E-07    0.19233350E-11    0.77147545E-04
0.44800000E-03    0.80752361E-07    0.19273620E-11    0.77201350E-04
0.44900000E-03    0.80870896E-07    0.19313929E-11    0.77255132E-04
0.45000000E-03    0.80976469E-07    0.19354287E-11    0.77308905E-04
0.45100000E-03    0.81107096E-07    0.19394680E-11    0.77362650E-04
0.45200000E-03    0.81226487E-07    0.19435118E-11    0.77416380E-04
0.45300000E-03    0.81323956E-07    0.19475601E-11    0.77470095E-04
0.45400000E-03    0.81392940E-07    0.19516121E-11    0.77523784E-04
0.45500000E-03    0.81506420E-07    0.19556667E-11    0.77577434E-04
0.45600000E-03    0.81685809E-07    0.19597249E-11    0.77631058E-04
0.45700000E-03    0.81803352E-07    0.19637897E-11    0.77684693E-04
0.45800000E-03    0.81933933E-07    0.19678592E-11    0.77738318E-04
0.45900000E-03    0.82025903E-07    0.19719347E-11    0.77791947E-04
0.46000000E-03    0.82157639E-07    0.19760136E-11    0.77845547E-04
0.46100000E-03    0.82285124E-07    0.19800978E-11    0.77899143E-04
0.46200000E-03    0.82401291E-07    0.19841881E-11    0.77952744E-04
0.46300000E-03    0.82516882E-07    0.19882828E-11    0.78006330E-04
0.46400000E-03    0.82679877E-07    0.19923814E-11    0.78059893E-04
0.46500000E-03    0.82797484E-07    0.19964862E-11    0.78113465E-04
0.46600000E-03    0.82871795E-07    0.20005961E-11    0.78167028E-04
0.46700000E-03    0.82972547E-07    0.20047076E-11    0.78220540E-04
0.46800000E-03    0.83063556E-07    0.20088228E-11    0.78274027E-04
0.46900000E-03    0.83197935E-07    0.20129414E-11    0.78327483E-04
0.47000000E-03    0.83311795E-07    0.20170653E-11    0.78380936E-04
0.47100000E-03    0.83448770E-07    0.20211938E-11    0.78434376E-04
0.47200000E-03    0.83577136E-07    0.20253267E-11    0.78487801E-04
0.47300000E-03    0.83656790E-07    0.20294634E-11    0.78541200E-04
0.47400000E-03    0.83792009E-07    0.20336030E-11    0.78594566E-04
0.47500000E-03    0.83899220E-07    0.20377458E-11    0.78647900E-04
0.47600000E-03    0.84034096E-07    0.20418925E-11    0.78701213E-04
0.47700000E-03    0.84130352E-07    0.20460438E-11    0.78754511E-04
0.47800000E-03    0.84231550E-07    0.20501977E-11    0.78807771E-04
0.47900000E-03    0.84373900E-07    0.20543562E-11    0.78861018E-04
0.48000000E-03    0.84476815E-07    0.20585201E-11    0.78914262E-04
0.48100000E-03    0.84577429E-07    0.20626868E-11    0.78967471E-04
0.48200000E-03    0.84721923E-07    0.20668573E-11    0.79020656E-04
0.48300000E-03    0.84868233E-07    0.20710334E-11    0.79073840E-04
0.48400000E-03    0.85029253E-07    0.20752136E-11    0.79127006E-04
0.48500000E-03    0.85138693E-07    0.20793983E-11    0.79180156E-04
0.48600000E-03    0.85290525E-07    0.20835875E-11    0.79233294E-04
0.48700000E-03    0.85389831E-07    0.20877830E-11    0.79286440E-04
0.48800000E-03    0.85499860E-07    0.20919815E-11    0.79339552E-04
0.48900000E-03    0.85606251E-07    0.20961831E-11    0.79392632E-04
0.49000000E-03    0.85730281E-07    0.21003877E-11    0.79445680E-04
0.49100000E-03    0.85804522E-07    0.21045960E-11    0.79498704E-04
0.49200000E-03    0.85920660E-07    0.21088072E-11    0.79551692E-04
0.49300000E-03    0.86009741E-07    0.21130215E-11    0.79604650E-04
0.49400000E-03    0.86123010E-07    0.21172392E-11    0.79657579E-04
0.49500000E-03    0.86254264E-07    0.21214609E-11    0.79710490E-04
0.49600000E-03    0.86382403E-07    0.21256861E-11    0.79763372E-04
0.49700000E-03    0.86483142E-07    0.21299149E-11    0.79816231E-04
0.49800000E-03    0.86622705E-07    0.21341468E-11    0.79869057E-04
0.49900000E-03    0.86796644E-07    0.21383846E-11    0.79921888E-04
0.50000000E-03    0.86904707E-07    0.21426281E-11    0.79974721E-04
0.50100000E-03    0.87000419E-07    0.21468741E-11    0.80027513E-04
0.50200000E-03    0.87159175E-07    0.21511214E-11    0.80080253E-04
0.50300000E-03    0.87344345E-07    0.21553755E-11    0.80133008E-04
0.50400000E-03    0.87459967E-07    0.21596371E-11    0.80185786E-04
0.50500000E-03    0.87578164E-07    0.21639040E-11    0.80238560E-04
0.50600000E-03    0.87697223E-07    0.21681728E-11    0.80291288E-04
0.50700000E-03    0.87797691E-07    0.21724449E-11    0.80343988E-04
0.50800000E-03    0.87941797E-07    0.21767199E-11    0.80396655E-04
0.50900000E-03    0.88042578E-07    0.21809986E-11    0.80449298E-04
0.51000000E-03    0.88202803E-07    0.21852812E-11    0.80501920E-04
0.51100000E-03    0.88298329E-07    0.21895684E-11    0.80554530E-04
0.51200000E-03    0.88403009E-07    0.21938578E-11    0.80607099E-04
0.51300000E-03    0.88492704E-07    0.21981498E-11    0.80659630E-04
0.51400000E-03    0.88636162E-07    0.22024450E-11    0.80712133E-04
0.51500000E-03    0.88741875E-07    0.22067463E-11    0.80764641E-04
0.51600000E-03    0.88845188E-07    0.22110510E-11    0.80817123E-04
0.51700000E-03    0.89013110E-07    0.22153597E-11    0.80869585E-04
0.51800000E-03    0.89192271E-07    0.22196757E-11    0.80922068E-04
0.51900000E-03    0.89242188E-07    0.22239972E-11    0.80974550E-04
0.52000000E-03    0.89365540E-07    0.22283201E-11    0.81026981E-04
0.52100000E-03    0.89493068E-07    0.22326472E-11    0.81079395E-04
0.52200000E-03    0.89594236E-07    0.22369775E-11    0.81131780E-04
0.52300000E-03    0.89699457E-07    0.22413100E-11    0.81184123E-04
0.52400000E-03    0.89839934E-07    0.22456470E-11    0.81236454E-04
0.52500000E-03    0.89964578E-07    0.22499883E-11    0.81288769E-04
0.52600000E-03    0.90110934E-07    0.22543342E-11    0.81341073E-04
0.52700000E-03    0.90236795E-07    0.22586845E-11    0.81393362E-04
0.52800000E-03    0.90346502E-07    0.22630390E-11    0.81445634E-04
0.52900000E-03    0.90503020E-07    0.22673957E-11    0.81497865E-04
0.53000000E-03    0.90630262E-07    0.22717597E-11    0.81550118E-04
0.53100000E-03    0.90765216E-07    0.22761266E-11    0.81602338E-04
0.53200000E-03    0.90887905E-07    0.22804985E-11    0.81654550E-04
0.53300000E-03    0.91025199E-07    0.22848746E-11    0.81706747E-04
0.53400000E-03    0.91140627E-07    0.22892569E-11    0.81758950E-04
0.53500000E-03    0.91248340E-07    0.22936412E-11    0.81811111E-04
0.53600000E-03    0.91401688E-07    0.22980294E-11    0.81863252E-04
0.53700000E-03    0.91514285E-07    0.23024245E-11    0.81915408E-04
0.53800000E-03    0.91627777E-07    0.23068230E-11    0.81967538E-04
0.53900000E-03    0.91746070E-07    0.23112244E-11    0.82019636E-04
0.54000000E-03    0.91872617E-07    0.23156300E-11    0.82071717E-04
0.54100000E-03    0.92023026E-07    0.23200409E-11    0.82123794E-04
0.54200000E-03    0.92159082E-07    0.23244574E-11    0.82175873E-04
0.54300000E-03    0.92284689E-07    0.23288787E-11    0.82227942E-04
0.54400000E-03    0.92390066E-07    0.23333050E-11    0.82280003E-04
0.54500000E-03    0.92472016E-07    0.23377348E-11    0.82332040E-04
0.54600000E-03    0.92576484E-07    0.23421672E-11    0.82384041E-04
0.54700000E-03    0.92667150E-07    0.23466045E-11    0.82436035E-04
0.54800000E-03    0.92767830E-07    0.23510462E-11    0.82488015E-04
0.54900000E-03    0.92953881E-07    0.23554909E-11    0.82539963E-04
0.55000000E-03    0.93066142E-07    0.23599434E-11    0.82591938E-04
0.55100000E-03    0.93196905E-07    0.23643987E-11    0.82643880E-04
0.55200000E-03    0.93313103E-07    0.23688565E-11    0.82695786E-04
0.55300000E-03    0.93469094E-07    0.23733177E-11    0.82747667E-04
0.55400000E-03    0.93626301E-07    0.23777843E-11    0.82799545E-04
0.55500000E-03    0.93732751E-07    0.23822561E-11    0.82851418E-04
0.55600000E-03    0.93937454E-07    0.23867325E-11    0.82903280E-04
0.55700000E-03    0.94051096E-07    0.23912173E-11    0.82955174E-04
0.55800000E-03    0.94197361E-07    0.23957059E-11    0.83007047E-04
0.55900000E-03    0.94314871E-07    0.24001988E-11    0.83058905E-04
0.56000000E-03    0.94407751E-07    0.24046970E-11    0.83110759E-04
0.56100000E-03    0.94515257E-07    0.24091979E-11    0.83162581E-04
0.56200000E-03    0.94584597E-07    0.24137025E-11    0.83214379E-04
0.56300000E-03    0.94697706E-07    0.24182086E-11    0.83266130E-04
0.56400000E-03    0.94882117E-07    0.24227183E-11    0.83317860E-04
0.56500000E-03    0.95028542E-07    0.24272341E-11    0.83369594E-04
0.56600000E-03    0.95171333E-07    0.24317538E-11    0.83421308E-04
0.56700000E-03    0.95294167E-07    0.24362787E-11    0.83473019E-04
0.56800000E-03    0.95416540E-07    0.24408089E-11    0.83524725E-04
0.56900000E-03    0.95463069E-07    0.24453437E-11    0.83576421E-04
0.57000000E-03    0.95578851E-07    0.24498794E-11    0.83628062E-04
0.57100000E-03    0.95646124E-07    0.24544197E-11    0.83679692E-04
0.57200000E-03    0.95802733E-07    0.24589611E-11    0.83731271E-04
0.57300000E-03    0.95912655E-07    0.24635090E-11    0.83782859E-04
0.57400000E-03    0.96071624E-07    0.24680609E-11    0.83834431E-04
0.57500000E-03    0.96177096E-07    0.24726187E-11    0.83886005E-04
0.57600000E-03    0.96334103E-07    0.24771785E-11    0.83937538E-04
0.57700000E-03    0.96429248E-07    0.24817435E-11    0.83989067E-04
0.57800000E-03    0.96578878E-07    0.24863110E-11    0.84040562E-04
0.57900000E-03    0.96739313E-07    0.24908838E-11    0.84092052E-04
0.58000000E-03    0.96898028E-07    0.24954621E-11    0.84143542E-04
0.58100000E-03    0.97028973E-07    0.25000464E-11    0.84195036E-04
0.58200000E-03    0.97167937E-07    0.25046356E-11    0.84246522E-04
0.58300000E-03    0.97279382E-07    0.25092302E-11    0.84298005E-04
0.58400000E-03    0.97363317E-07    0.25138278E-11    0.84349460E-04
0.58500000E-03    0.97489299E-07    0.25184270E-11    0.84400869E-04
0.58600000E-03    0.97665059E-07    0.25230312E-11    0.84452272E-04
0.58700000E-03    0.97794571E-07    0.25276415E-11    0.84503680E-04
0.58800000E-03    0.97884864E-07    0.25322567E-11    0.84555080E-04
0.58900000E-03    0.97968000E-07    0.25368747E-11    0.84606449E-04
0.59000000E-03    0.98108040E-07    0.25414952E-11    0.84657784E-04
0.59100000E-03    0.98224541E-07    0.25461199E-11    0.84709103E-04
0.59200000E-03    0.98388768E-07    0.25507487E-11    0.84760404E-04
0.59300000E-03    0.98507844E-07    0.25553831E-11    0.84811707E-04
0.59400000E-03    0.98614701E-07    0.25600228E-11    0.84863005E-04
0.59500000E-03    0.98663450E-07    0.25646648E-11    0.84914268E-04
0.59600000E-03    0.98771350E-07    0.25693071E-11    0.84965471E-04
0.59700000E-03    0.98900130E-07    0.25739533E-11    0.85016655E-04
0.59800000E-03    0.99027420E-07    0.25786030E-11    0.85067818E-04
0.59900000E-03    0.99115980E-07    0.25832584E-11    0.85118980E-04
0.60000000E-03    0.99294492E-07    0.25879165E-11    0.85170111E-04
0.60100000E-03    0.99373516E-07    0.25925800E-11    0.85221240E-04
0.60200000E-03    0.99541431E-07    0.25972439E-11    0.85272312E-04
0.60300000E-03    0.99723000E-07    0.26019128E-11    0.85323378E-04
0.60400000E-03    0.99785019E-07    0.26065888E-11    0.85374460E-04
0.60500000E-03    0.99957495E-07    0.26112667E-11    0.85425502E-04
0.60600000E-03    0.10007108E-06    0.26159485E-11    0.85476525E-04
0.60700000E-03    0.10025227E-06    0.26206327E-11    0.85527514E-04
0.60800000E-03    0.10038317E-06    0.26253226E-11    0.85578504E-04
0.60900000E-03    0.10050817E-06    0.26300163E-11    0.85629474E-04
0.61000000E-03    0.10059463E-06    0.26347134E-11    0.85680420E-04
0.61100000E-03    0.10073604E-06    0.26394128E-11    0.85731332E-04
0.61200000E-03    0.10084676E-06    0.26441159E-11    0.85782222E-04
0.61300000E-03    0.10098398E-06    0.26488214E-11    0.85833079E-04
0.61400000E-03    0.10112100E-06    0.26535315E-11    0.85883924E-04
0.61500000E-03    0.10122976E-06    0.26582468E-11    0.85934766E-04
0.61600000E-03    0.10134514E-06    0.26629656E-11    0.85985585E-04
0.61700000E-03    0.10147473E-06    0.26676879E-11    0.86036382E-04
0.61800000E-03    0.10164844E-06    0.26724132E-11    0.86087151E-04
0.61900000E-03    0.10176165E-06    0.26771446E-11    0.86137926E-04
0.62000000E-03    0.10186089E-06    0.26818791E-11    0.86188673E-04
0.62100000E-03    0.10198973E-06    0.26866169E-11    0.86239397E-04
0.62200000E-03    0.10211528E-06    0.26913589E-11    0.86290106E-04
0.62300000E-03    0.10219279E-06    0.26961039E-11    0.86340787E-04
0.62400000E-03    0.10239391E-06    0.27008507E-11    0.86391429E-04
0.62500000E-03    0.10255582E-06    0.27056072E-11    0.86442114E-04
0.62600000E-03    0.10270228E-06    0.27103697E-11    0.86492804E-04
0.62700000E-03    0.10282173E-06    0.27151391E-11    0.86543507E-04
0.62800000E-03    0.10289537E-06    0.27199132E-11    0.86594201E-04
0.62900000E-03    0.10306920E-06    0.27246888E-11    0.86644852E-04
0.63000000E-03    0.10321047E-06    0.27294707E-11    0.86695510E-04
0.63100000E-03    0.10333737E-06    0.27342577E-11    0.86746164E-04
0.63200000E-03    0.10346222E-06    0.27390496E-11    0.86796810E-04
0.63300000E-03    0.10360804E-06    0.27438455E-11    0.86847438E-04
0.63400000E-03    0.10369588E-06    0.27486479E-11    0.86898078E-04
0.63500000E-03    0.10380518E-06    0.27534528E-11    0.86948683E-04
0.63600000E-03    0.10392972E-06    0.27582615E-11    0.86999271E-04
0.63700000E-03    0.10401190E-06    0.27630753E-11    0.87049852E-04
0.63800000E-03    0.10414261E-06    0.27678912E-11    0.87100397E-04
0.63900000E-03    0.10425126E-06    0.27727115E-11    0.87150929E-04
0.64000000E-03    0.10439850E-06    0.27775365E-11    0.87201453E-04
0.64100000E-03    0.10451560E-06    0.27823654E-11    0.87251958E-04
0.64200000E-03    0.10466556E-06    0.27871984E-11    0.87302449E-04
0.64300000E-03    0.10481397E-06    0.27920365E-11    0.87352933E-04
0.64400000E-03    0.10493424E-06    0.27968797E-11    0.87403413E-04
0.64500000E-03    0.10507392E-06    0.28017260E-11    0.87453867E-04
0.64600000E-03    0.10521787E-06    0.28065786E-11    0.87504328E-04
0.64700000E-03    0.10534085E-06    0.28114358E-11    0.87554779E-04
0.64800000E-03    0.10543826E-06    0.28162964E-11    0.87605206E-04
0.64900000E-03    0.10557143E-06    0.28211604E-11    0.87655612E-04
0.65000000E-03    0.10570680E-06    0.28260298E-11    0.87706014E-04
0.65100000E-03    0.10580869E-06    0.28309042E-11    0.87756411E-04
0.65200000E-03    0.10591595E-06    0.28357824E-11    0.87806789E-04
0.65300000E-03    0.10599945E-06    0.28406637E-11    0.87857142E-04
0.65400000E-03    0.10616971E-06    0.28455458E-11    0.87907445E-04
0.65500000E-03    0.10629057E-06    0.28504354E-11    0.87957768E-04
0.65600000E-03    0.10642988E-06    0.28553290E-11    0.88008074E-04
0.65700000E-03    0.10652992E-06    0.28602274E-11    0.88058372E-04
0.65800000E-03    0.10663921E-06    0.28651301E-11    0.88108657E-04
0.65900000E-03    0.10679884E-06    0.28700365E-11    0.88158922E-04
0.66000000E-03    0.10685609E-06    0.28749491E-11    0.88209193E-04
0.66100000E-03    0.10704084E-06    0.28798618E-11    0.88259408E-04
0.66200000E-03    0.10717941E-06    0.28847806E-11    0.88309629E-04
0.66300000E-03    0.10730886E-06    0.28897023E-11    0.88359822E-04
0.66400000E-03    0.10745836E-06    0.28946273E-11    0.88409991E-04
0.66500000E-03    0.10761191E-06    0.28995573E-11    0.88460155E-04
0.66600000E-03    0.10777954E-06    0.29044929E-11    0.88510318E-04
0.66700000E-03    0.10789163E-06    0.29094353E-11    0.88560494E-04
0.66800000E-03    0.10801983E-06    0.29143807E-11    0.88610643E-04
0.66900000E-03    0.10814598E-06    0.29193312E-11    0.88660788E-04
0.67000000E-03    0.10822589E-06    0.29242844E-11    0.88710903E-04
0.67100000E-03    0.10836724E-06    0.29292406E-11    0.88760992E-04
0.67200000E-03    0.10852333E-06    0.29342010E-11    0.88811066E-04
0.67300000E-03    0.10863232E-06    0.29391651E-11    0.88861122E-04
0.67400000E-03    0.10872015E-06    0.29441324E-11    0.88911153E-04
0.67500000E-03    0.10880125E-06    0.29491000E-11    0.88961131E-04
0.67600000E-03    0.10889230E-06    0.29540682E-11    0.89011059E-04
0.67700000E-03    0.10904670E-06    0.29590392E-11    0.89060959E-04
0.67800000E-03    0.10921104E-06    0.29640145E-11    0.89110847E-04
0.67900000E-03    0.10937532E-06    0.29689952E-11    0.89160733E-04
0.68000000E-03    0.10951177E-06    0.29739799E-11    0.89210603E-04
0.68100000E-03    0.10964280E-06    0.29789675E-11    0.89260446E-04
0.68200000E-03    0.10976897E-06    0.29839597E-11    0.89310280E-04
0.68300000E-03    0.10987668E-06    0.29889551E-11    0.89360089E-04
0.68400000E-03    0.11004032E-06    0.29939518E-11    0.89409856E-04
0.68500000E-03    0.11016160E-06    0.29989544E-11    0.89459627E-04
0.68600000E-03    0.11026970E-06    0.30039593E-11    0.89509366E-04
0.68700000E-03    0.11037292E-06    0.30089681E-11    0.89559087E-04
0.68800000E-03    0.11046263E-06    0.30139817E-11    0.89608801E-04
0.68900000E-03    0.11062589E-06    0.30189974E-11    0.89658481E-04
0.69000000E-03    0.11078644E-06    0.30240186E-11    0.89708160E-04
0.69100000E-03    0.11098664E-06    0.30290439E-11    0.89757825E-04
0.69200000E-03    0.11105561E-06    0.30340775E-11    0.89807517E-04
0.69300000E-03    0.11117306E-06    0.30391128E-11    0.89857170E-04
0.69400000E-03    0.11131385E-06    0.30441537E-11    0.89906824E-04
0.69500000E-03    0.11148128E-06    0.30491985E-11    0.89956462E-04
0.69600000E-03    0.11164975E-06    0.30542485E-11    0.90006095E-04
0.69700000E-03    0.11175898E-06    0.30593041E-11    0.90055729E-04
0.69800000E-03    0.11188124E-06    0.30643633E-11    0.90105344E-04
0.69900000E-03    0.11202539E-06    0.30694276E-11    0.90154954E-04
0.70000000E-03    0.11218684E-06    0.30744939E-11    0.90204529E-04
0.70100000E-03    0.11234831E-06    0.30795653E-11    0.90254099E-04
0.70200000E-03    0.11249886E-06    0.30846419E-11    0.90303666E-04
0.70300000E-03    0.11262841E-06    0.30897222E-11    0.90353214E-04
0.70400000E-03    0.11274284E-06    0.30948063E-11    0.90402746E-04
0.70500000E-03    0.11287424E-06    0.30998962E-11    0.90452280E-04
0.70600000E-03    0.11292303E-06    0.31049911E-11    0.90501807E-04
0.70700000E-03    0.11308142E-06    0.31100862E-11    0.90551283E-04
0.70800000E-03    0.11319873E-06    0.31151869E-11    0.90600758E-04
0.70900000E-03    0.11329200E-06    0.31202912E-11    0.90650215E-04
0.71000000E-03    0.11345837E-06    0.31253986E-11    0.90699648E-04
0.71100000E-03    0.11356067E-06    0.31305118E-11    0.90749083E-04
0.71200000E-03    0.11369337E-06    0.31356285E-11    0.90798498E-04
0.71300000E-03    0.11379177E-06    0.31407516E-11    0.90847921E-04
0.71400000E-03    0.11392250E-06    0.31458778E-11    0.90897321E-04
0.71500000E-03    0.11408365E-06    0.31510093E-11    0.90946717E-04
0.71600000E-03    0.11428242E-06    0.31561462E-11    0.90996111E-04
0.71700000E-03    0.11441159E-06    0.31612890E-11    0.91045510E-04
0.71800000E-03    0.11457587E-06    0.31664371E-11    0.91094905E-04
0.71900000E-03    0.11464721E-06    0.31715902E-11    0.91144294E-04
0.72000000E-03    0.11477330E-06    0.31767456E-11    0.91193653E-04
0.72100000E-03    0.11490506E-06    0.31819055E-11    0.91243000E-04
0.72200000E-03    0.11505762E-06    0.31870685E-11    0.91292324E-04
0.72300000E-03    0.11516696E-06    0.31922367E-11    0.91341644E-04
0.72400000E-03    0.11530356E-06    0.31974080E-11    0.91390941E-04
0.72500000E-03    0.11544287E-06    0.32025846E-11    0.91440235E-04
0.72600000E-03    0.11559130E-06    0.32077665E-11    0.91489526E-04
0.72700000E-03    0.11573828E-06    0.32129535E-11    0.91538813E-04
0.72800000E-03    0.11583649E-06    0.32181478E-11    0.91588116E-04
0.72900000E-03    0.11591472E-06    0.32233451E-11    0.91637395E-04
0.73000000E-03    0.11604653E-06    0.32285436E-11    0.91686631E-04
0.73100000E-03    0.11617206E-06    0.32337452E-11    0.91735844E-04
0.73200000E-03    0.11627980E-06    0.32389505E-11    0.91785039E-04
0.73300000E-03    0.11640959E-06    0.32441595E-11    0.91834217E-04
0.73400000E-03    0.11653430E-06    0.32493737E-11    0.91883392E-04
0.73500000E-03    0.11672555E-06    0.32545923E-11    0.91932555E-04
0.73600000E-03    0.11685470E-06    0.32598181E-11    0.91981733E-04
0.73700000E-03    0.11695209E-06    0.32650483E-11    0.92030900E-04
0.73800000E-03    0.11706549E-06    0.32702802E-11    0.92080030E-04
0.73900000E-03    0.11717633E-06    0.32755155E-11    0.92129140E-04
0.74000000E-03    0.11726614E-06    0.32807562E-11    0.92178248E-04
0.74100000E-03    0.11738321E-06    0.32860001E-11    0.92227334E-04
0.74200000E-03    0.11746025E-06    0.32912459E-11    0.92276386E-04
0.74300000E-03    0.11762919E-06    0.32964933E-11    0.92325400E-04
0.74400000E-03    0.11776141E-06    0.33017453E-11    0.92374404E-04
0.74500000E-03    0.11791831E-06    0.33070003E-11    0.92423386E-04
0.74600000E-03    0.11806364E-06    0.33122610E-11    0.92472369E-04
0.74700000E-03    0.11815933E-06    0.33175257E-11    0.92521336E-04
0.74800000E-03    0.11837689E-06    0.33227926E-11    0.92570273E-04
0.74900000E-03    0.11849339E-06    0.33280655E-11    0.92619213E-04
0.75000000E-03    0.11863230E-06    0.33333417E-11    0.92668132E-04
0.75100000E-03    0.11874225E-06    0.33386222E-11    0.92717039E-04
0.75200000E-03    0.11881384E-06    0.33439049E-11    0.92765916E-04
0.75300000E-03    0.11896011E-06    0.33491882E-11    0.92814747E-04
0.75400000E-03    0.11911929E-06    0.33544750E-11    0.92863558E-04
0.75500000E-03    0.11932151E-06    0.33597666E-11    0.92912362E-04
0.75600000E-03    0.11948412E-06    0.33650656E-11    0.92961183E-04
0.75700000E-03    0.11963721E-06    0.33703697E-11    0.93010000E-04
0.75800000E-03    0.11976146E-06    0.33756823E-11    0.93058844E-04
0.75900000E-03    0.11988277E-06    0.33809986E-11    0.93107671E-04
0.76000000E-03    0.11999918E-06    0.33863173E-11    0.93156468E-04
0.76100000E-03    0.12012304E-06    0.33916406E-11    0.93205256E-04
0.76200000E-03    0.12021575E-06    0.33969661E-11    0.93254014E-04
0.76300000E-03    0.12036980E-06    0.34022948E-11    0.93302750E-04
0.76400000E-03    0.12044682E-06    0.34076279E-11    0.93351475E-04
0.76500000E-03    0.12061023E-06    0.34129622E-11    0.93400161E-04
0.76600000E-03    0.12066958E-06    0.34183028E-11    0.93448852E-04
0.76700000E-03    0.12082361E-06    0.34236443E-11    0.93497503E-04
0.76800000E-03    0.12097011E-06    0.34289912E-11    0.93546151E-04
0.76900000E-03    0.12111397E-06    0.34343429E-11    0.93594792E-04
0.77000000E-03    0.12124577E-06    0.34397009E-11    0.93643439E-04
0.77100000E-03    0.12136620E-06    0.34450625E-11    0.93692070E-04
0.77200000E-03    0.12153038E-06    0.34504274E-11    0.93740679E-04
0.77300000E-03    0.12172429E-06    0.34557973E-11    0.93789283E-04
0.77400000E-03    0.12186698E-06    0.34611747E-11    0.93837905E-04
0.77500000E-03    0.12195080E-06    0.34665562E-11    0.93886514E-04
0.77600000E-03    0.12205687E-06    0.34719386E-11    0.93935080E-04
0.77700000E-03    0.12220110E-06    0.34773230E-11    0.93983614E-04
0.77800000E-03    0.12237104E-06    0.34827128E-11    0.94032147E-04
0.77900000E-03    0.12245852E-06    0.34881093E-11    0.94080689E-04
0.78000000E-03    0.12262691E-06    0.34935100E-11    0.94129220E-04
0.78100000E-03    0.12273409E-06    0.34989167E-11    0.94177754E-04
0.78200000E-03    0.12286539E-06    0.35043269E-11    0.94226270E-04
0.78300000E-03    0.12300990E-06    0.35097401E-11    0.94274763E-04
0.78400000E-03    0.12317205E-06    0.35151588E-11    0.94323255E-04
0.78500000E-03    0.12331609E-06    0.35205829E-11    0.94371746E-04
0.78600000E-03    0.12343026E-06    0.35260119E-11    0.94420230E-04
0.78700000E-03    0.12351123E-06    0.35314435E-11    0.94468688E-04
0.78800000E-03    0.12362642E-06    0.35368772E-11    0.94517115E-04
0.78900000E-03    0.12375021E-06    0.35423144E-11    0.94565523E-04
0.79000000E-03    0.12387724E-06    0.35477539E-11    0.94613903E-04
0.79100000E-03    0.12403310E-06    0.35531988E-11    0.94662281E-04
0.79200000E-03    0.12415940E-06    0.35586496E-11    0.94710662E-04
0.79300000E-03    0.12432079E-06    0.35641063E-11    0.94759046E-04
0.79400000E-03    0.12442671E-06    0.35695688E-11    0.94807432E-04
0.79500000E-03    0.12454348E-06    0.35750348E-11    0.94855800E-04
0.79600000E-03    0.12466039E-06    0.35805039E-11    0.94904145E-04
0.79700000E-03    0.12478041E-06    0.35859769E-11    0.94952476E-04
0.79800000E-03    0.12492243E-06    0.35914539E-11    0.95000792E-04
0.79900000E-03    0.12508097E-06    0.35969356E-11    0.95049102E-04
0.80000000E-03    0.12521087E-06    0.36024234E-11    0.95097416E-04
0.80100000E-03    0.12535828E-06    0.36079165E-11    0.95145727E-04
0.80200000E-03    0.12540972E-06    0.36134139E-11    0.95194027E-04
0.80300000E-03    0.12556914E-06    0.36189127E-11    0.95242291E-04
0.80400000E-03    0.12576495E-06    0.36244180E-11    0.95290562E-04
0.80500000E-03    0.12586045E-06    0.36299307E-11    0.95338850E-04
0.80600000E-03    0.12597166E-06    0.36354461E-11    0.95387112E-04
0.80700000E-03    0.12608156E-06    0.36409655E-11    0.95435361E-04
0.80800000E-03    0.12626931E-06    0.36464890E-11    0.95483596E-04
0.80900000E-03    0.12643171E-06    0.36520178E-11    0.95531829E-04
0.81000000E-03    0.12653753E-06    0.36575514E-11    0.95580055E-04
0.81100000E-03    0.12666689E-06    0.36630872E-11    0.95628251E-04
0.81200000E-03    0.12680625E-06    0.36686272E-11    0.95676436E-04
0.81300000E-03    0.12696281E-06    0.36741709E-11    0.95724605E-04
0.81400000E-03    0.12711518E-06    0.36797191E-11    0.95772763E-04
0.81500000E-03    0.12725214E-06    0.36852726E-11    0.95820920E-04
0.81600000E-03    0.12737215E-06    0.36908312E-11    0.95869072E-04
0.81700000E-03    0.12753025E-06    0.36963928E-11    0.95917202E-04
0.81800000E-03    0.12765546E-06    0.37019587E-11    0.95965321E-04
0.81900000E-03    0.12781513E-06    0.37075274E-11    0.96013416E-04
0.82000000E-03    0.12793010E-06    0.37131016E-11    0.96061510E-04
0.82100000E-03    0.12805756E-06    0.37186809E-11    0.96109600E-04
0.82200000E-03    0.12818741E-06    0.37242665E-11    0.96157695E-04
0.82300000E-03    0.12834402E-06    0.37298548E-11    0.96205767E-04
0.82400000E-03    0.12844544E-06    0.37354506E-11    0.96253855E-04
0.82500000E-03    0.12856381E-06    0.37410460E-11    0.96301891E-04
0.82600000E-03    0.12870950E-06    0.37466452E-11    0.96349912E-04
0.82700000E-03    0.12884909E-06    0.37522495E-11    0.96397928E-04
0.82800000E-03    0.12896527E-06    0.37578577E-11    0.96445930E-04
0.82900000E-03    0.12908039E-06    0.37634682E-11    0.96493905E-04
0.83000000E-03    0.12921976E-06    0.37690828E-11    0.96541866E-04
0.83100000E-03    0.12932657E-06    0.37747025E-11    0.96589824E-04
0.83200000E-03    0.12945846E-06    0.37803234E-11    0.96637744E-04
0.83300000E-03    0.12952386E-06    0.37859475E-11    0.96685643E-04
0.83400000E-03    0.12970395E-06    0.37915710E-11    0.96733491E-04
0.83500000E-03    0.12987376E-06    0.37971990E-11    0.96781329E-04
0.83600000E-03    0.12999415E-06    0.38028315E-11    0.96829159E-04
0.83700000E-03    0.13011560E-06    0.38084658E-11    0.96876956E-04
0.83800000E-03    0.13025165E-06    0.38141037E-11    0.96924736E-04
0.83900000E-03    0.13036857E-06    0.38197452E-11    0.96972501E-04
0.84000000E-03    0.13055767E-06    0.38253877E-11    0.97020226E-04
0.84100000E-03    0.13073883E-06    0.38310367E-11    0.97067960E-04
0.84200000E-03    0.13084724E-06    0.38366909E-11    0.97115690E-04
0.84300000E-03    0.13099837E-06    0.38423477E-11    0.97163396E-04
0.84400000E-03    0.13114476E-06    0.38480093E-11    0.97211095E-04
0.84500000E-03    0.13132934E-06    0.38536743E-11    0.97258776E-04
0.84600000E-03    0.13143376E-06    0.38593459E-11    0.97306466E-04
0.84700000E-03    0.13156038E-06    0.38650196E-11    0.97354126E-04
0.84800000E-03    0.13166175E-06    0.38706966E-11    0.97401768E-04
0.84900000E-03    0.13175829E-06    0.38763777E-11    0.97449398E-04
0.85000000E-03    0.13191061E-06    0.38820603E-11    0.97496993E-04
0.85100000E-03    0.13204354E-06    0.38877501E-11    0.97544602E-04
0.85200000E-03    0.13219744E-06    0.38934433E-11    0.97592194E-04
0.85300000E-03    0.13231279E-06    0.38991414E-11    0.97639780E-04
0.85400000E-03    0.13245950E-06    0.39048430E-11    0.97687348E-04
0.85500000E-03    0.13256548E-06    0.39105488E-11    0.97734906E-04
0.85600000E-03    0.13274825E-06    0.39162575E-11    0.97782442E-04
0.85700000E-03    0.13281656E-06    0.39219725E-11    0.97829983E-04
0.85800000E-03    0.13297716E-06    0.39276903E-11    0.97877501E-04
0.85900000E-03    0.13309438E-06    0.39334139E-11    0.97925022E-04
0.86000000E-03    0.13321031E-06    0.39391406E-11    0.97972523E-04
0.86100000E-03    0.13335690E-06    0.39448704E-11    0.98020003E-04
0.86200000E-03    0.13348338E-06    0.39506039E-11    0.98067467E-04
0.86300000E-03    0.13361269E-06    0.39563409E-11    0.98114915E-04
0.86400000E-03    0.13376476E-06    0.39620804E-11    0.98162337E-04
0.86500000E-03    0.13391795E-06    0.39678248E-11    0.98209754E-04
0.86600000E-03    0.13405581E-06    0.39735750E-11    0.98257174E-04
0.86700000E-03    0.13420476E-06    0.39793303E-11    0.98304589E-04
0.86800000E-03    0.13429577E-06    0.39850902E-11    0.98351997E-04
0.86900000E-03    0.13446325E-06    0.39908511E-11    0.98399367E-04
0.87000000E-03    0.13459186E-06    0.39966161E-11    0.98446726E-04
0.87100000E-03    0.13474486E-06    0.40023851E-11    0.98494071E-04
0.87200000E-03    0.13487003E-06    0.40081587E-11    0.98541409E-04
0.87300000E-03    0.13504013E-06    0.40139371E-11    0.98588740E-04
0.87400000E-03    0.13522268E-06    0.40197194E-11    0.98636059E-04
0.87500000E-03    0.13533578E-06    0.40255072E-11    0.98683376E-04
0.87600000E-03    0.13545585E-06    0.40312965E-11    0.98730661E-04
0.87700000E-03    0.13556754E-06    0.40370897E-11    0.98777932E-04
0.87800000E-03    0.13572492E-06    0.40428854E-11    0.98825178E-04
0.87900000E-03    0.13583060E-06    0.40486861E-11    0.98872420E-04
0.88000000E-03    0.13597176E-06    0.40544902E-11    0.98919645E-04
0.88100000E-03    0.13609454E-06    0.40602994E-11    0.98966866E-04
0.88200000E-03    0.13627585E-06    0.40661126E-11    0.99014074E-04
0.88300000E-03    0.13639639E-06    0.40719308E-11    0.99061278E-04
0.88400000E-03    0.13654164E-06    0.40777534E-11    0.99108473E-04
0.88500000E-03    0.13666646E-06    0.40835812E-11    0.99155664E-04
0.88600000E-03    0.13679137E-06    0.40894123E-11    0.99202838E-04
0.88700000E-03    0.13691807E-06    0.40952451E-11    0.99249981E-04
0.88800000E-03    0.13697179E-06    0.41010810E-11    0.99297104E-04
0.88900000E-03    0.13716536E-06    0.41069188E-11    0.99344197E-04
0.89000000E-03    0.13730712E-06    0.41127634E-11    0.99391300E-04
0.89100000E-03    0.13741834E-06    0.41186128E-11    0.99438398E-04
0.89200000E-03    0.13758064E-06    0.41244679E-11    0.99485497E-04
0.89300000E-03    0.13774214E-06    0.41303278E-11    0.99532590E-04
0.89400000E-03    0.13789218E-06    0.41361932E-11    0.99579682E-04
0.89500000E-03    0.13801891E-06    0.41420633E-11    0.99626768E-04
0.89600000E-03    0.13814595E-06    0.41479371E-11    0.99673838E-04
0.89700000E-03    0.13826755E-06    0.41538140E-11    0.99720890E-04
0.89800000E-03    0.13838731E-06    0.41596917E-11    0.99767903E-04
0.89900000E-03    0.13852988E-06    0.41655727E-11    0.99814898E-04
0.90000000E-03    0.13864293E-06    0.41714578E-11    0.99861883E-04
0.90100000E-03    0.13879099E-06    0.41773460E-11    0.99908847E-04
0.90200000E-03    0.13891609E-06    0.41832410E-11    0.99955821E-04
0.90300000E-03    0.13902997E-06    0.41891414E-11    0.10000279E-03
0.90400000E-03    0.13913108E-06    0.41950443E-11    0.10004974E-03
0.90500000E-03    0.13922237E-06    0.42009506E-11    0.10009668E-03
0.90600000E-03    0.13936754E-06    0.42068596E-11    0.10014359E-03
0.90700000E-03    0.13954498E-06    0.42127721E-11    0.10019048E-03
0.90800000E-03    0.13967239E-06    0.42186905E-11    0.10023738E-03
0.90900000E-03    0.13983266E-06    0.42246118E-11    0.10028425E-03
0.91000000E-03    0.13993652E-06    0.42305391E-11    0.10033113E-03
0.91100000E-03    0.14014384E-06    0.42364703E-11    0.10037800E-03
0.91200000E-03    0.14032494E-06    0.42424070E-11    0.10042486E-03
0.91300000E-03    0.14048895E-06    0.42483509E-11    0.10047174E-03
0.91400000E-03    0.14063576E-06    0.42543018E-11    0.10051863E-03
0.91500000E-03    0.14077832E-06    0.42602569E-11    0.10056551E-03
0.91600000E-03    0.14087112E-06    0.42662171E-11    0.10061239E-03
0.91700000E-03    0.14096175E-06    0.42721788E-11    0.10065923E-03
0.91800000E-03    0.14107469E-06    0.42781421E-11    0.10070604E-03
0.91900000E-03    0.14113533E-06    0.42841076E-11    0.10075283E-03
0.92000000E-03    0.14128649E-06    0.42900741E-11    0.10079958E-03
0.92100000E-03    0.14137676E-06    0.42960470E-11    0.10084634E-03
0.92200000E-03    0.14151586E-06    0.43020217E-11    0.10089307E-03
0.92300000E-03    0.14172693E-06    0.43080011E-11    0.10093979E-03
0.92400000E-03    0.14191069E-06    0.43139873E-11    0.10098652E-03
0.92500000E-03    0.14207549E-06    0.43199789E-11    0.10103325E-03
0.92600000E-03    0.14221336E-06    0.43259728E-11    0.10107996E-03
0.92700000E-03    0.14234058E-06    0.43319693E-11    0.10112664E-03
0.92800000E-03    0.14245987E-06    0.43379671E-11    0.10117329E-03
0.92900000E-03    0.14259557E-06    0.43439697E-11    0.10121994E-03
0.93000000E-03    0.14270240E-06    0.43499755E-11    0.10126656E-03
0.93100000E-03    0.14278553E-06    0.43559872E-11    0.10131319E-03
0.93200000E-03    0.14285890E-06    0.43620006E-11    0.10135979E-03
0.93300000E-03    0.14296912E-06    0.43680153E-11    0.10140636E-03
0.93400000E-03    0.14308484E-06    0.43740313E-11    0.10145289E-03
0.93500000E-03    0.14323317E-06    0.43800506E-11    0.10149941E-03
0.93600000E-03    0.14338795E-06    0.43860759E-11    0.10154593E-03
0.93700000E-03    0.14349111E-06    0.43921054E-11    0.10159244E-03
0.93800000E-03    0.14362710E-06    0.43981362E-11    0.10163892E-03
0.93900000E-03    0.14392221E-06    0.44041705E-11    0.10168538E-03
0.94000000E-03    0.14409532E-06    0.44102151E-11    0.10173188E-03
0.94100000E-03    0.14424508E-06    0.44162673E-11    0.10177839E-03
0.94200000E-03    0.14440980E-06    0.44223248E-11    0.10182490E-03
0.94300000E-03    0.14454600E-06    0.44283895E-11    0.10187143E-03
0.94400000E-03    0.14468080E-06    0.44344584E-11    0.10191794E-03
0.94500000E-03    0.14480583E-06    0.44405323E-11    0.10196446E-03
0.94600000E-03    0.14496831E-06    0.44466097E-11    0.10201095E-03
0.94700000E-03    0.14513328E-06    0.44526928E-11    0.10205745E-03
0.94800000E-03    0.14521495E-06    0.44587810E-11    0.10210394E-03
0.94900000E-03    0.14536592E-06    0.44648720E-11    0.10215041E-03
0.95000000E-03    0.14547803E-06    0.44709674E-11    0.10219688E-03
0.95100000E-03    0.14570219E-06    0.44770650E-11    0.10224332E-03
0.95200000E-03    0.14578096E-06    0.44831687E-11    0.10228976E-03
0.95300000E-03    0.14592473E-06    0.44892730E-11    0.10233616E-03
0.95400000E-03    0.14606686E-06    0.44953820E-11    0.10238256E-03
0.95500000E-03    0.14622649E-06    0.45014955E-11    0.10242895E-03
0.95600000E-03    0.14636783E-06    0.45076139E-11    0.10247534E-03
0.95700000E-03    0.14643622E-06    0.45137354E-11    0.10252171E-03
0.95800000E-03    0.14652034E-06    0.45198574E-11    0.10256804E-03
0.95900000E-03    0.14662510E-06    0.45259806E-11    0.10261433E-03
0.96000000E-03    0.14676698E-06    0.45321068E-11    0.10266061E-03
0.96100000E-03    0.14687517E-06    0.45382356E-11    0.10270687E-03
0.96200000E-03    0.14698593E-06    0.45443674E-11    0.10275310E-03
0.96300000E-03    0.14708671E-06    0.45505014E-11    0.10279931E-03
0.96400000E-03    0.14723164E-06    0.45566375E-11    0.10284550E-03
0.96500000E-03    0.14747787E-06    0.45627776E-11    0.10289167E-03
0.96600000E-03    0.14768375E-06    0.45689288E-11    0.10293789E-03
0.96700000E-03    0.14787073E-06    0.45750855E-11    0.10298411E-03
0.96800000E-03    0.14801962E-06    0.45812493E-11    0.10303033E-03
0.96900000E-03    0.14823191E-06    0.45874167E-11    0.10307655E-03
0.97000000E-03    0.14833605E-06    0.45935931E-11    0.10312279E-03
0.97100000E-03    0.14848170E-06    0.45997739E-11    0.10316902E-03
0.97200000E-03    0.14859247E-06    0.46059597E-11    0.10321524E-03
0.97300000E-03    0.14877756E-06    0.46121508E-11    0.10326147E-03
0.97400000E-03    0.14886984E-06    0.46183485E-11    0.10330770E-03
0.97500000E-03    0.14896049E-06    0.46245494E-11    0.10335392E-03
0.97600000E-03    0.14905234E-06    0.46307542E-11    0.10340012E-03
0.97700000E-03    0.14916021E-06    0.46369614E-11    0.10344630E-03
0.97800000E-03    0.14934457E-06    0.46431725E-11    0.10349247E-03
0.97900000E-03    0.14947669E-06    0.46493899E-11    0.10353864E-03
0.98000000E-03    0.14961540E-06    0.46556108E-11    0.10358480E-03
0.98100000E-03    0.14977575E-06    0.46618343E-11    0.10363093E-03
0.98200000E-03    0.14993344E-06    0.46680619E-11    0.10367706E-03
0.98300000E-03    0.15009029E-06    0.46742933E-11    0.10372317E-03
0.98400000E-03    0.15020586E-06    0.46805292E-11    0.10376927E-03
0.98500000E-03    0.15038454E-06    0.46867650E-11    0.10381534E-03
0.98600000E-03    0.15054125E-06    0.46930065E-11    0.10386140E-03
0.98700000E-03    0.15068222E-06    0.46992526E-11    0.10390746E-03
0.98800000E-03    0.15079441E-06    0.47055037E-11    0.10395351E-03
0.98900000E-03    0.15096276E-06    0.47117551E-11    0.10399953E-03
0.99000000E-03    0.15106695E-06    0.47180128E-11    0.10404555E-03
0.99100000E-03    0.15123447E-06    0.47242725E-11    0.10409154E-03
0.99200000E-03    0.15138376E-06    0.47305367E-11    0.10413753E-03
0.99300000E-03    0.15148544E-06    0.47368057E-11    0.10418351E-03
0.99400000E-03    0.15160400E-06    0.47430791E-11    0.10422948E-03
0.99500000E-03    0.15175817E-06    0.47493573E-11    0.10427545E-03
0.99600000E-03    0.15181379E-06    0.47556403E-11    0.10432141E-03
0.99700000E-03    0.15193089E-06    0.47619225E-11    0.10436733E-03
0.99800000E-03    0.15202450E-06    0.47682087E-11    0.10441323E-03
0.99900000E-03    0.15216065E-06    0.47744956E-11    0.10445910E-03
0.10000000E-02    0.15228976E-06    0.47807865E-11    0.10450496E-03
0.10010000E-02    0.15245391E-06    0.47870805E-11    0.10455080E-03
0.10020000E-02    0.15261878E-06    0.47933807E-11    0.10459665E-03
0.10030000E-02    0.15278076E-06    0.47996856E-11    0.10464249E-03
0.10040000E-02    0.15289594E-06    0.48059952E-11    0.10468832E-03
0.10050000E-02    0.15307360E-06    0.48123067E-11    0.10473413E-03
0.10060000E-02    0.15319576E-06    0.48186236E-11    0.10477994E-03
0.10070000E-02    0.15338289E-06    0.48249428E-11    0.10482572E-03
0.10080000E-02    0.15352997E-06    0.48312692E-11    0.10487152E-03
0.10090000E-02    0.15364403E-06    0.48376005E-11    0.10491731E-03
0.10100000E-02    0.15379431E-06    0.48439357E-11    0.10496309E-03
0.10110000E-02    0.15390868E-06    0.48502754E-11    0.10500886E-03
0.10120000E-02    0.15402221E-06    0.48566157E-11    0.10505459E-03
0.10130000E-02    0.15414273E-06    0.48629615E-11    0.10510033E-03
0.10140000E-02    0.15431817E-06    0.48693108E-11    0.10514605E-03
0.10150000E-02    0.15447272E-06    0.48756656E-11    0.10519177E-03
0.10160000E-02    0.15459072E-06    0.48820266E-11    0.10523750E-03
0.10170000E-02    0.15470462E-06    0.48883917E-11    0.10528321E-03
0.10180000E-02    0.15481959E-06    0.48947609E-11    0.10532892E-03
0.10190000E-02    0.15499048E-06    0.49011333E-11    0.10537461E-03
0.10200000E-02    0.15513492E-06    0.49075100E-11    0.10542029E-03
0.10210000E-02    0.15528735E-06    0.49138900E-11    0.10546595E-03
0.10220000E-02    0.15544230E-06    0.49202736E-11    0.10551160E-03
0.10230000E-02    0.15554118E-06    0.49266630E-11    0.10555725E-03
0.10240000E-02    0.15567019E-06    0.49330529E-11    0.10560287E-03
0.10250000E-02    0.15583024E-06    0.49394463E-11    0.10564847E-03
0.10260000E-02    0.15598474E-06    0.49458442E-11    0.10569407E-03
0.10270000E-02    0.15613282E-06    0.49522460E-11    0.10573965E-03
0.10280000E-02    0.15629394E-06    0.49586520E-11    0.10578522E-03
0.10290000E-02    0.15645810E-06    0.49650655E-11    0.10583081E-03
0.10300000E-02    0.15656934E-06    0.49714850E-11    0.10587640E-03
0.10310000E-02    0.15674022E-06    0.49779088E-11    0.10592198E-03
0.10320000E-02    0.15692220E-06    0.49843359E-11    0.10596755E-03
0.10330000E-02    0.15706341E-06    0.49907686E-11    0.10601312E-03
0.10340000E-02    0.15723369E-06    0.49972054E-11    0.10605868E-03
0.10350000E-02    0.15734416E-06    0.50036466E-11    0.10610422E-03
0.10360000E-02    0.15745772E-06    0.50100902E-11    0.10614975E-03
0.10370000E-02    0.15759673E-06    0.50165357E-11    0.10619525E-03
0.10380000E-02    0.15775734E-06    0.50229827E-11    0.10624072E-03
0.10390000E-02    0.15785636E-06    0.50294324E-11    0.10628618E-03
0.10400000E-02    0.15801726E-06    0.50358833E-11    0.10633160E-03
0.10410000E-02    0.15816237E-06    0.50423391E-11    0.10637702E-03
0.10420000E-02    0.15830578E-06    0.50487992E-11    0.10642243E-03
0.10430000E-02    0.15845620E-06    0.50552657E-11    0.10646784E-03
0.10440000E-02    0.15856837E-06    0.50617360E-11    0.10651325E-03
0.10450000E-02    0.15872134E-06    0.50682100E-11    0.10655864E-03
0.10460000E-02    0.15883477E-06    0.50746872E-11    0.10660401E-03
0.10470000E-02    0.15888975E-06    0.50811668E-11    0.10664937E-03
0.10480000E-02    0.15900719E-06    0.50876483E-11    0.10669469E-03
0.10490000E-02    0.15922469E-06    0.50941344E-11    0.10674002E-03
0.10500000E-02    0.15940903E-06    0.51006284E-11    0.10678535E-03
0.10510000E-02    0.15956285E-06    0.51071291E-11    0.10683070E-03
0.10520000E-02    0.15968236E-06    0.51136322E-11    0.10687603E-03
0.10530000E-02    0.15980101E-06    0.51201395E-11    0.10692134E-03
0.10540000E-02    0.15992368E-06    0.51266514E-11    0.10696665E-03
0.10550000E-02    0.16005371E-06    0.51331656E-11    0.10701194E-03
0.10560000E-02    0.16020025E-06    0.51396820E-11    0.10705720E-03
0.10570000E-02    0.16029335E-06    0.51462024E-11    0.10710245E-03
0.10580000E-02    0.16043977E-06    0.51527263E-11    0.10714769E-03
0.10590000E-02    0.16063074E-06    0.51592565E-11    0.10719294E-03
0.10600000E-02    0.16080997E-06    0.51657931E-11    0.10723819E-03
0.10610000E-02    0.16094654E-06    0.51723371E-11    0.10728345E-03
0.10620000E-02    0.16108075E-06    0.51788848E-11    0.10732870E-03
0.10630000E-02    0.16126549E-06    0.51854355E-11    0.10737394E-03
0.10640000E-02    0.16139275E-06    0.51919910E-11    0.10741917E-03
0.10650000E-02    0.16157883E-06    0.51985511E-11    0.10746439E-03
0.10660000E-02    0.16164750E-06    0.52051186E-11    0.10750962E-03
0.10670000E-02    0.16175519E-06    0.52116877E-11    0.10755483E-03
0.10680000E-02    0.16188206E-06    0.52182587E-11    0.10760001E-03
0.10690000E-02    0.16200979E-06    0.52248333E-11    0.10764519E-03
0.10700000E-02    0.16214879E-06    0.52314124E-11    0.10769035E-03
0.10710000E-02    0.16234453E-06    0.52379962E-11    0.10773551E-03
0.10720000E-02    0.16249559E-06    0.52445866E-11    0.10778067E-03
0.10730000E-02    0.16259664E-06    0.52511793E-11    0.10782581E-03
0.10740000E-02    0.16270544E-06    0.52577743E-11    0.10787093E-03
0.10750000E-02    0.16286784E-06    0.52643695E-11    0.10791602E-03
0.10760000E-02    0.16301817E-06    0.52709700E-11    0.10796110E-03
0.10770000E-02    0.16319695E-06    0.52775743E-11    0.10800617E-03
0.10780000E-02    0.16338696E-06    0.52841849E-11    0.10805125E-03
0.10790000E-02    0.16351832E-06    0.52908037E-11    0.10809635E-03
0.10800000E-02    0.16361525E-06    0.52974239E-11    0.10814141E-03
0.10810000E-02    0.16374464E-06    0.53040472E-11    0.10818646E-03
0.10820000E-02    0.16393824E-06    0.53106733E-11    0.10823150E-03
0.10830000E-02    0.16400632E-06    0.53173055E-11    0.10827653E-03
0.10840000E-02    0.16412163E-06    0.53239395E-11    0.10832154E-03
0.10850000E-02    0.16427488E-06    0.53305763E-11    0.10836653E-03
0.10860000E-02    0.16446226E-06    0.53372188E-11    0.10841153E-03
0.10870000E-02    0.16458660E-06    0.53438670E-11    0.10845652E-03
0.10880000E-02    0.16468879E-06    0.53505184E-11    0.10850150E-03
0.10890000E-02    0.16480742E-06    0.53571716E-11    0.10854646E-03
0.10900000E-02    0.16488312E-06    0.53638291E-11    0.10859140E-03
0.10910000E-02    0.16502799E-06    0.53704883E-11    0.10863632E-03
0.10920000E-02    0.16517886E-06    0.53771514E-11    0.10868123E-03
0.10930000E-02    0.16529988E-06    0.53838176E-11    0.10872612E-03
0.10940000E-02    0.16547823E-06    0.53904848E-11    0.10877099E-03
0.10950000E-02    0.16558295E-06    0.53971581E-11    0.10881585E-03
0.10960000E-02    0.16574982E-06    0.54038344E-11    0.10886070E-03
0.10970000E-02    0.16590399E-06    0.54105139E-11    0.10890554E-03
0.10980000E-02    0.16605783E-06    0.54171969E-11    0.10895036E-03
0.10990000E-02    0.16627240E-06    0.54238836E-11    0.10899517E-03
0.11000000E-02    0.16641231E-06    0.54305767E-11    0.10903998E-03
0.11010000E-02    0.16656059E-06    0.54372741E-11    0.10908479E-03
0.11020000E-02    0.16670141E-06    0.54439755E-11    0.10912959E-03
0.11030000E-02    0.16691522E-06    0.54506797E-11    0.10917437E-03
0.11040000E-02    0.16707353E-06    0.54573899E-11    0.10921915E-03
0.11050000E-02    0.16720221E-06    0.54641031E-11    0.10926392E-03
0.11060000E-02    0.16732352E-06    0.54708213E-11    0.10930868E-03
0.11070000E-02    0.16745956E-06    0.54775405E-11    0.10935341E-03
0.11080000E-02    0.16758254E-06    0.54842611E-11    0.10939812E-03
0.11090000E-02    0.16770863E-06    0.54909848E-11    0.10944280E-03
0.11100000E-02    0.16787089E-06    0.54977133E-11    0.10948749E-03
0.11110000E-02    0.16798985E-06    0.55044457E-11    0.10953216E-03
0.11120000E-02    0.16813140E-06    0.55111818E-11    0.10957682E-03
0.11130000E-02    0.16828207E-06    0.55179227E-11    0.10962148E-03
0.11140000E-02    0.16843142E-06    0.55246677E-11    0.10966613E-03
0.11150000E-02    0.16857782E-06    0.55314177E-11    0.10971077E-03
0.11160000E-02    0.16869370E-06    0.55381732E-11    0.10975542E-03
0.11170000E-02    0.16884309E-06    0.55449327E-11    0.10980005E-03
0.11180000E-02    0.16901329E-06    0.55516953E-11    0.10984467E-03
0.11190000E-02    0.16916852E-06    0.55584610E-11    0.10988928E-03
0.11200000E-02    0.16927435E-06    0.55652319E-11    0.10993388E-03
0.11210000E-02    0.16936878E-06    0.55720056E-11    0.10997846E-03
0.11220000E-02    0.16953845E-06    0.55787835E-11    0.11002304E-03
0.11230000E-02    0.16971298E-06    0.55855667E-11    0.11006761E-03
0.11240000E-02    0.16981190E-06    0.55923560E-11    0.11011219E-03
0.11250000E-02    0.16993072E-06    0.55991483E-11    0.11015675E-03
0.11260000E-02    0.17009574E-06    0.56059441E-11    0.11020130E-03
0.11270000E-02    0.17016220E-06    0.56127418E-11    0.11024583E-03
0.11280000E-02    0.17032604E-06    0.56195394E-11    0.11029031E-03
0.11290000E-02    0.17040667E-06    0.56263416E-11    0.11033480E-03
0.11300000E-02    0.17049948E-06    0.56331467E-11    0.11037926E-03
0.11310000E-02    0.17072551E-06    0.56399531E-11    0.11042370E-03
0.11320000E-02    0.17085237E-06    0.56467679E-11    0.11046816E-03
0.11330000E-02    0.17101923E-06    0.56535847E-11    0.11051259E-03
0.11340000E-02    0.17118043E-06    0.56604071E-11    0.11055703E-03
0.11350000E-02    0.17132000E-06    0.56672355E-11    0.11060147E-03
0.11360000E-02    0.17151203E-06    0.56740682E-11    0.11064590E-03
0.11370000E-02    0.17170226E-06    0.56809064E-11    0.11069033E-03
0.11380000E-02    0.17186430E-06    0.56877512E-11    0.11073477E-03
0.11390000E-02    0.17202982E-06    0.56946012E-11    0.11077920E-03
0.11400000E-02    0.17216548E-06    0.57014535E-11    0.11082362E-03
0.11410000E-02    0.17231675E-06    0.57083110E-11    0.11086803E-03
0.11420000E-02    0.17238703E-06    0.57151711E-11    0.11091243E-03
0.11430000E-02    0.17253914E-06    0.57220337E-11    0.11095680E-03
0.11440000E-02    0.17262784E-06    0.57288993E-11    0.11100116E-03
0.11450000E-02    0.17273715E-06    0.57357667E-11    0.11104550E-03
0.11460000E-02    0.17290907E-06    0.57426369E-11    0.11108982E-03
0.11470000E-02    0.17303500E-06    0.57495125E-11    0.11113413E-03
0.11480000E-02    0.17313904E-06    0.57563882E-11    0.11117842E-03
0.11490000E-02    0.17333229E-06    0.57632656E-11    0.11122268E-03
0.11500000E-02    0.17348115E-06    0.57701495E-11    0.11126694E-03
0.11510000E-02    0.17363471E-06    0.57770379E-11    0.11131120E-03
0.11520000E-02    0.17382240E-06    0.57839311E-11    0.11135546E-03
0.11530000E-02    0.17394551E-06    0.57908316E-11    0.11139972E-03
0.11540000E-02    0.17405832E-06    0.57977330E-11    0.11144396E-03
0.11550000E-02    0.17421714E-06    0.58046393E-11    0.11148819E-03
0.11560000E-02    0.17429994E-06    0.58115485E-11    0.11153241E-03
0.11570000E-02    0.17444261E-06    0.58184583E-11    0.11157660E-03
0.11580000E-02    0.17464769E-06    0.58253720E-11    0.11162077E-03
0.11590000E-02    0.17475545E-06    0.58322950E-11    0.11166497E-03
0.11600000E-02    0.17495850E-06    0.58392213E-11    0.11170916E-03
0.11610000E-02    0.17506387E-06    0.58461522E-11    0.11175334E-03
0.11620000E-02    0.17527235E-06    0.58530844E-11    0.11179749E-03
0.11630000E-02    0.17541059E-06    0.58600257E-11    0.11184167E-03
0.11640000E-02    0.17561539E-06    0.58669713E-11    0.11188584E-03
0.11650000E-02    0.17577130E-06    0.58739254E-11    0.11193003E-03
0.11660000E-02    0.17589807E-06    0.58808828E-11    0.11197420E-03
0.11670000E-02    0.17607425E-06    0.58878438E-11    0.11201836E-03
0.11680000E-02    0.17617596E-06    0.58948081E-11    0.11206251E-03
0.11690000E-02    0.17633088E-06    0.59017751E-11    0.11210664E-03
0.11700000E-02    0.17648259E-06    0.59087471E-11    0.11215077E-03
0.11710000E-02    0.17659122E-06    0.59157231E-11    0.11219489E-03
0.11720000E-02    0.17664983E-06    0.59227022E-11    0.11223899E-03
0.11730000E-02    0.17681972E-06    0.59296814E-11    0.11228306E-03
0.11740000E-02    0.17700848E-06    0.59366656E-11    0.11232713E-03
0.11750000E-02    0.17706658E-06    0.59436550E-11    0.11237119E-03
0.11760000E-02    0.17722098E-06    0.59506465E-11    0.11241524E-03
0.11770000E-02    0.17734999E-06    0.59576413E-11    0.11245927E-03
0.11780000E-02    0.17745994E-06    0.59646374E-11    0.11250327E-03
0.11790000E-02    0.17771435E-06    0.59716354E-11    0.11254725E-03
0.11800000E-02    0.17779768E-06    0.59786411E-11    0.11259125E-03
0.11810000E-02    0.17789336E-06    0.59856487E-11    0.11263522E-03
0.11820000E-02    0.17814980E-06    0.59926574E-11    0.11267916E-03
0.11830000E-02    0.17827595E-06    0.59996728E-11    0.11272312E-03
0.11840000E-02    0.17836205E-06    0.60066889E-11    0.11276704E-03
0.11850000E-02    0.17853244E-06    0.60137089E-11    0.11281095E-03
0.11860000E-02    0.17875081E-06    0.60207339E-11    0.11285486E-03
0.11870000E-02    0.17892386E-06    0.60277673E-11    0.11289879E-03
0.11880000E-02    0.17905601E-06    0.60348056E-11    0.11294272E-03
0.11890000E-02    0.17923123E-06    0.60418458E-11    0.11298662E-03
0.11900000E-02    0.17931282E-06    0.60488931E-11    0.11303053E-03
0.11910000E-02    0.17946241E-06    0.60559424E-11    0.11307442E-03
0.11920000E-02    0.17959599E-06    0.60629936E-11    0.11311829E-03
0.11930000E-02    0.17975759E-06    0.60700498E-11    0.11316216E-03
0.11940000E-02    0.17993658E-06    0.60771093E-11    0.11320601E-03
0.11950000E-02    0.18005898E-06    0.60841763E-11    0.11324987E-03
0.11960000E-02    0.18019146E-06    0.60912449E-11    0.11329371E-03
0.11970000E-02    0.18031523E-06    0.60983151E-11    0.11333753E-03
0.11980000E-02    0.18043347E-06    0.61053871E-11    0.11338133E-03
0.11990000E-02    0.18059897E-06    0.61124606E-11    0.11342510E-03
0.12000000E-02    0.18073862E-06    0.61195364E-11    0.11346885E-03
0.12010000E-02    0.18083584E-06    0.61266177E-11    0.11351260E-03
0.12020000E-02    0.18102737E-06    0.61337005E-11    0.11355632E-03
0.12030000E-02    0.18112423E-06    0.61407916E-11    0.11360007E-03
0.12040000E-02    0.18122619E-06    0.61478863E-11    0.11364380E-03
0.12050000E-02    0.18141067E-06    0.61549828E-11    0.11368751E-03
0.12060000E-02    0.18161651E-06    0.61620839E-11    0.11373121E-03
0.12070000E-02    0.18174294E-06    0.61691916E-11    0.11377492E-03
0.12080000E-02    0.18188185E-06    0.61763016E-11    0.11381861E-03
0.12090000E-02    0.18210071E-06    0.61834178E-11    0.11386231E-03
0.12100000E-02    0.18227641E-06    0.61905424E-11    0.11390603E-03
0.12110000E-02    0.18245304E-06    0.61976735E-11    0.11394975E-03
0.12120000E-02    0.18256813E-06    0.62048104E-11    0.11399347E-03
0.12130000E-02    0.18267491E-06    0.62119492E-11    0.11403717E-03
0.12140000E-02    0.18280847E-06    0.62190940E-11    0.11408087E-03
0.12150000E-02    0.18289583E-06    0.62262428E-11    0.11412457E-03
0.12160000E-02    0.18302610E-06    0.62333957E-11    0.11416826E-03
0.12170000E-02    0.18323109E-06    0.62405515E-11    0.11421193E-03
0.12180000E-02    0.18334444E-06    0.62477126E-11    0.11425560E-03
0.12190000E-02    0.18352380E-06    0.62548756E-11    0.11429924E-03
0.12200000E-02    0.18370672E-06    0.62620424E-11    0.11434288E-03
0.12210000E-02    0.18380844E-06    0.62692130E-11    0.11438651E-03
0.12220000E-02    0.18396393E-06    0.62763855E-11    0.11443011E-03
0.12230000E-02    0.18407300E-06    0.62835628E-11    0.11447372E-03
0.12240000E-02    0.18414657E-06    0.62907417E-11    0.11451729E-03
0.12250000E-02    0.18433709E-06    0.62979217E-11    0.11456085E-03
0.12260000E-02    0.18458707E-06    0.63051055E-11    0.11460439E-03
0.12270000E-02    0.18476805E-06    0.63122949E-11    0.11464793E-03
0.12280000E-02    0.18490194E-06    0.63194904E-11    0.11469148E-03
0.12290000E-02    0.18500743E-06    0.63266920E-11    0.11473503E-03
0.12300000E-02    0.18513280E-06    0.63338964E-11    0.11477856E-03
0.12310000E-02    0.18525682E-06    0.63411041E-11    0.11482208E-03
0.12320000E-02    0.18540684E-06    0.63483171E-11    0.11486560E-03
0.12330000E-02    0.18559654E-06    0.63555356E-11    0.11490912E-03
0.12340000E-02    0.18570944E-06    0.63627600E-11    0.11495265E-03
0.12350000E-02    0.18585424E-06    0.63699836E-11    0.11499613E-03
0.12360000E-02    0.18594981E-06    0.63772096E-11    0.11503960E-03
0.12370000E-02    0.18609613E-06    0.63844358E-11    0.11508303E-03
0.12380000E-02    0.18625584E-06    0.63916644E-11    0.11512645E-03
0.12390000E-02    0.18636481E-06    0.63988986E-11    0.11516987E-03
0.12400000E-02    0.18653113E-06    0.64061347E-11    0.11521327E-03
0.12410000E-02    0.18674113E-06    0.64133745E-11    0.11525665E-03
0.12420000E-02    0.18681731E-06    0.64206194E-11    0.11530004E-03
0.12430000E-02    0.18699792E-06    0.64278671E-11    0.11534340E-03
0.12440000E-02    0.18713942E-06    0.64351225E-11    0.11538678E-03
0.12450000E-02    0.18727988E-06    0.64423808E-11    0.11543015E-03
0.12460000E-02    0.18743551E-06    0.64496430E-11    0.11547351E-03
0.12470000E-02    0.18760592E-06    0.64569098E-11    0.11551686E-03
0.12480000E-02    0.18772783E-06    0.64641821E-11    0.11556021E-03
0.12490000E-02    0.18790502E-06    0.64714583E-11    0.11560355E-03
0.12500000E-02    0.18810291E-06    0.64787399E-11    0.11564690E-03
0.12510000E-02    0.18823619E-06    0.64860272E-11    0.11569024E-03
0.12520000E-02    0.18833318E-06    0.64933169E-11    0.11573356E-03
0.12530000E-02    0.18849116E-06    0.65006115E-11    0.11577689E-03
0.12540000E-02    0.18870058E-06    0.65079092E-11    0.11582020E-03
0.12550000E-02    0.18879490E-06    0.65152135E-11    0.11586351E-03
0.12560000E-02    0.18886108E-06    0.65225180E-11    0.11590679E-03
0.12570000E-02    0.18902281E-06    0.65298236E-11    0.11595005E-03
0.12580000E-02    0.18921760E-06    0.65371356E-11    0.11599332E-03
0.12590000E-02    0.18931477E-06    0.65444523E-11    0.11603657E-03
0.12600000E-02    0.18944187E-06    0.65517696E-11    0.11607980E-03
0.12610000E-02    0.18960236E-06    0.65590894E-11    0.11612302E-03
0.12620000E-02    0.18976157E-06    0.65664131E-11    0.11616622E-03
0.12630000E-02    0.18988152E-06    0.65737429E-11    0.11620943E-03
0.12640000E-02    0.19007189E-06    0.65810773E-11    0.11625263E-03
0.12650000E-02    0.19023336E-06    0.65884193E-11    0.11629585E-03
0.12660000E-02    0.19041609E-06    0.65957654E-11    0.11633905E-03
0.12670000E-02    0.19054788E-06    0.66031157E-11    0.11638225E-03
0.12680000E-02    0.19065563E-06    0.66104698E-11    0.11642544E-03
0.12690000E-02    0.19080922E-06    0.66178298E-11    0.11646864E-03
0.12700000E-02    0.19095064E-06    0.66251938E-11    0.11651182E-03
0.12710000E-02    0.19109692E-06    0.66325616E-11    0.11655500E-03
0.12720000E-02    0.19119464E-06    0.66399319E-11    0.11659815E-03
0.12730000E-02    0.19136708E-06    0.66473050E-11    0.11664130E-03
0.12740000E-02    0.19150813E-06    0.66546805E-11    0.11668442E-03
0.12750000E-02    0.19171543E-06    0.66620586E-11    0.11672753E-03
0.12760000E-02    0.19184200E-06    0.66694436E-11    0.11677064E-03
0.12770000E-02    0.19198605E-06    0.66768298E-11    0.11681373E-03
0.12780000E-02    0.19213277E-06    0.66842205E-11    0.11685682E-03
0.12790000E-02    0.19232899E-06    0.66916159E-11    0.11689990E-03
0.12800000E-02    0.19247625E-06    0.66990154E-11    0.11694297E-03
0.12810000E-02    0.19260481E-06    0.67064194E-11    0.11698604E-03
0.12820000E-02    0.19272440E-06    0.67138263E-11    0.11702909E-03
0.12830000E-02    0.19292258E-06    0.67212336E-11    0.11707211E-03
0.12840000E-02    0.19307312E-06    0.67286490E-11    0.11711515E-03
0.12850000E-02    0.19325861E-06    0.67360657E-11    0.11715817E-03
0.12860000E-02    0.19340069E-06    0.67434886E-11    0.11720119E-03
0.12870000E-02    0.19353511E-06    0.67509134E-11    0.11724418E-03
0.12880000E-02    0.19373115E-06    0.67583417E-11    0.11728717E-03
0.12890000E-02    0.19381956E-06    0.67657766E-11    0.11733016E-03
0.12900000E-02    0.19398072E-06    0.67732104E-11    0.11737312E-03
0.12910000E-02    0.19412523E-06    0.67806489E-11    0.11741607E-03
0.12920000E-02    0.19430869E-06    0.67880898E-11    0.11745901E-03
0.12930000E-02    0.19443745E-06    0.67955350E-11    0.11750193E-03
0.12940000E-02    0.19450584E-06    0.68029835E-11    0.11754485E-03
0.12950000E-02    0.19461020E-06    0.68104332E-11    0.11758774E-03
0.12960000E-02    0.19473043E-06    0.68178846E-11    0.11763061E-03
0.12970000E-02    0.19486916E-06    0.68253359E-11    0.11767345E-03
0.12980000E-02    0.19504938E-06    0.68327909E-11    0.11771627E-03
0.12990000E-02    0.19516504E-06    0.68402523E-11    0.11775911E-03
0.13000000E-02    0.19542423E-06    0.68477159E-11    0.11780192E-03
0.13010000E-02    0.19550148E-06    0.68551888E-11    0.11784476E-03
0.13020000E-02    0.19563795E-06    0.68626615E-11    0.11788756E-03
0.13030000E-02    0.19576760E-06    0.68701370E-11    0.11793035E-03
0.13040000E-02    0.19594179E-06    0.68776173E-11    0.11797314E-03
0.13050000E-02    0.19605489E-06    0.68851007E-11    0.11801591E-03
0.13060000E-02    0.19622851E-06    0.68925855E-11    0.11805866E-03
0.13070000E-02    0.19640631E-06    0.69000758E-11    0.11810141E-03
0.13080000E-02    0.19649199E-06    0.69075714E-11    0.11814416E-03
0.13090000E-02    0.19668646E-06    0.69150704E-11    0.11818690E-03
0.13100000E-02    0.19680544E-06    0.69225748E-11    0.11822964E-03
0.13110000E-02    0.19697941E-06    0.69300792E-11    0.11827234E-03
0.13120000E-02    0.19711358E-06    0.69375885E-11    0.11831505E-03
0.13130000E-02    0.19725621E-06    0.69451030E-11    0.11835775E-03
0.13140000E-02    0.19738959E-06    0.69526208E-11    0.11840044E-03
0.13150000E-02    0.19749410E-06    0.69601438E-11    0.11844313E-03
0.13160000E-02    0.19756193E-06    0.69676728E-11    0.11848582E-03
0.13170000E-02    0.19771835E-06    0.69752002E-11    0.11852847E-03
0.13180000E-02    0.19785355E-06    0.69827305E-11    0.11857111E-03
0.13190000E-02    0.19797621E-06    0.69902670E-11    0.11861375E-03
0.13200000E-02    0.19819182E-06    0.69978089E-11    0.11865640E-03
0.13210000E-02    0.19841242E-06    0.70053584E-11    0.11869905E-03
0.13220000E-02    0.19852364E-06    0.70129140E-11    0.11874171E-03
0.13230000E-02    0.19866536E-06    0.70204726E-11    0.11878436E-03
0.13240000E-02    0.19880395E-06    0.70280358E-11    0.11882700E-03
0.13250000E-02    0.19899546E-06    0.70356017E-11    0.11886962E-03
0.13260000E-02    0.19917874E-06    0.70431725E-11    0.11891224E-03
0.13270000E-02    0.19931069E-06    0.70507479E-11    0.11895486E-03
0.13280000E-02    0.19948923E-06    0.70583249E-11    0.11899746E-03
0.13290000E-02    0.19960270E-06    0.70659053E-11    0.11904004E-03
0.13300000E-02    0.19974633E-06    0.70734898E-11    0.11908262E-03
0.13310000E-02    0.19999778E-06    0.70810779E-11    0.11912518E-03
0.13320000E-02    0.20009224E-06    0.70886729E-11    0.11916776E-03
0.13330000E-02    0.20025883E-06    0.70962703E-11    0.11921032E-03
0.13340000E-02    0.20037214E-06    0.71038727E-11    0.11925287E-03
0.13350000E-02    0.20052592E-06    0.71114795E-11    0.11929542E-03
0.13360000E-02    0.20074306E-06    0.71190865E-11    0.11933794E-03
0.13370000E-02    0.20094045E-06    0.71267014E-11    0.11938048E-03
0.13380000E-02    0.20107814E-06    0.71343215E-11    0.11942301E-03
0.13390000E-02    0.20121614E-06    0.71419455E-11    0.11946554E-03
0.13400000E-02    0.20129193E-06    0.71495740E-11    0.11950806E-03
0.13410000E-02    0.20140093E-06    0.71572050E-11    0.11955056E-03
0.13420000E-02    0.20156907E-06    0.71648371E-11    0.11959304E-03
0.13430000E-02    0.20171549E-06    0.71724780E-11    0.11963554E-03
0.13440000E-02    0.20193974E-06    0.71801234E-11    0.11967803E-03
0.13450000E-02    0.20208761E-06    0.71877753E-11    0.11972053E-03
0.13460000E-02    0.20227250E-06    0.71954308E-11    0.11976302E-03
0.13470000E-02    0.20240164E-06    0.72030913E-11    0.11980550E-03
0.13480000E-02    0.20249792E-06    0.72107534E-11    0.11984797E-03
0.13490000E-02    0.20263873E-06    0.72184179E-11    0.11989042E-03
0.13500000E-02    0.20283179E-06    0.72260859E-11    0.11993285E-03
0.13510000E-02    0.20296170E-06    0.72337583E-11    0.11997529E-03
0.13520000E-02    0.20314261E-06    0.72414356E-11    0.12001772E-03
0.13530000E-02    0.20325418E-06    0.72491209E-11    0.12006016E-03
0.13540000E-02    0.20341332E-06    0.72568079E-11    0.12010258E-03
0.13550000E-02    0.20362575E-06    0.72644976E-11    0.12014499E-03
0.13560000E-02    0.20372682E-06    0.72721944E-11    0.12018740E-03
0.13570000E-02    0.20387577E-06    0.72798948E-11    0.12022981E-03
0.13580000E-02    0.20404584E-06    0.72875975E-11    0.12027220E-03
0.13590000E-02    0.20419199E-06    0.72953071E-11    0.12031460E-03
0.13600000E-02    0.20430379E-06    0.73030191E-11    0.12035698E-03
0.13610000E-02    0.20445705E-06    0.73107323E-11    0.12039934E-03
0.13620000E-02    0.20460809E-06    0.73184465E-11    0.12044167E-03
0.13630000E-02    0.20470056E-06    0.73261654E-11    0.12048400E-03
0.13640000E-02    0.20489554E-06    0.73338883E-11    0.12052632E-03
0.13650000E-02    0.20499792E-06    0.73416175E-11    0.12056865E-03
0.13660000E-02    0.20517038E-06    0.73493495E-11    0.12061096E-03
0.13670000E-02    0.20531570E-06    0.73570841E-11    0.12065325E-03
0.13680000E-02    0.20541107E-06    0.73648237E-11    0.12069555E-03
0.13690000E-02    0.20554164E-06    0.73725645E-11    0.12073782E-03
0.13700000E-02    0.20565823E-06    0.73803114E-11    0.12078009E-03
0.13710000E-02    0.20579265E-06    0.73880596E-11    0.12082234E-03
0.13720000E-02    0.20587785E-06    0.73958098E-11    0.12086458E-03
0.13730000E-02    0.20613305E-06    0.74035617E-11    0.12090679E-03
0.13740000E-02    0.20630660E-06    0.74113214E-11    0.12094902E-03
0.13750000E-02    0.20638403E-06    0.74190881E-11    0.12099125E-03
0.13760000E-02    0.20658481E-06    0.74268564E-11    0.12103347E-03
0.13770000E-02    0.20667558E-06    0.74346309E-11    0.12107568E-03
0.13780000E-02    0.20677324E-06    0.74424080E-11    0.12111789E-03
0.13790000E-02    0.20700567E-06    0.74501858E-11    0.12116006E-03
0.13800000E-02    0.20719429E-06    0.74579715E-11    0.12120226E-03
0.13810000E-02    0.20734546E-06    0.74657611E-11    0.12124444E-03
0.13820000E-02    0.20753957E-06    0.74735559E-11    0.12128662E-03
0.13830000E-02    0.20764554E-06    0.74813569E-11    0.12132881E-03
0.13840000E-02    0.20780070E-06    0.74891579E-11    0.12137096E-03
0.13850000E-02    0.20798771E-06    0.74969653E-11    0.12141312E-03
0.13860000E-02    0.20818313E-06    0.75047758E-11    0.12145527E-03
0.13870000E-02    0.20833299E-06    0.75125917E-11    0.12149742E-03
0.13880000E-02    0.20843242E-06    0.75204144E-11    0.12153958E-03
0.13890000E-02    0.20861519E-06    0.75282416E-11    0.12158173E-03
0.13900000E-02    0.20879140E-06    0.75360723E-11    0.12162387E-03
0.13910000E-02    0.20898685E-06    0.75439084E-11    0.12166601E-03
0.13920000E-02    0.20912169E-06    0.75517485E-11    0.12170814E-03
0.13930000E-02    0.20922724E-06    0.75595911E-11    0.12175026E-03
0.13940000E-02    0.20933279E-06    0.75674376E-11    0.12179237E-03
0.13950000E-02    0.20947766E-06    0.75752874E-11    0.12183447E-03
0.13960000E-02    0.20968493E-06    0.75831425E-11    0.12187656E-03
0.13970000E-02    0.20984670E-06    0.75910014E-11    0.12191865E-03
0.13980000E-02    0.20996776E-06    0.75988630E-11    0.12196073E-03
0.13990000E-02    0.21011162E-06    0.76067266E-11    0.12200278E-03
0.14000000E-02    0.21017077E-06    0.76145934E-11    0.12204483E-03
0.14010000E-02    0.21040519E-06    0.76224603E-11    0.12208684E-03
0.14020000E-02    0.21051435E-06    0.76303335E-11    0.12212886E-03
0.14030000E-02    0.21066066E-06    0.76382068E-11    0.12217085E-03
0.14040000E-02    0.21081136E-06    0.76460817E-11    0.12221282E-03
0.14050000E-02    0.21092655E-06    0.76539607E-11    0.12225479E-03
0.14060000E-02    0.21109214E-06    0.76618420E-11    0.12229673E-03
0.14070000E-02    0.21123758E-06    0.76697284E-11    0.12233868E-03
0.14080000E-02    0.21144184E-06    0.76776181E-11    0.12238062E-03
0.14090000E-02    0.21160099E-06    0.76855136E-11    0.12242255E-03
0.14100000E-02    0.21175875E-06    0.76934094E-11    0.12246446E-03
0.14110000E-02    0.21192226E-06    0.77013094E-11    0.12250636E-03
0.14120000E-02    0.21211825E-06    0.77092133E-11    0.12254826E-03
0.14130000E-02    0.21222458E-06    0.77171219E-11    0.12259015E-03
0.14140000E-02    0.21235215E-06    0.77250325E-11    0.12263203E-03
0.14150000E-02    0.21246874E-06    0.77329470E-11    0.12267389E-03
0.14160000E-02    0.21261791E-06    0.77408625E-11    0.12271573E-03
0.14170000E-02    0.21274238E-06    0.77487817E-11    0.12275757E-03
0.14180000E-02    0.21295529E-06    0.77567016E-11    0.12279938E-03
0.14190000E-02    0.21311084E-06    0.77646286E-11    0.12284119E-03
0.14200000E-02    0.21326045E-06    0.77725614E-11    0.12288301E-03
0.14210000E-02    0.21343788E-06    0.77804986E-11    0.12292483E-03
0.14220000E-02    0.21355398E-06    0.77884410E-11    0.12296664E-03
0.14230000E-02    0.21366390E-06    0.77963858E-11    0.12300844E-03
0.14240000E-02    0.21373826E-06    0.78043350E-11    0.12305023E-03
0.14250000E-02    0.21391438E-06    0.78122871E-11    0.12309201E-03
0.14260000E-02    0.21395981E-06    0.78202449E-11    0.12313379E-03
0.14270000E-02    0.21410761E-06    0.78282030E-11    0.12317554E-03
0.14280000E-02    0.21436573E-06    0.78361660E-11    0.12321730E-03
0.14290000E-02    0.21457784E-06    0.78441378E-11    0.12325906E-03
0.14300000E-02    0.21474740E-06    0.78521131E-11    0.12330082E-03
0.14310000E-02    0.21491360E-06    0.78600937E-11    0.12334258E-03
0.14320000E-02    0.21514084E-06    0.78680800E-11    0.12338434E-03
0.14330000E-02    0.21522784E-06    0.78760733E-11    0.12342611E-03
0.14340000E-02    0.21535763E-06    0.78840669E-11    0.12346785E-03
0.14350000E-02    0.21545881E-06    0.78920634E-11    0.12350958E-03
0.14360000E-02    0.21561322E-06    0.79000625E-11    0.12355130E-03
0.14370000E-02    0.21581987E-06    0.79080641E-11    0.12359299E-03
0.14380000E-02    0.21591542E-06    0.79160719E-11    0.12363470E-03
0.14390000E-02    0.21610317E-06    0.79240844E-11    0.12367640E-03
0.14400000E-02    0.21618533E-06    0.79321018E-11    0.12371809E-03
0.14410000E-02    0.21637902E-06    0.79401228E-11    0.12375978E-03
0.14420000E-02    0.21653399E-06    0.79481497E-11    0.12380147E-03
0.14430000E-02    0.21664454E-06    0.79561783E-11    0.12384314E-03
0.14440000E-02    0.21678296E-06    0.79642084E-11    0.12388479E-03
0.14450000E-02    0.21702007E-06    0.79722417E-11    0.12392643E-03
0.14460000E-02    0.21717416E-06    0.79802798E-11    0.12396807E-03
0.14470000E-02    0.21730358E-06    0.79883239E-11    0.12400971E-03
0.14480000E-02    0.21742116E-06    0.79963719E-11    0.12405134E-03
0.14490000E-02    0.21758198E-06    0.80044203E-11    0.12409295E-03
0.14500000E-02    0.21771137E-06    0.80124725E-11    0.12413454E-03
0.14510000E-02    0.21793851E-06    0.80205321E-11    0.12417615E-03
0.14520000E-02    0.21809230E-06    0.80285978E-11    0.12421776E-03
0.14530000E-02    0.21825175E-06    0.80366677E-11    0.12425937E-03
0.14540000E-02    0.21834269E-06    0.80447434E-11    0.12430097E-03
0.14550000E-02    0.21850023E-06    0.80528204E-11    0.12434256E-03
0.14560000E-02    0.21862890E-06    0.80608989E-11    0.12438412E-03
0.14570000E-02    0.21863778E-06    0.80689792E-11    0.12442567E-03
0.14580000E-02    0.21881631E-06    0.80770555E-11    0.12446717E-03
0.14590000E-02    0.21901600E-06    0.80851364E-11    0.12450867E-03
0.14600000E-02    0.21913698E-06    0.80932217E-11    0.12455016E-03
0.14610000E-02    0.21937203E-06    0.81013113E-11    0.12459164E-03
0.14620000E-02    0.21954353E-06    0.81094064E-11    0.12463313E-03
0.14630000E-02    0.21970296E-06    0.81175062E-11    0.12467461E-03
0.14640000E-02    0.21978016E-06    0.81256113E-11    0.12471609E-03
0.14650000E-02    0.21990286E-06    0.81337185E-11    0.12475755E-03
0.14660000E-02    0.22004233E-06    0.81418284E-11    0.12479900E-03
0.14670000E-02    0.22025478E-06    0.81499423E-11    0.12484044E-03
0.14680000E-02    0.22035229E-06    0.81580630E-11    0.12488190E-03
0.14690000E-02    0.22058136E-06    0.81661851E-11    0.12492333E-03
0.14700000E-02    0.22073909E-06    0.81743135E-11    0.12496476E-03
0.14710000E-02    0.22088525E-06    0.81824483E-11    0.12500620E-03
0.14720000E-02    0.22102314E-06    0.81905870E-11    0.12504763E-03
0.14730000E-02    0.22112980E-06    0.81987311E-11    0.12508906E-03
0.14740000E-02    0.22128252E-06    0.82068781E-11    0.12513048E-03
0.14750000E-02    0.22138978E-06    0.82150296E-11    0.12517190E-03
0.14760000E-02    0.22154682E-06    0.82231849E-11    0.12521331E-03
0.14770000E-02    0.22172395E-06    0.82313426E-11    0.12525470E-03
0.14780000E-02    0.22199140E-06    0.82395060E-11    0.12529609E-03
0.14790000E-02    0.22216182E-06    0.82476779E-11    0.12533750E-03
0.14800000E-02    0.22229935E-06    0.82558535E-11    0.12537890E-03
0.14810000E-02    0.22243226E-06    0.82640323E-11    0.12542029E-03
0.14820000E-02    0.22249064E-06    0.82722124E-11    0.12546166E-03
0.14830000E-02    0.22263195E-06    0.82803913E-11    0.12550299E-03
0.14840000E-02    0.22280611E-06    0.82885751E-11    0.12554433E-03
0.14850000E-02    0.22298882E-06    0.82967608E-11    0.12558564E-03
0.14860000E-02    0.22310760E-06    0.83049547E-11    0.12562697E-03
0.14870000E-02    0.22324333E-06    0.83131496E-11    0.12566828E-03
0.14880000E-02    0.22340559E-06    0.83213480E-11    0.12570957E-03
0.14890000E-02    0.22356360E-06    0.83295523E-11    0.12575088E-03
0.14900000E-02    0.22370543E-06    0.83377613E-11    0.12579217E-03
0.14910000E-02    0.22394630E-06    0.83459726E-11    0.12583345E-03
0.14920000E-02    0.22408097E-06    0.83541892E-11    0.12587473E-03
0.14930000E-02    0.22417869E-06    0.83624081E-11    0.12591600E-03
0.14940000E-02    0.22437496E-06    0.83706283E-11    0.12595724E-03
0.14950000E-02    0.22456488E-06    0.83788525E-11    0.12599848E-03
0.14960000E-02    0.22469487E-06    0.83870830E-11    0.12603972E-03
0.14970000E-02    0.22487251E-06    0.83953147E-11    0.12608095E-03
0.14980000E-02    0.22499862E-06    0.84035511E-11    0.12612216E-03
0.14990000E-02    0.22519502E-06    0.84117909E-11    0.12616337E-03
0.15000000E-02    0.22535401E-06    0.84200340E-11    0.12620457E-03
0.15010000E-02    0.22541959E-06    0.84282805E-11    0.12624576E-03
0.15020000E-02    0.22558345E-06    0.84365271E-11    0.12628692E-03
0.15030000E-02    0.22573730E-06    0.84447805E-11    0.12632809E-03
0.15040000E-02    0.22594248E-06    0.84530341E-11    0.12636923E-03
0.15050000E-02    0.22607651E-06    0.84612919E-11    0.12641037E-03
0.15060000E-02    0.22622783E-06    0.84695554E-11    0.12645150E-03
0.15070000E-02    0.22633394E-06    0.84778235E-11    0.12649264E-03
0.15080000E-02    0.22655958E-06    0.84860928E-11    0.12653375E-03
0.15090000E-02    0.22671259E-06    0.84943699E-11    0.12657488E-03
0.15100000E-02    0.22688607E-06    0.85026487E-11    0.12661599E-03
0.15110000E-02    0.22706496E-06    0.85109323E-11    0.12665709E-03
0.15120000E-02    0.22717463E-06    0.85192212E-11    0.12669820E-03
0.15130000E-02    0.22733647E-06    0.85275096E-11    0.12673927E-03
0.15140000E-02    0.22753057E-06    0.85358030E-11    0.12678034E-03
0.15150000E-02    0.22767029E-06    0.85441044E-11    0.12682143E-03
0.15160000E-02    0.22780474E-06    0.85524103E-11    0.12686251E-03
0.15170000E-02    0.22797037E-06    0.85607173E-11    0.12690357E-03
0.15180000E-02    0.22809300E-06    0.85690283E-11    0.12694463E-03
0.15190000E-02    0.22822412E-06    0.85773422E-11    0.12698567E-03
0.15200000E-02    0.22834774E-06    0.85856598E-11    0.12702670E-03
0.15210000E-02    0.22850711E-06    0.85939825E-11    0.12706773E-03
0.15220000E-02    0.22866276E-06    0.86023086E-11    0.12710876E-03
0.15230000E-02    0.22884863E-06    0.86106400E-11    0.12714978E-03
0.15240000E-02    0.22894458E-06    0.86189752E-11    0.12719079E-03
0.15250000E-02    0.22914831E-06    0.86273137E-11    0.12723180E-03
0.15260000E-02    0.22929920E-06    0.86356580E-11    0.12727280E-03
0.15270000E-02    0.22945035E-06    0.86440047E-11    0.12731379E-03
0.15280000E-02    0.22969774E-06    0.86523529E-11    0.12735477E-03
0.15290000E-02    0.22981471E-06    0.86607114E-11    0.12739576E-03
0.15300000E-02    0.22996154E-06    0.86690729E-11    0.12743675E-03
0.15310000E-02    0.23014908E-06    0.86774376E-11    0.12747772E-03
0.15320000E-02    0.23034713E-06    0.86858088E-11    0.12751870E-03
0.15330000E-02    0.23050822E-06    0.86941843E-11    0.12755968E-03
0.15340000E-02    0.23070673E-06    0.87025646E-11    0.12760065E-03
0.15350000E-02    0.23078141E-06    0.87109508E-11    0.12764162E-03
0.15360000E-02    0.23095498E-06    0.87193366E-11    0.12768257E-03
0.15370000E-02    0.23113992E-06    0.87277279E-11    0.12772352E-03
0.15380000E-02    0.23126938E-06    0.87361257E-11    0.12776447E-03
0.15390000E-02    0.23144198E-06    0.87445261E-11    0.12780541E-03
0.15400000E-02    0.23161060E-06    0.87529321E-11    0.12784634E-03
0.15410000E-02    0.23171053E-06    0.87613420E-11    0.12788728E-03
0.15420000E-02    0.23186397E-06    0.87697516E-11    0.12792818E-03
0.15430000E-02    0.23203576E-06    0.87781658E-11    0.12796908E-03
0.15440000E-02    0.23216680E-06    0.87865835E-11    0.12800997E-03
0.15450000E-02    0.23229545E-06    0.87950040E-11    0.12805085E-03
0.15460000E-02    0.23245026E-06    0.88034289E-11    0.12809173E-03
0.15470000E-02    0.23260357E-06    0.88118561E-11    0.12813259E-03
0.15480000E-02    0.23275643E-06    0.88202873E-11    0.12817344E-03
0.15490000E-02    0.23295723E-06    0.88287236E-11    0.12821429E-03
0.15500000E-02    0.23307911E-06    0.88371661E-11    0.12825515E-03
0.15510000E-02    0.23325944E-06    0.88456117E-11    0.12829599E-03
0.15520000E-02    0.23337968E-06    0.88540624E-11    0.12833683E-03
0.15530000E-02    0.23352898E-06    0.88625162E-11    0.12837767E-03
0.15540000E-02    0.23368758E-06    0.88709772E-11    0.12841851E-03
0.15550000E-02    0.23384104E-06    0.88794418E-11    0.12845934E-03
0.15560000E-02    0.23395429E-06    0.88879077E-11    0.12850015E-03
0.15570000E-02    0.23417005E-06    0.88963794E-11    0.12854097E-03
0.15580000E-02    0.23423796E-06    0.89048530E-11    0.12858176E-03
0.15590000E-02    0.23436229E-06    0.89133265E-11    0.12862254E-03
0.15600000E-02    0.23452195E-06    0.89218006E-11    0.12866328E-03
0.15610000E-02    0.23473516E-06    0.89302787E-11    0.12870403E-03
0.15620000E-02    0.23492562E-06    0.89387619E-11    0.12874477E-03
0.15630000E-02    0.23502340E-06    0.89472507E-11    0.12878551E-03
0.15640000E-02    0.23520212E-06    0.89557416E-11    0.12882624E-03
0.15650000E-02    0.23528843E-06    0.89642365E-11    0.12886695E-03
0.15660000E-02    0.23537178E-06    0.89727316E-11    0.12890765E-03
0.15670000E-02    0.23555013E-06    0.89812290E-11    0.12894833E-03
0.15680000E-02    0.23568879E-06    0.89897315E-11    0.12898901E-03
0.15690000E-02    0.23588221E-06    0.89982367E-11    0.12902967E-03
0.15700000E-02    0.23600455E-06    0.90067448E-11    0.12907033E-03
0.15710000E-02    0.23613106E-06    0.90152553E-11    0.12911097E-03
0.15720000E-02    0.23631613E-06    0.90237686E-11    0.12915160E-03
0.15730000E-02    0.23637952E-06    0.90322845E-11    0.12919221E-03
0.15740000E-02    0.23663209E-06    0.90407995E-11    0.12923280E-03
0.15750000E-02    0.23679189E-06    0.90493243E-11    0.12927340E-03
0.15760000E-02    0.23695906E-06    0.90578534E-11    0.12931400E-03
0.15770000E-02    0.23719214E-06    0.90663840E-11    0.12935459E-03
0.15780000E-02    0.23734316E-06    0.90749221E-11    0.12939518E-03
0.15790000E-02    0.23748773E-06    0.90834635E-11    0.12943576E-03
0.15800000E-02    0.23762114E-06    0.90920090E-11    0.12947634E-03
0.15810000E-02    0.23782969E-06    0.91005580E-11    0.12951691E-03
0.15820000E-02    0.23792442E-06    0.91091122E-11    0.12955748E-03
0.15830000E-02    0.23799774E-06    0.91176680E-11    0.12959803E-03
0.15840000E-02    0.23811637E-06    0.91262226E-11    0.12963855E-03
0.15850000E-02    0.23835346E-06    0.91347802E-11    0.12967905E-03
0.15860000E-02    0.23851481E-06    0.91433425E-11    0.12971956E-03
0.15870000E-02    0.23864573E-06    0.91519074E-11    0.12976005E-03
0.15880000E-02    0.23888218E-06    0.91604773E-11    0.12980054E-03
0.15890000E-02    0.23902887E-06    0.91690528E-11    0.12984103E-03
0.15900000E-02    0.23921231E-06    0.91776310E-11    0.12988151E-03
0.15910000E-02    0.23935608E-06    0.91862128E-11    0.12992198E-03
0.15920000E-02    0.23944665E-06    0.91947976E-11    0.12996244E-03
0.15930000E-02    0.23960515E-06    0.92033849E-11    0.13000289E-03
0.15940000E-02    0.23982711E-06    0.92119782E-11    0.13004333E-03
0.15950000E-02    0.23998084E-06    0.92205749E-11    0.13008377E-03
0.15960000E-02    0.24010298E-06    0.92291733E-11    0.13012420E-03
0.15970000E-02    0.24020288E-06    0.92377761E-11    0.13016462E-03
0.15980000E-02    0.24036629E-06    0.92463778E-11    0.13020500E-03
0.15990000E-02    0.24050710E-06    0.92549834E-11    0.13024539E-03
0.16000000E-02    0.24071159E-06    0.92635916E-11    0.13028575E-03
0.16010000E-02    0.24085990E-06    0.92722055E-11    0.13032612E-03
0.16020000E-02    0.24090653E-06    0.92808241E-11    0.13036649E-03
0.16030000E-02    0.24116930E-06    0.92894420E-11    0.13040683E-03
0.16040000E-02    0.24131106E-06    0.92980685E-11    0.13044718E-03
0.16050000E-02    0.24140612E-06    0.93066975E-11    0.13048753E-03
0.16060000E-02    0.24156340E-06    0.93153282E-11    0.13052785E-03
0.16070000E-02    0.24165786E-06    0.93239616E-11    0.13056816E-03
0.16080000E-02    0.24183718E-06    0.93325952E-11    0.13060845E-03
0.16090000E-02    0.24195515E-06    0.93412336E-11    0.13064873E-03
0.16100000E-02    0.24213072E-06    0.93498725E-11    0.13068900E-03
0.16110000E-02    0.24232960E-06    0.93585124E-11    0.13072924E-03
0.16120000E-02    0.24252123E-06    0.93671573E-11    0.13076948E-03
0.16130000E-02    0.24267258E-06    0.93758097E-11    0.13080973E-03
0.16140000E-02    0.24294560E-06    0.93844654E-11    0.13084997E-03
0.16150000E-02    0.24311369E-06    0.93931251E-11    0.13089021E-03
0.16160000E-02    0.24325360E-06    0.94017883E-11    0.13093044E-03
0.16170000E-02    0.24337705E-06    0.94104537E-11    0.13097065E-03
0.16180000E-02    0.24349924E-06    0.94191190E-11    0.13101084E-03
0.16190000E-02    0.24362308E-06    0.94277869E-11    0.13105101E-03
0.16200000E-02    0.24387735E-06    0.94364581E-11    0.13109118E-03
0.16210000E-02    0.24402426E-06    0.94451351E-11    0.13113135E-03
0.16220000E-02    0.24420962E-06    0.94538184E-11    0.13117152E-03
0.16230000E-02    0.24430652E-06    0.94625058E-11    0.13121169E-03
0.16240000E-02    0.24446254E-06    0.94711918E-11    0.13125182E-03
0.16250000E-02    0.24459703E-06    0.94798832E-11    0.13129196E-03
0.16260000E-02    0.24480102E-06    0.94885790E-11    0.13133209E-03
0.16270000E-02    0.24496063E-06    0.94972756E-11    0.13137220E-03
0.16280000E-02    0.24512893E-06    0.95059755E-11    0.13141230E-03
0.16290000E-02    0.24530367E-06    0.95146798E-11    0.13145240E-03
0.16300000E-02    0.24545228E-06    0.95233890E-11    0.13149250E-03
0.16310000E-02    0.24554725E-06    0.95321029E-11    0.13153259E-03
0.16320000E-02    0.24570304E-06    0.95408217E-11    0.13157268E-03
0.16330000E-02    0.24589489E-06    0.95495439E-11    0.13161276E-03
0.16340000E-02    0.24601423E-06    0.95582725E-11    0.13165285E-03
0.16350000E-02    0.24618146E-06    0.95670021E-11    0.13169292E-03
0.16360000E-02    0.24633979E-06    0.95757351E-11    0.13173298E-03
0.16370000E-02    0.24649850E-06    0.95844703E-11    0.13177302E-03
0.16380000E-02    0.24665495E-06    0.95932112E-11    0.13181307E-03
0.16390000E-02    0.24679748E-06    0.96019556E-11    0.13185310E-03
0.16400000E-02    0.24696605E-06    0.96107034E-11    0.13189313E-03
0.16410000E-02    0.24709684E-06    0.96194574E-11    0.13193317E-03
0.16420000E-02    0.24721093E-06    0.96282141E-11    0.13197319E-03
0.16430000E-02    0.24739012E-06    0.96369727E-11    0.13201319E-03
0.16440000E-02    0.24769851E-06    0.96457363E-11    0.13205320E-03
0.16450000E-02    0.24787340E-06    0.96545091E-11    0.13209322E-03
0.16460000E-02    0.24797395E-06    0.96632870E-11    0.13213324E-03
0.16470000E-02    0.24808199E-06    0.96720680E-11    0.13217325E-03
0.16480000E-02    0.24825208E-06    0.96808514E-11    0.13221325E-03
0.16490000E-02    0.24841188E-06    0.96896368E-11    0.13225323E-03
0.16500000E-02    0.24858494E-06    0.96984259E-11    0.13229321E-03
0.16510000E-02    0.24868449E-06    0.97072205E-11    0.13233318E-03
0.16520000E-02    0.24879878E-06    0.97160137E-11    0.13237313E-03
0.16530000E-02    0.24898477E-06    0.97248106E-11    0.13241307E-03
0.16540000E-02    0.24910115E-06    0.97336143E-11    0.13245301E-03
0.16550000E-02    0.24923327E-06    0.97424204E-11    0.13249294E-03
0.16560000E-02    0.24947008E-06    0.97512295E-11    0.13253287E-03
0.16570000E-02    0.24961188E-06    0.97600452E-11    0.13257279E-03
0.16580000E-02    0.24978252E-06    0.97688611E-11    0.13261270E-03
0.16590000E-02    0.24996682E-06    0.97776803E-11    0.13265259E-03
0.16600000E-02    0.25015752E-06    0.97865013E-11    0.13269247E-03
0.16610000E-02    0.25028169E-06    0.97953248E-11    0.13273234E-03
0.16620000E-02    0.25037727E-06    0.98041517E-11    0.13277220E-03
0.16630000E-02    0.25049250E-06    0.98129770E-11    0.13281202E-03
0.16640000E-02    0.25066847E-06    0.98218045E-11    0.13285184E-03
0.16650000E-02    0.25075020E-06    0.98306366E-11    0.13289165E-03
0.16660000E-02    0.25087079E-06    0.98394668E-11    0.13293142E-03
0.16670000E-02    0.25104738E-06    0.98482998E-11    0.13297119E-03
0.16680000E-02    0.25118842E-06    0.98571355E-11    0.13301094E-03
0.16690000E-02    0.25138651E-06    0.98659730E-11    0.13305068E-03
0.16700000E-02    0.25162256E-06    0.98748145E-11    0.13309042E-03
0.16710000E-02    0.25181697E-06    0.98836626E-11    0.13313015E-03
0.16720000E-02    0.25199080E-06    0.98925141E-11    0.13316988E-03
0.16730000E-02    0.25203710E-06    0.99013678E-11    0.13320960E-03
0.16740000E-02    0.25222553E-06    0.99102211E-11    0.13324929E-03
0.16750000E-02    0.25243178E-06    0.99190771E-11    0.13328897E-03
0.16760000E-02    0.25249316E-06    0.99279372E-11    0.13332865E-03
0.16770000E-02    0.25266811E-06    0.99367997E-11    0.13336831E-03
0.16780000E-02    0.25281890E-06    0.99456646E-11    0.13340796E-03
0.16790000E-02    0.25305752E-06    0.99545307E-11    0.13344759E-03
0.16800000E-02    0.25315356E-06    0.99634022E-11    0.13348722E-03
0.16810000E-02    0.25328233E-06    0.99722732E-11    0.13352682E-03
0.16820000E-02    0.25339086E-06    0.99811454E-11    0.13356641E-03
0.16830000E-02    0.25344743E-06    0.99900177E-11    0.13360598E-03
0.16840000E-02    0.25356705E-06    0.99988909E-11    0.13364552E-03
0.16850000E-02    0.25375316E-06    0.10007763E-10    0.13368504E-03
0.16860000E-02    0.25391211E-06    0.10016639E-10    0.13372455E-03
0.16870000E-02    0.25407989E-06    0.10025517E-10    0.13376404E-03
0.16880000E-02    0.25421570E-06    0.10034398E-10    0.13380353E-03
0.16890000E-02    0.25439564E-06    0.10043282E-10    0.13384301E-03
0.16900000E-02    0.25449250E-06    0.10052171E-10    0.13388248E-03
0.16910000E-02    0.25470222E-06    0.10061061E-10    0.13392194E-03
0.16920000E-02    0.25490128E-06    0.10069952E-10    0.13396138E-03
0.16930000E-02    0.25509091E-06    0.10078849E-10    0.13400082E-03
0.16940000E-02    0.25526428E-06    0.10087753E-10    0.13404026E-03
0.16950000E-02    0.25551507E-06    0.10096660E-10    0.13407970E-03
0.16960000E-02    0.25570805E-06    0.10105575E-10    0.13411916E-03
0.16970000E-02    0.25594901E-06    0.10114495E-10    0.13415860E-03
0.16980000E-02    0.25610578E-06    0.10123419E-10    0.13419805E-03
0.16990000E-02    0.25624094E-06    0.10132346E-10    0.13423748E-03
0.17000000E-02    0.25637095E-06    0.10141274E-10    0.13427690E-03
0.17010000E-02    0.25656843E-06    0.10150203E-10    0.13431630E-03
0.17020000E-02    0.25673926E-06    0.10159137E-10    0.13435569E-03
0.17030000E-02    0.25694401E-06    0.10168074E-10    0.13439508E-03
0.17040000E-02    0.25709958E-06    0.10177013E-10    0.13443445E-03
0.17050000E-02    0.25722061E-06    0.10185954E-10    0.13447381E-03
0.17060000E-02    0.25738215E-06    0.10194895E-10    0.13451314E-03
0.17070000E-02    0.25752393E-06    0.10203839E-10    0.13455247E-03
0.17080000E-02    0.25764186E-06    0.10212791E-10    0.13459180E-03
0.17090000E-02    0.25777071E-06    0.10221743E-10    0.13463112E-03
0.17100000E-02    0.25789498E-06    0.10230699E-10    0.13467043E-03
0.17110000E-02    0.25797688E-06    0.10239656E-10    0.13470972E-03
0.17120000E-02    0.25815504E-06    0.10248614E-10    0.13474899E-03
0.17130000E-02    0.25838612E-06    0.10257575E-10    0.13478825E-03
0.17140000E-02    0.25855730E-06    0.10266542E-10    0.13482751E-03
0.17150000E-02    0.25872795E-06    0.10275513E-10    0.13486677E-03
0.17160000E-02    0.25889706E-06    0.10284486E-10    0.13490602E-03
0.17170000E-02    0.25911761E-06    0.10293463E-10    0.13494526E-03
0.17180000E-02    0.25922492E-06    0.10302444E-10    0.13498449E-03
0.17190000E-02    0.25939999E-06    0.10311428E-10    0.13502372E-03
0.17200000E-02    0.25959222E-06    0.10320417E-10    0.13506295E-03
0.17210000E-02    0.25972378E-06    0.10329408E-10    0.13510215E-03
0.17220000E-02    0.25981978E-06    0.10338400E-10    0.13514135E-03
0.17230000E-02    0.25987377E-06    0.10347393E-10    0.13518052E-03
0.17240000E-02    0.26007033E-06    0.10356388E-10    0.13521968E-03
0.17250000E-02    0.26017852E-06    0.10365386E-10    0.13525883E-03
0.17260000E-02    0.26022477E-06    0.10374384E-10    0.13529795E-03
0.17270000E-02    0.26039897E-06    0.10383380E-10    0.13533705E-03
0.17280000E-02    0.26059124E-06    0.10392383E-10    0.13537615E-03
0.17290000E-02    0.26079988E-06    0.10401389E-10    0.13541525E-03
0.17300000E-02    0.26097473E-06    0.10410399E-10    0.13545434E-03
0.17310000E-02    0.26099447E-06    0.10419409E-10    0.13549341E-03
0.17320000E-02    0.26124040E-06    0.10428417E-10    0.13553244E-03
0.17330000E-02    0.26141283E-06    0.10437430E-10    0.13557148E-03
0.17340000E-02    0.26154885E-06    0.10446443E-10    0.13561049E-03
0.17350000E-02    0.26180576E-06    0.10455457E-10    0.13564948E-03
0.17360000E-02    0.26201025E-06    0.10464477E-10    0.13568848E-03
0.17370000E-02    0.26215708E-06    0.10473499E-10    0.13572746E-03
0.17380000E-02    0.26232878E-06    0.10482520E-10    0.13576642E-03
0.17390000E-02    0.26245587E-06    0.10491545E-10    0.13580537E-03
0.17400000E-02    0.26262851E-06    0.10500571E-10    0.13584431E-03
0.17410000E-02    0.26274122E-06    0.10509601E-10    0.13588323E-03
0.17420000E-02    0.26282134E-06    0.10518631E-10    0.13592214E-03
0.17430000E-02    0.26293448E-06    0.10527661E-10    0.13596102E-03
0.17440000E-02    0.26310791E-06    0.10536692E-10    0.13599989E-03
0.17450000E-02    0.26327680E-06    0.10545725E-10    0.13603874E-03
0.17460000E-02    0.26349144E-06    0.10554759E-10    0.13607758E-03
0.17470000E-02    0.26365990E-06    0.10563796E-10    0.13611641E-03
0.17480000E-02    0.26380066E-06    0.10572836E-10    0.13615522E-03
0.17490000E-02    0.26402390E-06    0.10581876E-10    0.13619402E-03
0.17500000E-02    0.26418700E-06    0.10590921E-10    0.13623281E-03
0.17510000E-02    0.26423399E-06    0.10599967E-10    0.13627158E-03
0.17520000E-02    0.26434593E-06    0.10609010E-10    0.13631032E-03
0.17530000E-02    0.26445504E-06    0.10618056E-10    0.13634905E-03
0.17540000E-02    0.26464534E-06    0.10627102E-10    0.13638777E-03
0.17550000E-02    0.26493981E-06    0.10636153E-10    0.13642648E-03
0.17560000E-02    0.26512742E-06    0.10645213E-10    0.13646520E-03
0.17570000E-02    0.26522706E-06    0.10654272E-10    0.13650390E-03
0.17580000E-02    0.26536998E-06    0.10663329E-10    0.13654257E-03
0.17590000E-02    0.26558507E-06    0.10672385E-10    0.13658121E-03
0.17600000E-02    0.26567402E-06    0.10681444E-10    0.13661984E-03
0.17610000E-02    0.26581668E-06    0.10690501E-10    0.13665845E-03
0.17620000E-02    0.26601418E-06    0.10699562E-10    0.13669704E-03
0.17630000E-02    0.26620557E-06    0.10708622E-10    0.13673562E-03
0.17640000E-02    0.26632492E-06    0.10717685E-10    0.13677418E-03
0.17650000E-02    0.26644195E-06    0.10726748E-10    0.13681273E-03
0.17660000E-02    0.26659709E-06    0.10735813E-10    0.13685125E-03
0.17670000E-02    0.26679074E-06    0.10744879E-10    0.13688977E-03
0.17680000E-02    0.26694701E-06    0.10753950E-10    0.13692827E-03
0.17690000E-02    0.26701782E-06    0.10763019E-10    0.13696676E-03
0.17700000E-02    0.26715498E-06    0.10772089E-10    0.13700522E-03
0.17710000E-02    0.26733694E-06    0.10781159E-10    0.13704366E-03
0.17720000E-02    0.26746343E-06    0.10790230E-10    0.13708208E-03
0.17730000E-02    0.26757628E-06    0.10799303E-10    0.13712049E-03
0.17740000E-02    0.26778555E-06    0.10808371E-10    0.13715887E-03
0.17750000E-02    0.26798727E-06    0.10817444E-10    0.13719723E-03
0.17760000E-02    0.26828368E-06    0.10826519E-10    0.13723559E-03
0.17770000E-02    0.26843620E-06    0.10835599E-10    0.13727394E-03
0.17780000E-02    0.26853968E-06    0.10844678E-10    0.13731227E-03
0.17790000E-02    0.26873888E-06    0.10853758E-10    0.13735058E-03
0.17800000E-02    0.26883826E-06    0.10862838E-10    0.13738887E-03
0.17810000E-02    0.26902731E-06    0.10871918E-10    0.13742714E-03
0.17820000E-02    0.26919566E-06    0.10880999E-10    0.13746540E-03
0.17830000E-02    0.26935642E-06    0.10890079E-10    0.13750362E-03
0.17840000E-02    0.26947874E-06    0.10899161E-10    0.13754184E-03
0.17850000E-02    0.26968566E-06    0.10908243E-10    0.13758003E-03
0.17860000E-02    0.26977490E-06    0.10917325E-10    0.13761820E-03
0.17870000E-02    0.26996738E-06    0.10926407E-10    0.13765635E-03
0.17880000E-02    0.27010693E-06    0.10935490E-10    0.13769448E-03
0.17890000E-02    0.27027373E-06    0.10944573E-10    0.13773260E-03
0.17900000E-02    0.27044351E-06    0.10953655E-10    0.13777068E-03
0.17910000E-02    0.27065047E-06    0.10962737E-10    0.13780875E-03
0.17920000E-02    0.27079272E-06    0.10971820E-10    0.13784680E-03
0.17930000E-02    0.27093914E-06    0.10980899E-10    0.13788481E-03
0.17940000E-02    0.27111340E-06    0.10989978E-10    0.13792280E-03
0.17950000E-02    0.27121331E-06    0.10999054E-10    0.13796076E-03
0.17960000E-02    0.27139118E-06    0.11008128E-10    0.13799869E-03
0.17970000E-02    0.27161241E-06    0.11017204E-10    0.13803660E-03
0.17980000E-02    0.27172516E-06    0.11026283E-10    0.13807451E-03
0.17990000E-02    0.27184991E-06    0.11035360E-10    0.13811239E-03
0.18000000E-02    0.27187750E-06    0.11044434E-10    0.13815023E-03
