# Scriven-Struct-75-smallDt, last segment (cols: time surface volume rad_volume [rad_front])
0.10000000E-05    0.31210879E-07    0.52468635E-12    0.50034595E-04    0.49784832E-04
0.20000000E-05    0.31325587E-07    0.52741876E-12    0.50121299E-04    0.49875433E-04
0.30000000E-05    0.31437411E-07    0.53008154E-12    0.50205507E-04    0.49964192E-04
0.40000000E-05    0.31548247E-07    0.53272098E-12    0.50288699E-04    0.50052524E-04
0.50000000E-05    0.31659610E-07    0.53537713E-12    0.50372140E-04    0.50140414E-04
0.60000000E-05    0.31770188E-07    0.53801428E-12    0.50454712E-04    0.50227689E-04
0.70000000E-05    0.31880090E-07    0.54064009E-12    0.50536661E-04    0.50313933E-04
0.80000000E-05    0.31991230E-07    0.54329849E-12    0.50619358E-04    0.50401169E-04
0.90000000E-05    0.32101304E-07    0.54594287E-12    0.50701351E-04    0.50487713E-04
0.10000000E-04    0.32209734E-07    0.54855132E-12    0.50781971E-04    0.50572834E-04
0.11000000E-04    0.32318017E-07    0.55116349E-12    0.50862450E-04    0.50657729E-04
0.12000000E-04    0.32427999E-07    0.55381940E-12    0.50944017E-04    0.50743808E-04
0.13000000E-04    0.32536675E-07    0.55644149E-12    0.51024289E-04    0.50827697E-04
0.14000000E-04    0.32646888E-07    0.55909569E-12    0.51105289E-04    0.50913659E-04
0.15000000E-04    0.32756023E-07    0.56172123E-12    0.51185161E-04    0.50998273E-04
0.16000000E-04    0.32866493E-07    0.56437432E-12    0.51265620E-04    0.51083977E-04
0.17000000E-04    0.32978746E-07    0.56706916E-12    0.51347087E-04    0.51171481E-04
0.18000000E-04    0.33091666E-07    0.56977370E-12    0.51428588E-04    0.51259380E-04
0.19000000E-04    0.33204703E-07    0.57248147E-12    0.51509928E-04    0.51346525E-04
0.20000000E-04    0.33318006E-07    0.57518843E-12    0.51590988E-04    0.51434464E-04
0.21000000E-04    0.33430697E-07    0.57787719E-12    0.51671252E-04    0.51521550E-04
0.22000000E-04    0.33543283E-07    0.58056726E-12    0.51751306E-04    0.51608228E-04
0.23000000E-04    0.33654832E-07    0.58323781E-12    0.51830534E-04    0.51693425E-04
0.24000000E-04    0.33767417E-07    0.58592696E-12    0.51910071E-04    0.51780358E-04
0.25000000E-04    0.33881182E-07    0.58864097E-12    0.51990097E-04    0.51867447E-04
0.26000000E-04    0.33995945E-07    0.59138667E-12    0.52070807E-04    0.51955796E-04
0.27000000E-04    0.34111836E-07    0.59416033E-12    0.52152086E-04    0.52045709E-04
0.28000000E-04    0.34224194E-07    0.59686136E-12    0.52230993E-04    0.52132537E-04
0.29000000E-04    0.34337358E-07    0.59958658E-12    0.52310367E-04    0.52218835E-04
0.30000000E-04    0.34451848E-07    0.60234121E-12    0.52390353E-04    0.52307089E-04
0.31000000E-04    0.34566874E-07    0.60510104E-12    0.52470246E-04    0.52394514E-04
0.32000000E-04    0.34681574E-07    0.60786075E-12    0.52549892E-04    0.52482246E-04
0.33000000E-04    0.34795850E-07    0.61061983E-12    0.52629280E-04    0.52569453E-04
0.34000000E-04    0.34911292E-07    0.61340077E-12    0.52709056E-04    0.52657351E-04
0.35000000E-04    0.35027430E-07    0.61619334E-12    0.52788923E-04    0.52745104E-04
0.36000000E-04    0.35143842E-07    0.61899215E-12    0.52868726E-04    0.52832335E-04
0.37000000E-04    0.35262130E-07    0.62183039E-12    0.52949408E-04    0.52921711E-04
0.38000000E-04    0.35379365E-07    0.62464840E-12    0.53029273E-04    0.53009722E-04
0.39000000E-04    0.35493697E-07    0.62741281E-12    0.53107386E-04    0.53093377E-04
0.40000000E-04    0.35609192E-07    0.63020434E-12    0.53186032E-04    0.53178972E-04
0.41000000E-04    0.35725834E-07    0.63303036E-12    0.53265414E-04    0.53266169E-04
0.42000000E-04    0.35841910E-07    0.63583986E-12    0.53344099E-04    0.53353306E-04
0.43000000E-04    0.35959381E-07    0.63867943E-12    0.53423390E-04    0.53439598E-04
0.44000000E-04    0.36076961E-07    0.64151848E-12    0.53502432E-04    0.53527237E-04
0.45000000E-04    0.36196058E-07    0.64440035E-12    0.53582428E-04    0.53615231E-04
0.46000000E-04    0.36313836E-07    0.64724268E-12    0.53661093E-04    0.53703041E-04
0.47000000E-04    0.36433608E-07    0.65012212E-12    0.53740550E-04    0.53791670E-04
0.48000000E-04    0.36552593E-07    0.65298723E-12    0.53819380E-04    0.53876944E-04
0.49000000E-04    0.36668673E-07    0.65580692E-12    0.53896736E-04    0.53962168E-04
0.50000000E-04    0.36786417E-07    0.65866415E-12    0.53974895E-04    0.54046791E-04
0.51000000E-04    0.36904780E-07    0.66153157E-12    0.54053106E-04    0.54132950E-04
0.52000000E-04    0.37025201E-07    0.66444162E-12    0.54132249E-04    0.54220439E-04
0.53000000E-04    0.37144891E-07    0.66733310E-12    0.54210659E-04    0.54307529E-04
0.54000000E-04    0.37264374E-07    0.67022678E-12    0.54288902E-04    0.54392929E-04
0.55000000E-04    0.37384497E-07    0.67313736E-12    0.54367375E-04    0.54479119E-04
0.56000000E-04    0.37503576E-07    0.67602944E-12    0.54445125E-04    0.54565048E-04
0.57000000E-04    0.37622154E-07    0.67891118E-12    0.54522377E-04    0.54651018E-04
0.58000000E-04    0.37741002E-07    0.68180223E-12    0.54599660E-04    0.54736309E-04
0.59000000E-04    0.37859968E-07    0.68470492E-12    0.54677034E-04    0.54822075E-04
0.60000000E-04    0.37979145E-07    0.68761369E-12    0.54754351E-04    0.54908013E-04
0.61000000E-04    0.38099048E-07    0.69054905E-12    0.54832154E-04    0.54992915E-04
0.62000000E-04    0.38219874E-07    0.69352026E-12    0.54910683E-04    0.55078839E-04
0.63000000E-04    0.38339876E-07    0.69648679E-12    0.54988865E-04    0.55163492E-04
0.64000000E-04    0.38459227E-07    0.69945281E-12    0.55066812E-04    0.55248992E-04
0.65000000E-04    0.38580214E-07    0.70246881E-12    0.55145847E-04    0.55334918E-04
0.66000000E-04    0.38700364E-07    0.70547031E-12    0.55224278E-04    0.55421246E-04
0.67000000E-04    0.38822031E-07    0.70851654E-12    0.55303650E-04    0.55507840E-04
0.68000000E-04    0.38941977E-07    0.71154507E-12    0.55382336E-04    0.55593285E-04
0.69000000E-04    0.39061287E-07    0.71457450E-12    0.55460822E-04    0.55679284E-04
0.70000000E-04    0.39181645E-07    0.71763743E-12    0.55539951E-04    0.55765290E-04
0.71000000E-04    0.39299645E-07    0.72065361E-12    0.55617652E-04    0.55849157E-04
0.72000000E-04    0.39418156E-07    0.72368333E-12    0.55695485E-04    0.55934378E-04
0.73000000E-04    0.39537878E-07    0.72674256E-12    0.55773855E-04    0.56020444E-04
0.74000000E-04    0.39659316E-07    0.72984406E-12    0.55853084E-04    0.56104825E-04
0.75000000E-04    0.39779746E-07    0.73293013E-12    0.55931696E-04    0.56188914E-04
0.76000000E-04    0.39900067E-07    0.73602295E-12    0.56010259E-04    0.56273477E-04
0.77000000E-04    0.40020318E-07    0.73911781E-12    0.56088654E-04    0.56359123E-04
0.78000000E-04    0.40139982E-07    0.74219827E-12    0.56166467E-04    0.56442425E-04
0.79000000E-04    0.40260538E-07    0.74531082E-12    0.56244873E-04    0.56527980E-04
0.80000000E-04    0.40383247E-07    0.74847548E-12    0.56324367E-04    0.56614608E-04
0.81000000E-04    0.40505177E-07    0.75161576E-12    0.56403028E-04    0.56699513E-04
0.82000000E-04    0.40624471E-07    0.75468984E-12    0.56479819E-04    0.56784276E-04
0.83000000E-04    0.40745434E-07    0.75779632E-12    0.56557208E-04    0.56868570E-04
0.84000000E-04    0.40867352E-07    0.76092643E-12    0.56634971E-04    0.56953323E-04
0.85000000E-04    0.40989477E-07    0.76406021E-12    0.56712613E-04    0.57038906E-04
0.86000000E-04    0.41113697E-07    0.76723960E-12    0.56791168E-04    0.57125706E-04
0.87000000E-04    0.41237755E-07    0.77040998E-12    0.56869285E-04    0.57211567E-04
0.88000000E-04    0.41362682E-07    0.77359823E-12    0.56947625E-04    0.57298207E-04
0.89000000E-04    0.41485958E-07    0.77675632E-12    0.57025013E-04    0.57382586E-04
0.90000000E-04    0.41610594E-07    0.77996383E-12    0.57103398E-04    0.57467655E-04
0.91000000E-04    0.41734774E-07    0.78317309E-12    0.57181610E-04    0.57553810E-04
0.92000000E-04    0.41859112E-07    0.78639310E-12    0.57259870E-04    0.57638905E-04
0.93000000E-04    0.41981007E-07    0.78955673E-12    0.57336552E-04    0.57723346E-04
0.94000000E-04    0.42102695E-07    0.79273042E-12    0.57413273E-04    0.57805418E-04
0.95000000E-04    0.42225843E-07    0.79594775E-12    0.57490839E-04    0.57890407E-04
0.96000000E-04    0.42346875E-07    0.79912064E-12    0.57567130E-04    0.57971495E-04
0.97000000E-04    0.42467879E-07    0.80229563E-12    0.57643270E-04    0.58054819E-04
0.98000000E-04    0.42589458E-07    0.80549566E-12    0.57719806E-04    0.58138042E-04
0.99000000E-04    0.42711998E-07    0.80872505E-12    0.57796840E-04    0.58220845E-04
0.10000000E-03    0.42833939E-07    0.81194314E-12    0.57873401E-04    0.58302837E-04
0.10100000E-03    0.42955486E-07    0.81515472E-12    0.57949605E-04    0.58385097E-04
0.10200000E-03    0.43078112E-07    0.81839755E-12    0.58026348E-04    0.58468447E-04
0.10300000E-03    0.43199938E-07    0.82163020E-12    0.58102648E-04    0.58551642E-04
0.10400000E-03    0.43321701E-07    0.82486398E-12    0.58178776E-04    0.58634235E-04
0.10500000E-03    0.43444273E-07    0.82812704E-12    0.58255391E-04    0.58717170E-04
0.10600000E-03    0.43568210E-07    0.83142996E-12    0.58332737E-04    0.58801214E-04
0.10700000E-03    0.43691527E-07    0.83471800E-12    0.58409532E-04    0.58884494E-04
0.10800000E-03    0.43814348E-07    0.83799374E-12    0.58485839E-04    0.58966778E-04
0.10900000E-03    0.43939088E-07    0.84132365E-12    0.58563204E-04    0.59050069E-04
0.11000000E-03    0.44061376E-07    0.84459455E-12    0.58639000E-04    0.59129918E-04
0.11100000E-03    0.44183939E-07    0.84787123E-12    0.58714734E-04    0.59212716E-04
0.11200000E-03    0.44307949E-07    0.85118530E-12    0.58791134E-04    0.59294806E-04
0.11300000E-03    0.44431258E-07    0.85448366E-12    0.58866975E-04    0.59375709E-04
0.11400000E-03    0.44556193E-07    0.85782283E-12    0.58943556E-04    0.59457403E-04
0.11500000E-03    0.44681105E-07    0.86115883E-12    0.59019866E-04    0.59539178E-04
0.11600000E-03    0.44807896E-07    0.86453596E-12    0.59096916E-04    0.59623200E-04
0.11700000E-03    0.44932363E-07    0.86785018E-12    0.59172336E-04    0.59705526E-04
0.11800000E-03    0.45058408E-07    0.87119861E-12    0.59248340E-04    0.59789091E-04
0.11900000E-03    0.45184478E-07    0.87455135E-12    0.59324247E-04    0.59872363E-04
0.12000000E-03    0.45311794E-07    0.87793672E-12    0.59400696E-04    0.59956210E-04
0.12100000E-03    0.45439435E-07    0.88133539E-12    0.59477248E-04    0.60040671E-04
0.12200000E-03    0.45567177E-07    0.88474594E-12    0.59553870E-04    0.60121239E-04
0.12300000E-03    0.45695587E-07    0.88817828E-12    0.59630783E-04    0.60205685E-04
0.12400000E-03    0.45823038E-07    0.89160151E-12    0.59707295E-04    0.60288634E-04
0.12500000E-03    0.45949099E-07    0.89500374E-12    0.59783144E-04    0.60370380E-04
0.12600000E-03    0.46075625E-07    0.89842580E-12    0.59859240E-04    0.60454066E-04
0.12700000E-03    0.46202170E-07    0.90185440E-12    0.59935289E-04    0.60536498E-04
0.12800000E-03    0.46328173E-07    0.90528306E-12    0.60011147E-04    0.60616599E-04
0.12900000E-03    0.46455382E-07    0.90875169E-12    0.60087694E-04    0.60700017E-04
0.13000000E-03    0.46583050E-07    0.91224216E-12    0.60164527E-04    0.60784167E-04
0.13100000E-03    0.46709793E-07    0.91572472E-12    0.60240991E-04    0.60866415E-04
0.13200000E-03    0.46836020E-07    0.91921465E-12    0.60317423E-04    0.60949802E-04
0.13300000E-03    0.46964516E-07    0.92277484E-12    0.60395194E-04    0.61033300E-04
0.13400000E-03    0.47088772E-07    0.92624613E-12    0.60470830E-04    0.61113386E-04
0.13500000E-03    0.47213174E-07    0.92973132E-12    0.60546580E-04    0.61195733E-04
0.13600000E-03    0.47336677E-07    0.93319158E-12    0.60621601E-04    0.61277199E-04
0.13700000E-03    0.47461348E-07    0.93668528E-12    0.60697159E-04    0.61357789E-04
0.13800000E-03    0.47585952E-07    0.94018681E-12    0.60772698E-04    0.61438635E-04
0.13900000E-03    0.47711404E-07    0.94372383E-12    0.60848812E-04    0.61519493E-04
0.14000000E-03    0.47837707E-07    0.94728402E-12    0.60925233E-04    0.61600358E-04
0.14100000E-03    0.47963256E-07    0.95082590E-12    0.61001072E-04    0.61682400E-04
0.14200000E-03    0.48088370E-07    0.95436142E-12    0.61076586E-04    0.61763090E-04
0.14300000E-03    0.48214063E-07    0.95791161E-12    0.61152227E-04    0.61844131E-04
0.14400000E-03    0.48341763E-07    0.96150469E-12    0.61228591E-04    0.61927571E-04
0.14500000E-03    0.48468305E-07    0.96505776E-12    0.61303918E-04    0.62008572E-04
0.14600000E-03    0.48595173E-07    0.96862701E-12    0.61379402E-04    0.62090237E-04
0.14700000E-03    0.48722619E-07    0.97220635E-12    0.61454914E-04    0.62172803E-04
0.14800000E-03    0.48848389E-07    0.97573990E-12    0.61529278E-04    0.62250660E-04
0.14900000E-03    0.48975580E-07    0.97930775E-12    0.61604182E-04    0.62330829E-04
0.15000000E-03    0.49102520E-07    0.98285867E-12    0.61678550E-04    0.62411112E-04
0.15100000E-03    0.49230977E-07    0.98643981E-12    0.61753370E-04    0.62491680E-04
0.15200000E-03    0.49360023E-07    0.99003529E-12    0.61828307E-04    0.62573410E-04
0.15300000E-03    0.49489092E-07    0.99363829E-12    0.61903219E-04    0.62655090E-04
0.15400000E-03    0.49618485E-07    0.99724884E-12    0.61978107E-04    0.62737530E-04
0.15500000E-03    0.49749579E-07    0.10009044E-11    0.62053746E-04    0.62820139E-04
0.15600000E-03    0.49880221E-07    0.10045523E-11    0.62129041E-04    0.62899748E-04
0.15700000E-03    0.50010681E-07    0.10082136E-11    0.62204430E-04    0.62980811E-04
0.15800000E-03    0.50138046E-07    0.10117994E-11    0.62278088E-04    0.63061308E-04
0.15900000E-03    0.50266455E-07    0.10154232E-11    0.62352350E-04    0.63140774E-04
0.16000000E-03    0.50393780E-07    0.10190323E-11    0.62426134E-04    0.63221118E-04
0.16100000E-03    0.50520815E-07    0.10226372E-11    0.62499660E-04    0.63300804E-04
0.16200000E-03    0.50648907E-07    0.10262783E-11    0.62573750E-04    0.63380127E-04
0.16300000E-03    0.50777066E-07    0.10299263E-11    0.62647803E-04    0.63459073E-04
0.16400000E-03    0.50905937E-07    0.10335949E-11    0.62722098E-04    0.63539618E-04
0.16500000E-03    0.51036285E-07    0.10373039E-11    0.62797034E-04    0.63621440E-04
0.16600000E-03    0.51167550E-07    0.10410405E-11    0.62872347E-04    0.63702750E-04
0.16700000E-03    0.51296136E-07    0.10447034E-11    0.62946000E-04    0.63781565E-04
0.16800000E-03    0.51425620E-07    0.10483969E-11    0.63020093E-04    0.63861409E-04
0.16900000E-03    0.51556340E-07    0.10521292E-11    0.63094787E-04    0.63940537E-04
0.17000000E-03    0.51686604E-07    0.10558596E-11    0.63169269E-04    0.64020979E-04
0.17100000E-03    0.51816139E-07    0.10595773E-11    0.63243322E-04    0.64099730E-04
0.17200000E-03    0.51946218E-07    0.10633126E-11    0.63317552E-04    0.64180616E-04
0.17300000E-03    0.52077289E-07    0.10670800E-11    0.63392244E-04    0.64261580E-04
0.17400000E-03    0.52207774E-07    0.10708449E-11    0.63466711E-04    0.64339781E-04
0.17500000E-03    0.52338550E-07    0.10746298E-11    0.63541398E-04    0.64419425E-04
0.17600000E-03    0.52468657E-07    0.10784037E-11    0.63615692E-04    0.64499988E-04
0.17700000E-03    0.52597519E-07    0.10821585E-11    0.63689438E-04    0.64577823E-04
0.17800000E-03    0.52726177E-07    0.10859199E-11    0.63763146E-04    0.64657270E-04
0.17900000E-03    0.52855567E-07    0.10897073E-11    0.63837188E-04    0.64735789E-04
0.18000000E-03    0.52986189E-07    0.10935370E-11    0.63911884E-04    0.64816174E-04
0.18100000E-03    0.53116687E-07    0.10973686E-11    0.63986443E-04    0.64894362E-04
0.18200000E-03    0.53246648E-07    0.11011876E-11    0.64060585E-04    0.64974274E-04
0.18300000E-03    0.53378681E-07    0.11050583E-11    0.64135555E-04    0.65053984E-04
0.18400000E-03    0.53509375E-07    0.11088920E-11    0.64209637E-04    0.65133165E-04
0.18500000E-03    0.53641828E-07    0.11127808E-11    0.64284609E-04    0.65214275E-04
0.18600000E-03    0.53772802E-07    0.11166310E-11    0.64358664E-04    0.65295168E-04
0.18700000E-03    0.53905282E-07    0.11205132E-11    0.64433164E-04    0.65375101E-04
0.18800000E-03    0.54037931E-07    0.11244138E-11    0.64507843E-04    0.65454910E-04
0.18900000E-03    0.54170003E-07    0.11283062E-11    0.64582194E-04    0.65534578E-04
0.19000000E-03    0.54299956E-07    0.11321460E-11    0.64655372E-04    0.65612767E-04
0.19100000E-03    0.54430275E-07    0.11359960E-11    0.64728578E-04    0.65691169E-04
0.19200000E-03    0.54561004E-07    0.11398693E-11    0.64802062E-04    0.65770087E-04
0.19300000E-03    0.54690960E-07    0.11437353E-11    0.64875239E-04    0.65849296E-04
0.19400000E-03    0.54821360E-07    0.11476135E-11    0.64948483E-04    0.65929225E-04
0.19500000E-03    0.54953378E-07    0.11515314E-11    0.65022310E-04    0.66009786E-04
0.19600000E-03    0.55084480E-07    0.11554178E-11    0.65095378E-04    0.66089584E-04
0.19700000E-03    0.55216695E-07    0.11593369E-11    0.65168894E-04    0.66169230E-04
0.19800000E-03    0.55350061E-07    0.11632963E-11    0.65242998E-04    0.66250664E-04
0.19900000E-03    0.55482877E-07    0.11672462E-11    0.65316757E-04    0.66327911E-04
0.20000000E-03    0.55616686E-07    0.11712296E-11    0.65390975E-04    0.66406434E-04
0.20100000E-03    0.55749945E-07    0.11752017E-11    0.65464814E-04    0.66485235E-04
0.20200000E-03    0.55884491E-07    0.11792216E-11    0.65539372E-04    0.66566074E-04
0.20300000E-03    0.56018910E-07    0.11832423E-11    0.65613775E-04    0.66646992E-04
0.20400000E-03    0.56150172E-07    0.11871784E-11    0.65686450E-04    0.66725037E-04
0.20500000E-03    0.56280871E-07    0.11911117E-11    0.65758913E-04    0.66803806E-04
0.20600000E-03    0.56412525E-07    0.11950774E-11    0.65831812E-04    0.66880451E-04
0.20700000E-03    0.56543353E-07    0.11990329E-11    0.65904363E-04    0.66957779E-04
0.20800000E-03    0.56674952E-07    0.12030166E-11    0.65977269E-04    0.67033451E-04
0.20900000E-03    0.56807200E-07    0.12070272E-11    0.66050506E-04    0.67112485E-04
0.21000000E-03    0.56939857E-07    0.12110494E-11    0.66123792E-04    0.67191943E-04
0.21100000E-03    0.57072085E-07    0.12150625E-11    0.66196750E-04    0.67270296E-04
0.21200000E-03    0.57204019E-07    0.12190737E-11    0.66269513E-04    0.67347750E-04
0.21300000E-03    0.57334993E-07    0.12230602E-11    0.66341671E-04    0.67424366E-04
0.21400000E-03    0.57465397E-07    0.12270346E-11    0.66413454E-04    0.67500318E-04
0.21500000E-03    0.57596746E-07    0.12310433E-11    0.66485699E-04    0.67577884E-04
0.21600000E-03    0.57728478E-07    0.12350564E-11    0.66557867E-04    0.67654352E-04
0.21700000E-03    0.57861052E-07    0.12390914E-11    0.66630271E-04    0.67731983E-04
0.21800000E-03    0.57994234E-07    0.12431326E-11    0.66702629E-04    0.67809380E-04
0.21900000E-03    0.58128622E-07    0.12472140E-11    0.66775547E-04    0.67885006E-04
0.22000000E-03    0.58264867E-07    0.12513469E-11    0.66849224E-04    0.67963251E-04
0.22100000E-03    0.58401538E-07    0.12554877E-11    0.66922880E-04    0.68043066E-04
0.22200000E-03    0.58538263E-07    0.12596239E-11    0.66996291E-04    0.68123013E-04
0.22300000E-03    0.58675382E-07    0.12637679E-11    0.67069680E-04    0.68201840E-04
0.22400000E-03    0.58813080E-07    0.12679282E-11    0.67143197E-04    0.68281974E-04
0.22500000E-03    0.58949148E-07    0.12720371E-11    0.67215647E-04    0.68359869E-04
0.22600000E-03    0.59086382E-07    0.12761744E-11    0.67288442E-04    0.68438038E-04
0.22700000E-03    0.59222712E-07    0.12802922E-11    0.67360737E-04    0.68516638E-04
0.22800000E-03    0.59360112E-07    0.12844563E-11    0.67433686E-04    0.68594917E-04
0.22900000E-03    0.59496730E-07    0.12886079E-11    0.67506262E-04    0.68674113E-04
0.23000000E-03    0.59631817E-07    0.12927275E-11    0.67578123E-04    0.68750607E-04
0.23100000E-03    0.59767832E-07    0.12968805E-11    0.67650412E-04    0.68828501E-04
0.23200000E-03    0.59903646E-07    0.13010360E-11    0.67722592E-04    0.68904371E-04
0.23300000E-03    0.60040304E-07    0.13052267E-11    0.67795226E-04    0.68981912E-04
0.23400000E-03    0.60177746E-07    0.13094495E-11    0.67868259E-04    0.69060589E-04
0.23500000E-03    0.60315177E-07    0.13136901E-11    0.67941443E-04    0.69139788E-04
0.23600000E-03    0.60450377E-07    0.13178677E-11    0.68013387E-04    0.69215634E-04
0.23700000E-03    0.60586856E-07    0.13220854E-11    0.68085867E-04    0.69294072E-04
0.23800000E-03    0.60724098E-07    0.13263332E-11    0.68158708E-04    0.69371362E-04
0.23900000E-03    0.60859098E-07    0.13305326E-11    0.68230566E-04    0.69448856E-04
0.24000000E-03    0.60993483E-07    0.13347351E-11    0.68302326E-04    0.69524934E-04
0.24100000E-03    0.61128144E-07    0.13389717E-11    0.68374516E-04    0.69603040E-04
0.24200000E-03    0.61262863E-07    0.13432240E-11    0.68446820E-04    0.69679020E-04
0.24300000E-03    0.61397766E-07    0.13475142E-11    0.68519614E-04    0.69757262E-04
0.24400000E-03    0.61531764E-07    0.13517796E-11    0.68591835E-04    0.69834944E-04
0.24500000E-03    0.61664874E-07    0.13560169E-11    0.68663430E-04    0.69911838E-04
0.24600000E-03    0.61799116E-07    0.13602902E-11    0.68735482E-04    0.69988693E-04
0.24700000E-03    0.61932949E-07    0.13645769E-11    0.68807610E-04    0.70064407E-04
0.24800000E-03    0.62068444E-07    0.13689035E-11    0.68880254E-04    0.70141184E-04
0.24900000E-03    0.62205146E-07    0.13732632E-11    0.68953300E-04    0.70220545E-04
0.25000000E-03    0.62341058E-07    0.13776140E-11    0.69026043E-04    0.70296944E-04
0.25100000E-03    0.62475920E-07    0.13819290E-11    0.69098037E-04    0.70372957E-04
0.25200000E-03    0.62611734E-07    0.13862678E-11    0.69170276E-04    0.70451117E-04
0.25300000E-03    0.62747288E-07    0.13905910E-11    0.69242106E-04    0.70528399E-04
0.25400000E-03    0.62883837E-07    0.13949382E-11    0.69314184E-04    0.70606426E-04
0.25500000E-03    0.63021711E-07    0.13993064E-11    0.69386461E-04    0.70682123E-04
0.25600000E-03    0.63157005E-07    0.14035965E-11    0.69457299E-04    0.70756279E-04
0.25700000E-03    0.63292530E-07    0.14079024E-11    0.69528253E-04    0.70831659E-04
0.25800000E-03    0.63429207E-07    0.14122380E-11    0.69599549E-04    0.70909165E-04
0.25900000E-03    0.63566369E-07    0.14165796E-11    0.69670798E-04    0.70983826E-04
0.26000000E-03    0.63704977E-07    0.14209599E-11    0.69742537E-04    0.71061838E-04
0.26100000E-03    0.63843128E-07    0.14253310E-11    0.69813976E-04    0.71138045E-04
0.26200000E-03    0.63981494E-07    0.14297132E-11    0.69885451E-04    0.71215865E-04
0.26300000E-03    0.64120375E-07    0.14341140E-11    0.69957082E-04    0.71292573E-04
0.26400000E-03    0.64259058E-07    0.14385094E-11    0.70028480E-04    0.71370513E-04
0.26500000E-03    0.64398396E-07    0.14429279E-11    0.70100105E-04    0.71447396E-04
0.26600000E-03    0.64536871E-07    0.14473240E-11    0.70171224E-04    0.71523795E-04
0.26700000E-03    0.64676227E-07    0.14517474E-11    0.70242638E-04    0.71601077E-04
0.26800000E-03    0.64814948E-07    0.14561574E-11    0.70313693E-04    0.71676738E-04
0.26900000E-03    0.64954260E-07    0.14605882E-11    0.70384936E-04    0.71752947E-04
0.27000000E-03    0.65094653E-07    0.14650593E-11    0.70456684E-04    0.71829994E-04
0.27100000E-03    0.65232512E-07    0.14694609E-11    0.70527174E-04    0.71903083E-04
0.27200000E-03    0.65371638E-07    0.14739171E-11    0.70598393E-04    0.71980612E-04
0.27300000E-03    0.65509666E-07    0.14783482E-11    0.70669070E-04    0.72057581E-04
0.27400000E-03    0.65648545E-07    0.14828155E-11    0.70740181E-04    0.72132381E-04
0.27500000E-03    0.65787239E-07    0.14872878E-11    0.70811230E-04    0.72209074E-04
0.27600000E-03    0.65926307E-07    0.14917824E-11    0.70882488E-04    0.72285983E-04
0.27700000E-03    0.66064891E-07    0.14962623E-11    0.70953372E-04    0.72362386E-04
0.27800000E-03    0.66203290E-07    0.15007390E-11    0.71024065E-04    0.72437574E-04
0.27900000E-03    0.66342806E-07    0.15052580E-11    0.71095281E-04    0.72512731E-04
0.28000000E-03    0.66481677E-07    0.15097653E-11    0.71166173E-04    0.72587076E-04
0.28100000E-03    0.66620502E-07    0.15142768E-11    0.71236989E-04    0.72660428E-04
0.28200000E-03    0.66760268E-07    0.15188236E-11    0.71308217E-04    0.72736961E-04
0.28300000E-03    0.66899474E-07    0.15233533E-11    0.71379035E-04    0.72813136E-04
0.28400000E-03    0.67038925E-07    0.15278862E-11    0.71449765E-04    0.72889381E-04
0.28500000E-03    0.67179243E-07    0.15324507E-11    0.71520845E-04    0.72964855E-04
0.28600000E-03    0.67320653E-07    0.15370602E-11    0.71592482E-04    0.73041269E-04
0.28700000E-03    0.67462290E-07    0.15416815E-11    0.71664161E-04    0.73118559E-04
0.28800000E-03    0.67601455E-07    0.15462294E-11    0.71734560E-04    0.73192123E-04
0.28900000E-03    0.67741273E-07    0.15508087E-11    0.71805307E-04    0.73266899E-04
0.29000000E-03    0.67882007E-07    0.15554310E-11    0.71876575E-04    0.73342514E-04
0.29100000E-03    0.68022126E-07    0.15600432E-11    0.71947549E-04    0.73418371E-04
0.29200000E-03    0.68162366E-07    0.15646625E-11    0.72018492E-04    0.73493464E-04
0.29300000E-03    0.68303646E-07    0.15693175E-11    0.72089842E-04    0.73570416E-04
0.29400000E-03    0.68445147E-07    0.15739752E-11    0.72161091E-04    0.73646849E-04
0.29500000E-03    0.68585639E-07    0.15786021E-11    0.72231730E-04    0.73722327E-04
0.29600000E-03    0.68725857E-07    0.15832284E-11    0.72302223E-04    0.73796035E-04
0.29700000E-03    0.68864952E-07    0.15878536E-11    0.72372562E-04    0.73868986E-04
0.29800000E-03    0.69004273E-07    0.15924822E-11    0.72442817E-04    0.73944568E-04
0.29900000E-03    0.69142927E-07    0.15971100E-11    0.72512922E-04    0.74020701E-04
0.30000000E-03    0.69283333E-07    0.16017786E-11    0.72583509E-04    0.74097551E-04
0.30100000E-03    0.69425235E-07    0.16064871E-11    0.72654560E-04    0.74172703E-04
0.30200000E-03    0.69565958E-07    0.16111806E-11    0.72725247E-04    0.74248667E-04
0.30300000E-03    0.69706550E-07    0.16158782E-11    0.72795858E-04    0.74324546E-04
0.30400000E-03    0.69847039E-07    0.16205709E-11    0.72866260E-04    0.74399837E-04
0.30500000E-03    0.69988740E-07    0.16253059E-11    0.72937158E-04    0.74474853E-04
0.30600000E-03    0.70130540E-07    0.16300579E-11    0.73008172E-04    0.74551999E-04
0.30700000E-03    0.70271014E-07    0.16347621E-11    0.73078335E-04    0.74628043E-04
0.30800000E-03    0.70411885E-07    0.16394731E-11    0.73148466E-04    0.74704262E-04
0.30900000E-03    0.70553360E-07    0.16441975E-11    0.73218663E-04    0.74779302E-04
0.31000000E-03    0.70694611E-07    0.16489165E-11    0.73288643E-04    0.74853684E-04
0.31100000E-03    0.70835973E-07    0.16536481E-11    0.73358678E-04    0.74928180E-04
0.31200000E-03    0.70978042E-07    0.16583998E-11    0.73428876E-04    0.75003898E-04
0.31300000E-03    0.71121589E-07    0.16631997E-11    0.73499649E-04    0.75079127E-04
0.31400000E-03    0.71263398E-07    0.16679594E-11    0.73569694E-04    0.75153880E-04
0.31500000E-03    0.71405363E-07    0.16727344E-11    0.73639832E-04    0.75228787E-04
0.31600000E-03    0.71548172E-07    0.16775416E-11    0.73710309E-04    0.75301859E-04
0.31700000E-03    0.71690290E-07    0.16823352E-11    0.73780452E-04    0.75377791E-04
0.31800000E-03    0.71831656E-07    0.16871069E-11    0.73850141E-04    0.75452709E-04
0.31900000E-03    0.71974070E-07    0.16919175E-11    0.73920267E-04    0.75526676E-04
0.32000000E-03    0.72116272E-07    0.16967331E-11    0.73990332E-04    0.75601258E-04
0.32100000E-03    0.72257428E-07    0.17015214E-11    0.74059869E-04    0.75676145E-04
0.32200000E-03    0.72399487E-07    0.17063415E-11    0.74129736E-04    0.75750431E-04
0.32300000E-03    0.72541535E-07    0.17111589E-11    0.74199431E-04    0.75825688E-04
0.32400000E-03    0.72682992E-07    0.17159742E-11    0.74268967E-04    0.75897310E-04
0.32500000E-03    0.72824525E-07    0.17208086E-11    0.74338647E-04    0.75970417E-04
0.32600000E-03    0.72965723E-07    0.17256390E-11    0.74408140E-04    0.76043245E-04
0.32700000E-03    0.73107265E-07    0.17304868E-11    0.74477752E-04    0.76118000E-04
0.32800000E-03    0.73248888E-07    0.17353328E-11    0.74547209E-04    0.76191656E-04
0.32900000E-03    0.73390740E-07    0.17401961E-11    0.74616784E-04    0.76265268E-04
0.33000000E-03    0.73532818E-07    0.17450669E-11    0.74686336E-04    0.76340049E-04
0.33100000E-03    0.73675914E-07    0.17499592E-11    0.74756066E-04    0.76413194E-04
0.33200000E-03    0.73820360E-07    0.17548910E-11    0.74826227E-04    0.76488765E-04
0.33300000E-03    0.73963858E-07    0.17597743E-11    0.74895568E-04    0.76562811E-04
0.33400000E-03    0.74108783E-07    0.17646902E-11    0.74965244E-04    0.76636699E-04
0.33500000E-03    0.74255029E-07    0.17696397E-11    0.75035264E-04    0.76711573E-04
0.33600000E-03    0.74399548E-07    0.17745346E-11    0.75104384E-04    0.76785419E-04
0.33700000E-03    0.74544505E-07    0.17794477E-11    0.75173634E-04    0.76860367E-04
0.33800000E-03    0.74690741E-07    0.17843979E-11    0.75243277E-04    0.76934677E-04
0.33900000E-03    0.74836570E-07    0.17893342E-11    0.75312596E-04    0.77010224E-04
0.34000000E-03    0.74984125E-07    0.17943267E-11    0.75382575E-04    0.77083620E-04
0.34100000E-03    0.75130369E-07    0.17992938E-11    0.75452070E-04    0.77157570E-04
0.34200000E-03    0.75276853E-07    0.18042819E-11    0.75521729E-04    0.77232191E-04
0.34300000E-03    0.75422599E-07    0.18092585E-11    0.75591101E-04    0.77306481E-04
0.34400000E-03    0.75568105E-07    0.18142403E-11    0.75660417E-04    0.77380266E-04
0.34500000E-03    0.75713416E-07    0.18192300E-11    0.75729716E-04    0.77454811E-04
0.34600000E-03    0.75858890E-07    0.18242383E-11    0.75799148E-04    0.77529609E-04
0.34700000E-03    0.76004498E-07    0.18292568E-11    0.75868592E-04    0.77604540E-04
0.34800000E-03    0.76151128E-07    0.18343258E-11    0.75938607E-04    0.77679570E-04
0.34900000E-03    0.76296488E-07    0.18393689E-11    0.76008135E-04    0.77751718E-04
0.35000000E-03    0.76441711E-07    0.18444131E-11    0.76077551E-04    0.77826788E-04
0.35100000E-03    0.76587663E-07    0.18494906E-11    0.76147299E-04    0.77900633E-04
0.35200000E-03    0.76733680E-07    0.18545766E-11    0.76217036E-04    0.77974737E-04
0.35300000E-03    0.76879087E-07    0.18596651E-11    0.76286680E-04    0.78049273E-04
0.35400000E-03    0.77023138E-07    0.18647362E-11    0.76355958E-04    0.78122441E-04
0.35500000E-03    0.77166066E-07    0.18697941E-11    0.76424931E-04    0.78195444E-04
0.35600000E-03    0.77308148E-07    0.18748306E-11    0.76493489E-04    0.78268612E-04
0.35700000E-03    0.77450881E-07    0.18798833E-11    0.76562146E-04    0.78341334E-04
0.35800000E-03    0.77593646E-07    0.18849587E-11    0.76630985E-04    0.78414292E-04
0.35900000E-03    0.77736872E-07    0.18900558E-11    0.76699995E-04    0.78489366E-04
0.36000000E-03    0.77880915E-07    0.18951690E-11    0.76769099E-04    0.78561852E-04
0.36100000E-03    0.78024817E-07    0.19002882E-11    0.76838160E-04    0.78635599E-04
0.36200000E-03    0.78169309E-07    0.19054299E-11    0.76907399E-04    0.78708266E-04
0.36300000E-03    0.78314750E-07    0.19106068E-11    0.76976986E-04    0.78781479E-04
0.36400000E-03    0.78457541E-07    0.19156955E-11    0.77045265E-04    0.78855172E-04
0.36500000E-03    0.78601574E-07    0.19208218E-11    0.77113927E-04    0.78926960E-04
0.36600000E-03    0.78746027E-07    0.19259634E-11    0.77182672E-04    0.78998673E-04
0.36700000E-03    0.78890860E-07    0.19311162E-11    0.77251443E-04    0.79072063E-04
0.36800000E-03    0.79036374E-07    0.19362902E-11    0.77320374E-04    0.79146231E-04
0.36900000E-03    0.79181655E-07    0.19414454E-11    0.77388933E-04    0.79220560E-04
0.37000000E-03    0.79327750E-07    0.19466194E-11    0.77457619E-04    0.79292349E-04
0.37100000E-03    0.79474661E-07    0.19518177E-11    0.77526506E-04    0.79365733E-04
0.37200000E-03    0.79622207E-07    0.19570401E-11    0.77595589E-04    0.79438206E-04
0.37300000E-03    0.79772144E-07    0.19623348E-11    0.77665504E-04    0.79514126E-04
0.37400000E-03    0.79920395E-07    0.19675699E-11    0.77734508E-04    0.79587456E-04
0.37500000E-03    0.80066674E-07    0.19727415E-11    0.77802555E-04    0.79661220E-04
0.37600000E-03    0.80213660E-07    0.19779252E-11    0.77870642E-04    0.79733856E-04
0.37700000E-03    0.80361616E-07    0.19831356E-11    0.77938959E-04    0.79805940E-04
0.37800000E-03    0.80509644E-07    0.19883654E-11    0.78007411E-04    0.79877836E-04
0.37900000E-03    0.80658370E-07    0.19936247E-11    0.78076128E-04    0.79952601E-04
0.38000000E-03    0.80806227E-07    0.19988565E-11    0.78144365E-04    0.80025096E-04
0.38100000E-03    0.80954493E-07    0.20041047E-11    0.78212697E-04    0.80099074E-04
0.38200000E-03    0.81101187E-07    0.20093100E-11    0.78280354E-04    0.80171282E-04
0.38300000E-03    0.81248450E-07    0.20145391E-11    0.78348202E-04    0.80243787E-04
0.38400000E-03    0.81396323E-07    0.20197984E-11    0.78416322E-04    0.80317195E-04
0.38500000E-03    0.81543226E-07    0.20250376E-11    0.78484066E-04    0.80389570E-04
0.38600000E-03    0.81691396E-07    0.20303264E-11    0.78552332E-04    0.80461597E-04
0.38700000E-03    0.81839429E-07    0.20356173E-11    0.78620508E-04    0.80533041E-04
0.38800000E-03    0.81986675E-07    0.20408924E-11    0.78688361E-04    0.80604847E-04
0.38900000E-03    0.82134240E-07    0.20461833E-11    0.78756301E-04    0.80678252E-04
0.39000000E-03    0.82282450E-07    0.20514985E-11    0.78824434E-04    0.80751678E-04
0.39100000E-03    0.82431795E-07    0.20568544E-11    0.78892971E-04    0.80824797E-04
0.39200000E-03    0.82580455E-07    0.20622001E-11    0.78961259E-04    0.80897897E-04
0.39300000E-03    0.82729030E-07    0.20675465E-11    0.79029437E-04    0.80969650E-04
0.39400000E-03    0.82878797E-07    0.20729406E-11    0.79098105E-04    0.81042774E-04
0.39500000E-03    0.83027073E-07    0.20783058E-11    0.79166287E-04    0.81115377E-04
0.39600000E-03    0.83176280E-07    0.20837122E-11    0.79234874E-04    0.81188025E-04
0.39700000E-03    0.83325593E-07    0.20891306E-11    0.79303494E-04    0.81261349E-04
0.39800000E-03    0.83474867E-07    0.20945527E-11    0.79372044E-04    0.81332868E-04
0.39900000E-03    0.83623162E-07    0.20999484E-11    0.79440141E-04    0.81405519E-04
0.40000000E-03    0.83771787E-07    0.21053602E-11    0.79508324E-04    0.81476277E-04
0.40100000E-03    0.83920168E-07    0.21107724E-11    0.79576396E-04    0.81548768E-04
0.40200000E-03    0.84070286E-07    0.21162402E-11    0.79645049E-04    0.81622116E-04
0.40300000E-03    0.84217815E-07    0.21216276E-11    0.79712577E-04    0.81692397E-04
0.40400000E-03    0.84364842E-07    0.21270148E-11    0.79779988E-04    0.81763705E-04
0.40500000E-03    0.84512536E-07    0.21324318E-11    0.79847658E-04    0.81835366E-04
0.40600000E-03    0.84660540E-07    0.21378599E-11    0.79915351E-04    0.81907895E-04
0.40700000E-03    0.84808619E-07    0.21432905E-11    0.79982961E-04    0.81978990E-04
0.40800000E-03    0.84957870E-07    0.21487579E-11    0.80050914E-04    0.82051975E-04
0.40900000E-03    0.85108062E-07    0.21542452E-11    0.80118998E-04    0.82123545E-04
0.41000000E-03    0.85258789E-07    0.21597478E-11    0.80187156E-04    0.82196383E-04
0.41100000E-03    0.85409079E-07    0.21652642E-11    0.80255368E-04    0.82269657E-04
0.41200000E-03    0.85559140E-07    0.21707622E-11    0.80323239E-04    0.82340607E-04
0.41300000E-03    0.85708865E-07    0.21762680E-11    0.80391092E-04    0.82413278E-04
0.41400000E-03    0.85859175E-07    0.21817898E-11    0.80459026E-04    0.82485803E-04
0.41500000E-03    0.86008370E-07    0.21872931E-11    0.80526618E-04    0.82557040E-04
0.41600000E-03    0.86157562E-07    0.21928179E-11    0.80594361E-04    0.82630310E-04
0.41700000E-03    0.86306867E-07    0.21983406E-11    0.80661964E-04    0.82701519E-04
0.41800000E-03    0.86455894E-07    0.22038698E-11    0.80729533E-04    0.82774837E-04
0.41900000E-03    0.86604900E-07    0.22094003E-11    0.80797005E-04    0.82847476E-04
0.42000000E-03    0.86755119E-07    0.22149643E-11    0.80864774E-04    0.82921244E-04
0.42100000E-03    0.86905640E-07    0.22205282E-11    0.80932427E-04    0.82992772E-04
0.42200000E-03    0.87056542E-07    0.22261047E-11    0.81000119E-04    0.83064618E-04
0.42300000E-03    0.87207453E-07    0.22316806E-11    0.81067693E-04    0.83137307E-04
0.42400000E-03    0.87358599E-07    0.22372777E-11    0.81135409E-04    0.83209905E-04
0.42500000E-03    0.87509898E-07    0.22428883E-11    0.81203176E-04    0.83283055E-04
0.42600000E-03    0.87660182E-07    0.22484753E-11    0.81270544E-04    0.83353955E-04
0.42700000E-03    0.87810578E-07    0.22540719E-11    0.81337919E-04    0.83425672E-04
0.42800000E-03    0.87960845E-07    0.22596651E-11    0.81405139E-04    0.83495861E-04
0.42900000E-03    0.88110918E-07    0.22652614E-11    0.81472286E-04    0.83566544E-04
0.43000000E-03    0.88261320E-07    0.22708730E-11    0.81539506E-04    0.83638106E-04
0.43100000E-03    0.88412226E-07    0.22765063E-11    0.81606875E-04    0.83708371E-04
0.43200000E-03    0.88562987E-07    0.22821413E-11    0.81674153E-04    0.83779794E-04
0.43300000E-03    0.88712412E-07    0.22877350E-11    0.81740829E-04    0.83851412E-04
0.43400000E-03    0.88862145E-07    0.22933388E-11    0.81807516E-04    0.83923016E-04
0.43500000E-03    0.89012736E-07    0.22989761E-11    0.81874491E-04    0.83992956E-04
0.43600000E-03    0.89164030E-07    0.23046426E-11    0.81941704E-04    0.84064868E-04
0.43700000E-03    0.89315908E-07    0.23103304E-11    0.82009059E-04    0.84137440E-04
0.43800000E-03    0.89467211E-07    0.23159982E-11    0.82076067E-04    0.84207997E-04
0.43900000E-03    0.89617363E-07    0.23216357E-11    0.82142608E-04    0.84279067E-04
0.44000000E-03    0.89767851E-07    0.23272946E-11    0.82209293E-04    0.84348969E-04
0.44100000E-03    0.89918183E-07    0.23329587E-11    0.82275932E-04    0.84419979E-04
0.44200000E-03    0.90069482E-07    0.23386570E-11    0.82342865E-04    0.84491074E-04
0.44300000E-03    0.90222076E-07    0.23443998E-11    0.82410211E-04    0.84563816E-04
0.44400000E-03    0.90373819E-07    0.23501174E-11    0.82477150E-04    0.84634001E-04
0.44500000E-03    0.90525688E-07    0.23558510E-11    0.82544170E-04    0.84704822E-04
0.44600000E-03    0.90677664E-07    0.23615954E-11    0.82611206E-04    0.84776066E-04
0.44700000E-03    0.90829362E-07    0.23673343E-11    0.82678070E-04    0.84844628E-04
0.44800000E-03    0.90982110E-07    0.23731123E-11    0.82745279E-04    0.84916436E-04
0.44900000E-03    0.91134584E-07    0.23788754E-11    0.82812208E-04    0.84988047E-04
0.45000000E-03    0.91288679E-07    0.23846937E-11    0.82879667E-04    0.85058883E-04
0.45100000E-03    0.91443753E-07    0.23905422E-11    0.82947367E-04    0.85129879E-04
0.45200000E-03    0.91597019E-07    0.23963219E-11    0.83014161E-04    0.85201210E-04
0.45300000E-03    0.91750813E-07    0.24021318E-11    0.83081196E-04    0.85273034E-04
0.45400000E-03    0.91904153E-07    0.24079264E-11    0.83147947E-04    0.85343659E-04
0.45500000E-03    0.92057373E-07    0.24137179E-11    0.83214556E-04    0.85415461E-04
0.45600000E-03    0.92210378E-07    0.24195033E-11    0.83280988E-04    0.85485069E-04
0.45700000E-03    0.92363475E-07    0.24252903E-11    0.83347333E-04    0.85556430E-04
0.45800000E-03    0.92517080E-07    0.24310994E-11    0.83413825E-04    0.85627073E-04
0.45900000E-03    0.92671362E-07    0.24369385E-11    0.83480553E-04    0.85697790E-04
0.46000000E-03    0.92825519E-07    0.24427811E-11    0.83547216E-04    0.85768749E-04
0.46100000E-03    0.92980079E-07    0.24486393E-11    0.83613949E-04    0.85840556E-04
0.46200000E-03    0.93134581E-07    0.24544966E-11    0.83680566E-04    0.85911845E-04
0.46300000E-03    0.93289986E-07    0.24603950E-11    0.83747543E-04    0.85982649E-04
0.46400000E-03    0.93445397E-07    0.24663097E-11    0.83814598E-04    0.86053489E-04
0.46500000E-03    0.93601472E-07    0.24722513E-11    0.83881851E-04    0.86125266E-04
0.46600000E-03    0.93757288E-07    0.24781965E-11    0.83949036E-04    0.86197378E-04
0.46700000E-03    0.93912081E-07    0.24841123E-11    0.84015781E-04    0.86269499E-04
0.46800000E-03    0.94066729E-07    0.24900288E-11    0.84082429E-04    0.86339895E-04
0.46900000E-03    0.94220267E-07    0.24959196E-11    0.84148684E-04    0.86409707E-04
0.47000000E-03    0.94372609E-07    0.25018062E-11    0.84214786E-04    0.86481319E-04
0.47100000E-03    0.94524774E-07    0.25077037E-11    0.84280907E-04    0.86552035E-04
0.47200000E-03    0.94677442E-07    0.25136181E-11    0.84347115E-04    0.86622032E-04
0.47300000E-03    0.94830226E-07    0.25195429E-11    0.84413334E-04    0.86692677E-04
0.47400000E-03    0.94982730E-07    0.25254962E-11    0.84479767E-04    0.86762325E-04
0.47500000E-03    0.95135119E-07    0.25314437E-11    0.84546030E-04    0.86831989E-04
0.47600000E-03    0.95287958E-07    0.25374242E-11    0.84612558E-04    0.86902154E-04
0.47700000E-03    0.95440220E-07    0.25433936E-11    0.84678858E-04    0.86973401E-04
0.47800000E-03    0.95592999E-07    0.25493784E-11    0.84745224E-04    0.87043589E-04
0.47900000E-03    0.95746388E-07    0.25553898E-11    0.84811781E-04    0.87113876E-04
0.48000000E-03    0.95899565E-07    0.25614006E-11    0.84878227E-04    0.87184274E-04
0.48100000E-03    0.96051687E-07    0.25673779E-11    0.84944200E-04    0.87254173E-04
0.48200000E-03    0.96204056E-07    0.25733698E-11    0.85010231E-04    0.87324096E-04
0.48300000E-03    0.96357883E-07    0.25794162E-11    0.85076759E-04    0.87394511E-04
0.48400000E-03    0.96511024E-07    0.25854370E-11    0.85142902E-04    0.87464652E-04
0.48500000E-03    0.96665258E-07    0.25914908E-11    0.85209304E-04    0.87532560E-04
0.48600000E-03    0.96819807E-07    0.25975569E-11    0.85275738E-04    0.87601676E-04
0.48700000E-03    0.96974274E-07    0.26036135E-11    0.85341964E-04    0.87672324E-04
0.48800000E-03    0.97128640E-07    0.26096595E-11    0.85407973E-04    0.87742966E-04
0.48900000E-03    0.97282762E-07    0.26156853E-11    0.85473658E-04    0.87812698E-04
0.49000000E-03    0.97437498E-07    0.26217226E-11    0.85539369E-04    0.87883052E-04
0.49100000E-03    0.97592495E-07    0.26277589E-11    0.85604968E-04    0.87953361E-04
0.49200000E-03    0.97747329E-07    0.26337824E-11    0.85670327E-04    0.88022239E-04
0.49300000E-03    0.97903681E-07    0.26398486E-11    0.85736049E-04    0.88091187E-04
0.49400000E-03    0.98060165E-07    0.26459173E-11    0.85801699E-04    0.88161401E-04
0.49500000E-03    0.98215619E-07    0.26519585E-11    0.85866951E-04    0.88232323E-04
0.49600000E-03    0.98371741E-07    0.26580230E-11    0.85932354E-04    0.88301772E-04
0.49700000E-03    0.98527999E-07    0.26641150E-11    0.85997954E-04    0.88372126E-04
0.49800000E-03    0.98684300E-07    0.26702192E-11    0.86063585E-04    0.88440683E-04
0.49900000E-03    0.98842251E-07    0.26763840E-11    0.86129767E-04    0.88511849E-04
0.50000000E-03    0.98998860E-07    0.26824942E-11    0.86195262E-04    0.88582660E-04
0.50100000E-03    0.99156074E-07    0.26886270E-11    0.86260900E-04    0.88653009E-04
0.50200000E-03    0.99313944E-07    0.26947817E-11    0.86326671E-04    0.88723148E-04
0.50300000E-03    0.99472111E-07    0.27009541E-11    0.86392531E-04    0.88792756E-04
0.50400000E-03    0.99630296E-07    0.27071468E-11    0.86458507E-04    0.88859952E-04
0.50500000E-03    0.99787712E-07    0.27133309E-11    0.86524292E-04    0.88930830E-04
0.50600000E-03    0.99944196E-07    0.27194921E-11    0.86589732E-04    0.89000401E-04
0.50700000E-03    0.10010097E-06    0.27256862E-11    0.86655423E-04    0.89071034E-04
0.50800000E-03    0.10025782E-06    0.27318952E-11    0.86721173E-04    0.89141986E-04
0.50900000E-03    0.10041441E-06    0.27381074E-11    0.86786856E-04    0.89210802E-04
0.51000000E-03    0.10057147E-06    0.27443485E-11    0.86852746E-04    0.89281603E-04
0.51100000E-03    0.10072848E-06    0.27505886E-11    0.86918524E-04    0.89351511E-04
0.51200000E-03    0.10088553E-06    0.27568325E-11    0.86984244E-04    0.89421616E-04
0.51300000E-03    0.10104196E-06    0.27630538E-11    0.87049626E-04    0.89490526E-04
0.51400000E-03    0.10119896E-06    0.27693011E-11    0.87115183E-04    0.89559246E-04
0.51500000E-03    0.10135586E-06    0.27755406E-11    0.87180560E-04    0.89629303E-04
0.51600000E-03    0.10151310E-06    0.27817949E-11    0.87245995E-04    0.89698303E-04
0.51700000E-03    0.10167052E-06    0.27880658E-11    0.87311504E-04    0.89767394E-04
0.51800000E-03    0.10182759E-06    0.27943367E-11    0.87376915E-04    0.89836046E-04
0.51900000E-03    0.10198443E-06    0.28006095E-11    0.87442249E-04    0.89903178E-04
0.52000000E-03    0.10214123E-06    0.28068991E-11    0.87507659E-04    0.89973287E-04
0.52100000E-03    0.10229818E-06    0.28132009E-11    0.87573098E-04    0.90042871E-04
0.52200000E-03    0.10245542E-06    0.28195172E-11    0.87638590E-04    0.90112162E-04
0.52300000E-03    0.10261279E-06    0.28258408E-11    0.87704060E-04    0.90181354E-04
0.52400000E-03    0.10277070E-06    0.28321943E-11    0.87769740E-04    0.90249109E-04
0.52500000E-03    0.10292952E-06    0.28385871E-11    0.87835728E-04    0.90319205E-04
0.52600000E-03    0.10308581E-06    0.28448868E-11    0.87900659E-04    0.90387542E-04
0.52700000E-03    0.10324307E-06    0.28512308E-11    0.87965948E-04    0.90457004E-04
0.52800000E-03    0.10340025E-06    0.28575689E-11    0.88031081E-04    0.90525281E-04
0.52900000E-03    0.10355663E-06    0.28638977E-11    0.88096021E-04    0.90594328E-04
0.53000000E-03    0.10371356E-06    0.28702565E-11    0.88161175E-04    0.90664307E-04
0.53100000E-03    0.10387062E-06    0.28766244E-11    0.88226324E-04    0.90733824E-04
0.53200000E-03    0.10402831E-06    0.28829995E-11    0.88291451E-04    0.90802652E-04
0.53300000E-03    0.10418664E-06    0.28894091E-11    0.88356833E-04    0.90871733E-04
0.53400000E-03    0.10434458E-06    0.28958176E-11    0.88422108E-04    0.90942975E-04
0.53500000E-03    0.10450266E-06    0.29022179E-11    0.88487203E-04    0.91011305E-04
0.53600000E-03    0.10466190E-06    0.29086609E-11    0.88552637E-04    0.91080932E-04
0.53700000E-03    0.10481912E-06    0.29150286E-11    0.88617210E-04    0.91149260E-04
0.53800000E-03    0.10497788E-06    0.29214396E-11    0.88682127E-04    0.91219730E-04
0.53900000E-03    0.10513657E-06    0.29278503E-11    0.88746947E-04    0.91286635E-04
0.54000000E-03    0.10529565E-06    0.29342875E-11    0.88811939E-04    0.91355715E-04
0.54100000E-03    0.10545501E-06    0.29407398E-11    0.88876988E-04    0.91423662E-04
0.54200000E-03    0.10561501E-06    0.29472270E-11    0.88942294E-04    0.91494524E-04
0.54300000E-03    0.10577360E-06    0.29536658E-11    0.89007018E-04    0.91563620E-04
0.54400000E-03    0.10593207E-06    0.29601018E-11    0.89071618E-04    0.91633119E-04
0.54500000E-03    0.10609198E-06    0.29665917E-11    0.89136666E-04    0.91703571E-04
0.54600000E-03    0.10625006E-06    0.29730220E-11    0.89201024E-04    0.91772051E-04
0.54700000E-03    0.10640814E-06    0.29794597E-11    0.89265361E-04    0.91841478E-04
0.54800000E-03    0.10656707E-06    0.29859311E-11    0.89329943E-04    0.91906526E-04
0.54900000E-03    0.10672591E-06    0.29924173E-11    0.89394579E-04    0.91975928E-04
0.55000000E-03    0.10688424E-06    0.29988875E-11    0.89458962E-04    0.92043810E-04
0.55100000E-03    0.10704341E-06    0.30053932E-11    0.89523605E-04    0.92113586E-04
0.55200000E-03    0.10720257E-06    0.30119025E-11    0.89588191E-04    0.92181327E-04
0.55300000E-03    0.10736097E-06    0.30183916E-11    0.89652483E-04    0.92249151E-04
0.55400000E-03    0.10751982E-06    0.30249024E-11    0.89716899E-04    0.92316886E-04
0.55500000E-03    0.10767955E-06    0.30314543E-11    0.89781627E-04    0.92385954E-04
0.55600000E-03    0.10783886E-06    0.30380013E-11    0.89846215E-04    0.92454758E-04
0.55700000E-03    0.10799846E-06    0.30445645E-11    0.89910867E-04    0.92523516E-04
0.55800000E-03    0.10815900E-06    0.30511642E-11    0.89975787E-04    0.92592954E-04
0.55900000E-03    0.10831884E-06    0.30577432E-11    0.90040411E-04    0.92661296E-04
0.56000000E-03    0.10847785E-06    0.30642988E-11    0.90104712E-04    0.92729049E-04
0.56100000E-03    0.10863748E-06    0.30708799E-11    0.90169171E-04    0.92795947E-04
0.56200000E-03    0.10879600E-06    0.30774292E-11    0.90233226E-04    0.92864171E-04
0.56300000E-03    0.10895507E-06    0.30840012E-11    0.90297414E-04    0.92931311E-04
0.56400000E-03    0.10911486E-06    0.30906030E-11    0.90361800E-04    0.92999092E-04
0.56500000E-03    0.10927441E-06    0.30972066E-11    0.90426111E-04    0.93067164E-04
0.56600000E-03    0.10943443E-06    0.31038264E-11    0.90490489E-04    0.93136303E-04
0.56700000E-03    0.10959420E-06    0.31104414E-11    0.90554730E-04    0.93203109E-04
0.56800000E-03    0.10975325E-06    0.31170332E-11    0.90618654E-04    0.93270715E-04
0.56900000E-03    0.10991330E-06    0.31236601E-11    0.90682827E-04    0.93339329E-04
0.57000000E-03    0.11007391E-06    0.31303086E-11    0.90747119E-04    0.93407579E-04
0.57100000E-03    0.11023478E-06    0.31369663E-11    0.90811409E-04    0.93474992E-04
0.57200000E-03    0.11039664E-06    0.31436702E-11    0.90876053E-04    0.93543030E-04
0.57300000E-03    0.11055860E-06    0.31503697E-11    0.90940563E-04    0.93610041E-04
0.57400000E-03    0.11072056E-06    0.31570655E-11    0.91004946E-04    0.93679457E-04
0.57500000E-03    0.11088353E-06    0.31637989E-11    0.91069598E-04    0.93747947E-04
0.57600000E-03    0.11104683E-06    0.31705446E-11    0.91134277E-04    0.93817366E-04
0.57700000E-03    0.11121043E-06    0.31773000E-11    0.91198957E-04    0.93886514E-04
0.57800000E-03    0.11137323E-06    0.31840354E-11    0.91263354E-04    0.93954284E-04
0.57900000E-03    0.11153633E-06    0.31907896E-11    0.91327840E-04    0.94021373E-04
0.58000000E-03    0.11169807E-06    0.31975060E-11    0.91391875E-04    0.94090031E-04
0.58100000E-03    0.11186072E-06    0.32042631E-11    0.91456207E-04    0.94159381E-04
0.58200000E-03    0.11202350E-06    0.32110283E-11    0.91520526E-04    0.94228281E-04
0.58300000E-03    0.11218560E-06    0.32177790E-11    0.91584617E-04    0.94294535E-04
0.58400000E-03    0.11234711E-06    0.32245118E-11    0.91648449E-04    0.94362489E-04
0.58500000E-03    0.11250885E-06    0.32312565E-11    0.91712305E-04    0.94431737E-04
0.58600000E-03    0.11267106E-06    0.32380317E-11    0.91776360E-04    0.94497410E-04
0.58700000E-03    0.11283311E-06    0.32448046E-11    0.91840304E-04    0.94565567E-04
0.58800000E-03    0.11299617E-06    0.32516154E-11    0.91904516E-04    0.94634636E-04
0.58900000E-03    0.11315816E-06    0.32583908E-11    0.91968306E-04    0.94702523E-04
0.59000000E-03    0.11332086E-06    0.32652062E-11    0.92032383E-04    0.94770487E-04
0.59100000E-03    0.11348249E-06    0.32720033E-11    0.92096199E-04    0.94837920E-04
0.59200000E-03    0.11364381E-06    0.32788027E-11    0.92159949E-04    0.94905415E-04
0.59300000E-03    0.11380560E-06    0.32856333E-11    0.92223902E-04    0.94973598E-04
0.59400000E-03    0.11396722E-06    0.32924532E-11    0.92287667E-04    0.95042489E-04
0.59500000E-03    0.11412760E-06    0.32992544E-11    0.92351169E-04    0.95108691E-04
0.59600000E-03    0.11428832E-06    0.33060664E-11    0.92414685E-04    0.95177074E-04
0.59700000E-03    0.11444985E-06    0.33129153E-11    0.92478457E-04    0.95244113E-04
0.59800000E-03    0.11461201E-06    0.33197946E-11    0.92542423E-04    0.95311613E-04
0.59900000E-03    0.11477276E-06    0.33266414E-11    0.92606000E-04    0.95378749E-04
0.60000000E-03    0.11493459E-06    0.33335339E-11    0.92669913E-04    0.95446711E-04
0.60100000E-03    0.11509633E-06    0.33404243E-11    0.92733719E-04    0.95513045E-04
0.60200000E-03    0.11525776E-06    0.33473191E-11    0.92797477E-04    0.95580698E-04
0.60300000E-03    0.11541947E-06    0.33542372E-11    0.92861363E-04    0.95648560E-04
0.60400000E-03    0.11558208E-06    0.33611941E-11    0.92925518E-04    0.95716627E-04
0.60500000E-03    0.11574327E-06    0.33680986E-11    0.92989104E-04    0.95784513E-04
0.60600000E-03    0.11590464E-06    0.33750093E-11    0.93052659E-04    0.95851884E-04
0.60700000E-03    0.11606711E-06    0.33819601E-11    0.93116495E-04    0.95920042E-04
0.60800000E-03    0.11622907E-06    0.33888920E-11    0.93180072E-04    0.95986240E-04
0.60900000E-03    0.11639196E-06    0.33958641E-11    0.93243929E-04    0.96053095E-04
0.61000000E-03    0.11655491E-06    0.34028368E-11    0.93307705E-04    0.96120581E-04
0.61100000E-03    0.11671733E-06    0.34097777E-11    0.93371103E-04    0.96187105E-04
0.61200000E-03    0.11687953E-06    0.34167069E-11    0.93434308E-04    0.96254701E-04
0.61300000E-03    0.11704242E-06    0.34236661E-11    0.93497701E-04    0.96319725E-04
0.61400000E-03    0.11720560E-06    0.34306418E-11    0.93561158E-04    0.96386002E-04
0.61500000E-03    0.11736679E-06    0.34375420E-11    0.93623844E-04    0.96453310E-04
0.61600000E-03    0.11752925E-06    0.34444833E-11    0.93686819E-04    0.96519664E-04
0.61700000E-03    0.11769192E-06    0.34514305E-11    0.93749762E-04    0.96584580E-04
0.61800000E-03    0.11785492E-06    0.34583855E-11    0.93812692E-04    0.96651668E-04
0.61900000E-03    0.11801925E-06    0.34653913E-11    0.93875996E-04    0.96719129E-04
0.62000000E-03    0.11818361E-06    0.34723919E-11    0.93939168E-04    0.96786499E-04
0.62100000E-03    0.11834756E-06    0.34793734E-11    0.94002083E-04    0.96854573E-04
0.62200000E-03    0.11851207E-06    0.34863707E-11    0.94065056E-04    0.96921969E-04
0.62300000E-03    0.11867640E-06    0.34933687E-11    0.94127951E-04    0.96988616E-04
0.62400000E-03    0.11884159E-06    0.35004053E-11    0.94191109E-04    0.97057127E-04
0.62500000E-03    0.11900786E-06    0.35074903E-11    0.94254615E-04    0.97124053E-04
0.62600000E-03    0.11917358E-06    0.35145609E-11    0.94317907E-04    0.97190983E-04
0.62700000E-03    0.11933896E-06    0.35216195E-11    0.94381007E-04    0.97258634E-04
0.62800000E-03    0.11950474E-06    0.35286999E-11    0.94444217E-04    0.97324371E-04
0.62900000E-03    0.11967059E-06    0.35357993E-11    0.94507512E-04    0.97392011E-04
0.63000000E-03    0.11983606E-06    0.35428971E-11    0.94570709E-04    0.97459718E-04
0.63100000E-03    0.12000283E-06    0.35500495E-11    0.94634306E-04    0.97527829E-04
0.63200000E-03    0.12016963E-06    0.35572143E-11    0.94697927E-04    0.97594967E-04
0.63300000E-03    0.12033514E-06    0.35643365E-11    0.94761086E-04    0.97661947E-04
0.63400000E-03    0.12050130E-06    0.35714921E-11    0.94824457E-04    0.97729330E-04
0.63500000E-03    0.12066685E-06    0.35786372E-11    0.94887649E-04    0.97795327E-04
0.63600000E-03    0.12083229E-06    0.35857953E-11    0.94950873E-04    0.97862311E-04
0.63700000E-03    0.12099755E-06    0.35929536E-11    0.95014015E-04    0.97930060E-04
0.63800000E-03    0.12116222E-06    0.36000956E-11    0.95076928E-04    0.97996677E-04
0.63900000E-03    0.12132753E-06    0.36072776E-11    0.95140111E-04    0.98062963E-04
0.64000000E-03    0.12149344E-06    0.36144886E-11    0.95203463E-04    0.98130981E-04
0.64100000E-03    0.12165912E-06    0.36216932E-11    0.95266677E-04    0.98198886E-04
0.64200000E-03    0.12182446E-06    0.36288934E-11    0.95329767E-04    0.98264436E-04
0.64300000E-03    0.12198875E-06    0.36360770E-11    0.95392630E-04    0.98328157E-04
0.64400000E-03    0.12215332E-06    0.36432923E-11    0.95455686E-04    0.98392773E-04
0.64500000E-03    0.12231719E-06    0.36504852E-11    0.95518464E-04    0.98459852E-04
0.64600000E-03    0.12248055E-06    0.36576619E-11    0.95581018E-04    0.98526367E-04
0.64700000E-03    0.12264495E-06    0.36648789E-11    0.95643840E-04    0.98591714E-04
0.64800000E-03    0.12280936E-06    0.36720952E-11    0.95706575E-04    0.98658003E-04
0.64900000E-03    0.12297448E-06    0.36793413E-11    0.95769486E-04    0.98725158E-04
0.65000000E-03    0.12313954E-06    0.36865837E-11    0.95832282E-04    0.98791156E-04
0.65100000E-03    0.12330531E-06    0.36938479E-11    0.95895185E-04    0.98858455E-04
0.65200000E-03    0.12347044E-06    0.37010849E-11    0.95957770E-04    0.98924317E-04
0.65300000E-03    0.12363613E-06    0.37083613E-11    0.96020614E-04    0.98989956E-04
0.65400000E-03    0.12380191E-06    0.37156545E-11    0.96083520E-04    0.99057610E-04
0.65500000E-03    0.12396886E-06    0.37229886E-11    0.96146696E-04    0.99125307E-04
0.65600000E-03    0.12413531E-06    0.37302916E-11    0.96209522E-04    0.99191804E-04
0.65700000E-03    0.12429944E-06    0.37375021E-11    0.96271472E-04    0.99254560E-04
0.65800000E-03    0.12446370E-06    0.37447433E-11    0.96333605E-04    0.99320839E-04
0.65900000E-03    0.12462922E-06    0.37520286E-11    0.96396036E-04    0.99387707E-04
0.66000000E-03    0.12479499E-06    0.37593226E-11    0.96458461E-04    0.99454181E-04
0.66100000E-03    0.12496146E-06    0.37666337E-11    0.96520951E-04    0.99522381E-04
0.66200000E-03    0.12512878E-06    0.37739857E-11    0.96583709E-04    0.99588471E-04
0.66300000E-03    0.12529507E-06    0.37813048E-11    0.96646105E-04    0.99653862E-04
0.66400000E-03    0.12546225E-06    0.37886675E-11    0.96708793E-04    0.99720368E-04
0.66500000E-03    0.12562926E-06    0.37960335E-11    0.96771426E-04    0.99785768E-04
0.66600000E-03    0.12579568E-06    0.38033717E-11    0.96833744E-04    0.99852292E-04
0.66700000E-03    0.12596319E-06    0.38107504E-11    0.96896323E-04    0.99919754E-04
0.66800000E-03    0.12613062E-06    0.38181353E-11    0.96958875E-04    0.99985328E-04
0.66900000E-03    0.12629774E-06    0.38255200E-11    0.97021344E-04    0.10005179E-03
0.67000000E-03    0.12646548E-06    0.38329289E-11    0.97083938E-04    0.10011874E-03
0.67100000E-03    0.12663286E-06    0.38403202E-11    0.97146303E-04    0.10018533E-03
0.67200000E-03    0.12679981E-06    0.38476964E-11    0.97208460E-04    0.10025219E-03
0.67300000E-03    0.12696795E-06    0.38551266E-11    0.97270992E-04    0.10031734E-03
0.67400000E-03    0.12713526E-06    0.38625327E-11    0.97333241E-04    0.10038405E-03
0.67500000E-03    0.12730281E-06    0.38699634E-11    0.97395618E-04    0.10044947E-03
0.67600000E-03    0.12746942E-06    0.38773711E-11    0.97457721E-04    0.10051471E-03
0.67700000E-03    0.12763644E-06    0.38848047E-11    0.97519963E-04    0.10058052E-03
0.67800000E-03    0.12780341E-06    0.38922511E-11    0.97582232E-04    0.10064676E-03
0.67900000E-03    0.12796937E-06    0.38996585E-11    0.97644096E-04    0.10071204E-03
0.68000000E-03    0.12813546E-06    0.39070789E-11    0.97705991E-04    0.10077789E-03
0.68100000E-03    0.12830178E-06    0.39145062E-11    0.97767864E-04    0.10084343E-03
0.68200000E-03    0.12846902E-06    0.39219737E-11    0.97829993E-04    0.10090909E-03
0.68300000E-03    0.12863671E-06    0.39294688E-11    0.97892273E-04    0.10097375E-03
0.68400000E-03    0.12880376E-06    0.39369392E-11    0.97954269E-04    0.10103907E-03
0.68500000E-03    0.12897231E-06    0.39444645E-11    0.98016641E-04    0.10110542E-03
0.68600000E-03    0.12914087E-06    0.39519938E-11    0.98078967E-04    0.10117116E-03
0.68700000E-03    0.12930756E-06    0.39594522E-11    0.98140628E-04    0.10123621E-03
0.68800000E-03    0.12947430E-06    0.39669202E-11    0.98202291E-04    0.10130234E-03
0.68900000E-03    0.12964113E-06    0.39743978E-11    0.98263956E-04    0.10136768E-03
0.69000000E-03    0.12980810E-06    0.39818802E-11    0.98325582E-04    0.10143197E-03
0.69100000E-03    0.12997565E-06    0.39894028E-11    0.98387463E-04    0.10149721E-03
0.69200000E-03    0.13014339E-06    0.39969470E-11    0.98449442E-04    0.10156311E-03
0.69300000E-03    0.13031139E-06    0.40045099E-11    0.98511497E-04    0.10162821E-03
0.69400000E-03    0.13047962E-06    0.40120835E-11    0.98573563E-04    0.10169196E-03
0.69500000E-03    0.13064814E-06    0.40196806E-11    0.98635741E-04    0.10175745E-03
0.69600000E-03    0.13081701E-06    0.40272946E-11    0.98697979E-04    0.10182375E-03
0.69700000E-03    0.13098501E-06    0.40348804E-11    0.98759910E-04    0.10188870E-03
0.69800000E-03    0.13115343E-06    0.40424882E-11    0.98821942E-04    0.10195438E-03
0.69900000E-03    0.13132230E-06    0.40501137E-11    0.98884040E-04    0.10202022E-03
0.70000000E-03    0.13149214E-06    0.40577844E-11    0.98946428E-04    0.10208612E-03
0.70100000E-03    0.13166131E-06    0.40654229E-11    0.99008475E-04    0.10215155E-03
0.70200000E-03    0.13183060E-06    0.40730491E-11    0.99070346E-04    0.10221805E-03
0.70300000E-03    0.13200030E-06    0.40806858E-11    0.99132224E-04    0.10228439E-03
0.70400000E-03    0.13216989E-06    0.40883153E-11    0.99193967E-04    0.10234998E-03
0.70500000E-03    0.13234040E-06    0.40959742E-11    0.99255870E-04    0.10241367E-03
0.70600000E-03    0.13251092E-06    0.41036242E-11    0.99317624E-04    0.10247951E-03
0.70700000E-03    0.13268260E-06    0.41113180E-11    0.99379655E-04    0.10254416E-03
0.70800000E-03    0.13285287E-06    0.41189558E-11    0.99441158E-04    0.10261056E-03
0.70900000E-03    0.13302422E-06    0.41266358E-11    0.99502924E-04    0.10267688E-03
0.71000000E-03    0.13319564E-06    0.41343334E-11    0.99564755E-04    0.10274163E-03
0.71100000E-03    0.13336594E-06    0.41420163E-11    0.99626391E-04    0.10280651E-03
0.71200000E-03    0.13353597E-06    0.41497000E-11    0.99687957E-04    0.10287165E-03
0.71300000E-03    0.13370511E-06    0.41573606E-11    0.99749263E-04    0.10293729E-03
0.71400000E-03    0.13387480E-06    0.41650532E-11    0.99810749E-04    0.10300277E-03
0.71500000E-03    0.13404484E-06    0.41727645E-11    0.99872309E-04    0.10306741E-03
0.71600000E-03    0.13421509E-06    0.41804939E-11    0.99933937E-04    0.10313309E-03
0.71700000E-03    0.13438519E-06    0.41882312E-11    0.99995551E-04    0.10319744E-03
0.71800000E-03    0.13455505E-06    0.41959771E-11    0.10005716E-03    0.10326346E-03
0.71900000E-03    0.13472566E-06    0.42037683E-11    0.10011905E-03    0.10332784E-03
0.72000000E-03    0.13489510E-06    0.42115185E-11    0.10018054E-03    0.10339321E-03
0.72100000E-03    0.13506489E-06    0.42192846E-11    0.10024208E-03    0.10345880E-03
0.72200000E-03    0.13523443E-06    0.42270477E-11    0.10030352E-03    0.10352362E-03
0.72300000E-03    0.13540393E-06    0.42348343E-11    0.10036507E-03    0.10358825E-03
0.72400000E-03    0.13557430E-06    0.42426646E-11    0.10042689E-03    0.10365444E-03
0.72500000E-03    0.13574447E-06    0.42504860E-11    0.10048857E-03    0.10372139E-03
0.72600000E-03    0.13591362E-06    0.42582711E-11    0.10054988E-03    0.10378370E-03
0.72700000E-03    0.13608291E-06    0.42660635E-11    0.10061118E-03    0.10384992E-03
0.72800000E-03    0.13625180E-06    0.42738495E-11    0.10067235E-03    0.10391455E-03
0.72900000E-03    0.13642115E-06    0.42816674E-11    0.10073370E-03    0.10397925E-03
0.73000000E-03    0.13659064E-06    0.42895002E-11    0.10079509E-03    0.10404398E-03
0.73100000E-03    0.13675945E-06    0.42973096E-11    0.10085622E-03    0.10410895E-03
0.73200000E-03    0.13692932E-06    0.43051670E-11    0.10091765E-03    0.10417200E-03
0.73300000E-03    0.13709913E-06    0.43130300E-11    0.10097905E-03    0.10423756E-03
0.73400000E-03    0.13726906E-06    0.43208927E-11    0.10104038E-03    0.10430316E-03
0.73500000E-03    0.13743778E-06    0.43287072E-11    0.10110125E-03    0.10436739E-03
0.73600000E-03    0.13760708E-06    0.43365429E-11    0.10116222E-03    0.10443210E-03
0.73700000E-03    0.13777658E-06    0.43443854E-11    0.10122317E-03    0.10449617E-03
0.73800000E-03    0.13794618E-06    0.43522344E-11    0.10128409E-03    0.10455851E-03
0.73900000E-03    0.13811663E-06    0.43601255E-11    0.10134526E-03    0.10462291E-03
0.74000000E-03    0.13828660E-06    0.43679998E-11    0.10140624E-03    0.10468559E-03
0.74100000E-03    0.13845728E-06    0.43759168E-11    0.10146747E-03    0.10475011E-03
0.74200000E-03    0.13862694E-06    0.43837940E-11    0.10152831E-03    0.10481531E-03
0.74300000E-03    0.13879708E-06    0.43916889E-11    0.10158923E-03    0.10488044E-03
0.74400000E-03    0.13896797E-06    0.43996125E-11    0.10165029E-03    0.10494567E-03
0.74500000E-03    0.13913885E-06    0.44075312E-11    0.10171124E-03    0.10500995E-03
0.74600000E-03    0.13931038E-06    0.44154598E-11    0.10177219E-03    0.10507486E-03
0.74700000E-03    0.13948237E-06    0.44233963E-11    0.10183313E-03    0.10513707E-03
0.74800000E-03    0.13965470E-06    0.44313598E-11    0.10189420E-03    0.10520222E-03
0.74900000E-03    0.13982654E-06    0.44393006E-11    0.10195503E-03    0.10526727E-03
0.75000000E-03    0.13999865E-06    0.44472511E-11    0.10201586E-03    0.10533133E-03
0.75100000E-03    0.14017002E-06    0.44551808E-11    0.10207645E-03    0.10539634E-03
0.75200000E-03    0.14034169E-06    0.44631210E-11    0.10213706E-03    0.10546176E-03
0.75300000E-03    0.14051438E-06    0.44711037E-11    0.10219792E-03    0.10552584E-03
0.75400000E-03    0.14068833E-06    0.44791356E-11    0.10225908E-03    0.10558969E-03
0.75500000E-03    0.14086063E-06    0.44871066E-11    0.10231970E-03    0.10565430E-03
0.75600000E-03    0.14103291E-06    0.44950890E-11    0.10238034E-03    0.10571886E-03
0.75700000E-03    0.14120514E-06    0.45030762E-11    0.10244094E-03    0.10578405E-03
0.75800000E-03    0.14137860E-06    0.45111172E-11    0.10250188E-03    0.10584905E-03
0.75900000E-03    0.14155212E-06    0.45191714E-11    0.10256285E-03    0.10591198E-03
0.76000000E-03    0.14172493E-06    0.45272066E-11    0.10262360E-03    0.10597571E-03
0.76100000E-03    0.14189772E-06    0.45352433E-11    0.10268429E-03    0.10604063E-03
0.76200000E-03    0.14206956E-06    0.45432623E-11    0.10274477E-03    0.10610482E-03
0.76300000E-03    0.14224191E-06    0.45513127E-11    0.10280542E-03    0.10616836E-03
0.76400000E-03    0.14241492E-06    0.45593970E-11    0.10286626E-03    0.10623303E-03
0.76500000E-03    0.14258811E-06    0.45674920E-11    0.10292710E-03    0.10629674E-03
0.76600000E-03    0.14276105E-06    0.45755817E-11    0.10298783E-03    0.10636155E-03
0.76700000E-03    0.14293408E-06    0.45836790E-11    0.10304854E-03    0.10642594E-03
0.76800000E-03    0.14310715E-06    0.45918004E-11    0.10310937E-03    0.10649062E-03
0.76900000E-03    0.14328021E-06    0.45999223E-11    0.10317013E-03    0.10655516E-03
0.77000000E-03    0.14345330E-06    0.46080379E-11    0.10323076E-03    0.10661950E-03
0.77100000E-03    0.14362640E-06    0.46161718E-11    0.10329147E-03    0.10668433E-03
0.77200000E-03    0.14380009E-06    0.46243407E-11    0.10335236E-03    0.10674825E-03
0.77300000E-03    0.14397439E-06    0.46325375E-11    0.10341339E-03    0.10681295E-03
0.77400000E-03    0.14414751E-06    0.46407045E-11    0.10347413E-03    0.10687481E-03
0.77500000E-03    0.14432097E-06    0.46489108E-11    0.10353508E-03    0.10693899E-03
0.77600000E-03    0.14449378E-06    0.46571066E-11    0.10359589E-03    0.10700264E-03
0.77700000E-03    0.14466605E-06    0.46652883E-11    0.10365652E-03    0.10706598E-03
0.77800000E-03    0.14483766E-06    0.46734471E-11    0.10371691E-03    0.10712908E-03
0.77900000E-03    0.14500994E-06    0.46816381E-11    0.10377747E-03    0.10719332E-03
0.78000000E-03    0.14518210E-06    0.46898276E-11    0.10383795E-03    0.10725715E-03
0.78100000E-03    0.14535468E-06    0.46980389E-11    0.10389851E-03    0.10732069E-03
0.78200000E-03    0.14552854E-06    0.47063016E-11    0.10395939E-03    0.10738501E-03
0.78300000E-03    0.14570068E-06    0.47144844E-11    0.10401960E-03    0.10744831E-03
0.78400000E-03    0.14587348E-06    0.47226874E-11    0.10407990E-03    0.10751179E-03
0.78500000E-03    0.14604646E-06    0.47309074E-11    0.10414025E-03    0.10757538E-03
0.78600000E-03    0.14621881E-06    0.47391029E-11    0.10420035E-03    0.10763928E-03
0.78700000E-03    0.14639158E-06    0.47473105E-11    0.10426047E-03    0.10770131E-03
0.78800000E-03    0.14656513E-06    0.47555435E-11    0.10432071E-03    0.10776539E-03
0.78900000E-03    0.14673901E-06    0.47637813E-11    0.10438091E-03    0.10782927E-03
0.79000000E-03    0.14691335E-06    0.47720322E-11    0.10444114E-03    0.10789257E-03
0.79100000E-03    0.14708756E-06    0.47802769E-11    0.10450125E-03    0.10795573E-03
0.79200000E-03    0.14726170E-06    0.47885337E-11    0.10456138E-03    0.10802038E-03
0.79300000E-03    0.14743559E-06    0.47967825E-11    0.10462139E-03    0.10808454E-03
0.79400000E-03    0.14760977E-06    0.48050452E-11    0.10468142E-03    0.10814708E-03
0.79500000E-03    0.14778464E-06    0.48133411E-11    0.10474163E-03    0.10821117E-03
0.79600000E-03    0.14795897E-06    0.48216247E-11    0.10480168E-03    0.10827567E-03
0.79700000E-03    0.14813427E-06    0.48299563E-11    0.10486201E-03    0.10834085E-03
0.79800000E-03    0.14830864E-06    0.48382622E-11    0.10492209E-03    0.10840395E-03
0.79900000E-03    0.14848298E-06    0.48465649E-11    0.10498207E-03    0.10846677E-03
0.80000000E-03    0.14865768E-06    0.48548911E-11    0.10504216E-03    0.10853126E-03
0.80100000E-03    0.14883205E-06    0.48632198E-11    0.10510219E-03    0.10859529E-03
0.80200000E-03    0.14900708E-06    0.48715901E-11    0.10516245E-03    0.10865888E-03
0.80300000E-03    0.14918222E-06    0.48799645E-11    0.10522268E-03    0.10872390E-03
0.80400000E-03    0.14935652E-06    0.48883083E-11    0.10528261E-03    0.10878596E-03
0.80500000E-03    0.14953160E-06    0.48966958E-11    0.10534280E-03    0.10884936E-03
0.80600000E-03    0.14970657E-06    0.49050775E-11    0.10540287E-03    0.10891434E-03
0.80700000E-03    0.14988100E-06    0.49134349E-11    0.10546270E-03    0.10897736E-03
0.80800000E-03    0.15005517E-06    0.49217840E-11    0.10552240E-03    0.10904082E-03
0.80900000E-03    0.15022975E-06    0.49301564E-11    0.10558220E-03    0.10910436E-03
0.81000000E-03    0.15040466E-06    0.49385586E-11    0.10564214E-03    0.10916593E-03
0.81100000E-03    0.15057901E-06    0.49469567E-11    0.10570199E-03    0.10922815E-03
0.81200000E-03    0.15075279E-06    0.49553400E-11    0.10576167E-03    0.10929193E-03
0.81300000E-03    0.15092667E-06    0.49637412E-11    0.10582140E-03    0.10935352E-03
0.81400000E-03    0.15110087E-06    0.49721650E-11    0.10588123E-03    0.10941638E-03
0.81500000E-03    0.15127513E-06    0.49805943E-11    0.10594103E-03    0.10948045E-03
0.81600000E-03    0.15144970E-06    0.49890349E-11    0.10600084E-03    0.10954364E-03
0.81700000E-03    0.15162390E-06    0.49974662E-11    0.10606052E-03    0.10960711E-03
0.81800000E-03    0.15179869E-06    0.50059255E-11    0.10612033E-03    0.10967028E-03
0.81900000E-03    0.15197341E-06    0.50143842E-11    0.10618007E-03    0.10973366E-03
0.82000000E-03    0.15214773E-06    0.50228341E-11    0.10623968E-03    0.10979536E-03
0.82100000E-03    0.15232105E-06    0.50312494E-11    0.10629898E-03    0.10985669E-03
0.82200000E-03    0.15249483E-06    0.50396869E-11    0.10635836E-03    0.10991935E-03
0.82300000E-03    0.15266885E-06    0.50481374E-11    0.10641778E-03    0.10998167E-03
0.82400000E-03    0.15284321E-06    0.50566005E-11    0.10647721E-03    0.11004510E-03
0.82500000E-03    0.15301866E-06    0.50651094E-11    0.10653690E-03    0.11010878E-03
0.82600000E-03    0.15319419E-06    0.50736206E-11    0.10659654E-03    0.11017204E-03
0.82700000E-03    0.15337028E-06    0.50821519E-11    0.10665626E-03    0.11023531E-03
0.82800000E-03    0.15354720E-06    0.50907106E-11    0.10671610E-03    0.11029854E-03
0.82900000E-03    0.15372342E-06    0.50992476E-11    0.10677572E-03    0.11036095E-03
0.83000000E-03    0.15390027E-06    0.51078238E-11    0.10683554E-03    0.11042472E-03
0.83100000E-03    0.15407689E-06    0.51163885E-11    0.10689522E-03    0.11048676E-03
0.83200000E-03    0.15425383E-06    0.51249737E-11    0.10695498E-03    0.11054918E-03
0.83300000E-03    0.15443106E-06    0.51335751E-11    0.10701478E-03    0.11061295E-03
0.83400000E-03    0.15460839E-06    0.51421703E-11    0.10707447E-03    0.11067625E-03
0.83500000E-03    0.15478619E-06    0.51507746E-11    0.10713416E-03    0.11073931E-03
0.83600000E-03    0.15496291E-06    0.51593404E-11    0.10719352E-03    0.11080114E-03
0.83700000E-03    0.15514022E-06    0.51679449E-11    0.10725308E-03    0.11086394E-03
0.83800000E-03    0.15531677E-06    0.51765236E-11    0.10731239E-03    0.11092715E-03
0.83900000E-03    0.15549447E-06    0.51851586E-11    0.10737203E-03    0.11098983E-03
0.84000000E-03    0.15567179E-06    0.51937796E-11    0.10743150E-03    0.11105265E-03
0.84100000E-03    0.15584869E-06    0.52023924E-11    0.10749085E-03    0.11111559E-03
0.84200000E-03    0.15602581E-06    0.52110175E-11    0.10755022E-03    0.11117912E-03
0.84300000E-03    0.15620315E-06    0.52196600E-11    0.10760965E-03    0.11124209E-03
0.84400000E-03    0.15638105E-06    0.52283248E-11    0.10766916E-03    0.11130432E-03
0.84500000E-03    0.15655920E-06    0.52370175E-11    0.10772880E-03    0.11136688E-03
0.84600000E-03    0.15673750E-06    0.52457189E-11    0.10778843E-03    0.11143112E-03
0.84700000E-03    0.15691525E-06    0.52544044E-11    0.10784788E-03    0.11149269E-03
0.84800000E-03    0.15709285E-06    0.52630938E-11    0.10790730E-03    0.11155526E-03
0.84900000E-03    0.15727146E-06    0.52718330E-11    0.10796699E-03    0.11161912E-03
0.85000000E-03    0.15744891E-06    0.52805176E-11    0.10802625E-03    0.11168301E-03
0.85100000E-03    0.15762664E-06    0.52892148E-11    0.10808552E-03    0.11174535E-03
0.85200000E-03    0.15780449E-06    0.52979322E-11    0.10814487E-03    0.11180764E-03
0.85300000E-03    0.15798295E-06    0.53066748E-11    0.10820433E-03    0.11187180E-03
0.85400000E-03    0.15816133E-06    0.53154319E-11    0.10826381E-03    0.11193412E-03
0.85500000E-03    0.15833896E-06    0.53241675E-11    0.10832309E-03    0.11199697E-03
0.85600000E-03    0.15851666E-06    0.53329076E-11    0.10838233E-03    0.11205877E-03
0.85700000E-03    0.15869355E-06    0.53416247E-11    0.10844135E-03    0.11212127E-03
0.85800000E-03    0.15887058E-06    0.53503534E-11    0.10850039E-03    0.11218275E-03
0.85900000E-03    0.15904657E-06    0.53590564E-11    0.10855918E-03    0.11224349E-03
0.86000000E-03    0.15922336E-06    0.53678001E-11    0.10861819E-03    0.11230643E-03
0.86100000E-03    0.15940033E-06    0.53765645E-11    0.10867728E-03    0.11236945E-03
0.86200000E-03    0.15957802E-06    0.53853622E-11    0.10873652E-03    0.11243190E-03
0.86300000E-03    0.15975500E-06    0.53941506E-11    0.10879564E-03    0.11249277E-03
0.86400000E-03    0.15993163E-06    0.54029502E-11    0.10885477E-03    0.11255589E-03
0.86500000E-03    0.16010805E-06    0.54117391E-11    0.10891376E-03    0.11261879E-03
0.86600000E-03    0.16028408E-06    0.54205112E-11    0.10897257E-03    0.11268110E-03
0.86700000E-03    0.16046004E-06    0.54292917E-11    0.10903138E-03    0.11274348E-03
0.86800000E-03    0.16063641E-06    0.54380895E-11    0.10909024E-03    0.11280586E-03
0.86900000E-03    0.16081307E-06    0.54468974E-11    0.10914911E-03    0.11286825E-03
0.87000000E-03    0.16098959E-06    0.54557134E-11    0.10920796E-03    0.11292875E-03
0.87100000E-03    0.16116666E-06    0.54645546E-11    0.10926692E-03    0.11299077E-03
0.87200000E-03    0.16134459E-06    0.54734337E-11    0.10932607E-03    0.11305328E-03
0.87300000E-03    0.16152298E-06    0.54823273E-11    0.10938525E-03    0.11311461E-03
0.87400000E-03    0.16170084E-06    0.54912114E-11    0.10944431E-03    0.11317445E-03
0.87500000E-03    0.16187855E-06    0.55000903E-11    0.10950327E-03    0.11323740E-03
0.87600000E-03    0.16205583E-06    0.55089545E-11    0.10956206E-03    0.11329933E-03
0.87700000E-03    0.16223308E-06    0.55178121E-11    0.10962075E-03    0.11336241E-03
0.87800000E-03    0.16241058E-06    0.55266781E-11    0.10967943E-03    0.11342427E-03
0.87900000E-03    0.16258778E-06    0.55355167E-11    0.10973787E-03    0.11348724E-03
0.88000000E-03    0.16276621E-06    0.55443966E-11    0.10979652E-03    0.11354999E-03
0.88100000E-03    0.16294554E-06    0.55533120E-11    0.10985534E-03    0.11361035E-03
0.88200000E-03    0.16312330E-06    0.55621529E-11    0.10991360E-03    0.11367268E-03
0.88300000E-03    0.16330151E-06    0.55710016E-11    0.10997186E-03    0.11373448E-03
0.88400000E-03    0.16348078E-06    0.55798914E-11    0.11003032E-03    0.11379696E-03
0.88500000E-03    0.16366013E-06    0.55887888E-11    0.11008877E-03    0.11385861E-03
0.88600000E-03    0.16383992E-06    0.55977076E-11    0.11014730E-03    0.11391987E-03
0.88700000E-03    0.16402001E-06    0.56066586E-11    0.11020598E-03    0.11398197E-03
0.88800000E-03    0.16419982E-06    0.56156046E-11    0.11026457E-03    0.11404419E-03
0.88900000E-03    0.16437994E-06    0.56245789E-11    0.11032327E-03    0.11410672E-03
0.89000000E-03    0.16455933E-06    0.56335186E-11    0.11038169E-03    0.11416905E-03
0.89100000E-03    0.16473859E-06    0.56424628E-11    0.11044008E-03    0.11422868E-03
0.89200000E-03    0.16491827E-06    0.56514370E-11    0.11049860E-03    0.11429017E-03
0.89300000E-03    0.16509779E-06    0.56604070E-11    0.11055703E-03    0.11435182E-03
0.89400000E-03    0.16527796E-06    0.56694156E-11    0.11061565E-03    0.11441498E-03
0.89500000E-03    0.16545789E-06    0.56784253E-11    0.11067421E-03    0.11447685E-03
0.89600000E-03    0.16563799E-06    0.56874528E-11    0.11073283E-03    0.11453909E-03
0.89700000E-03    0.16581879E-06    0.56965176E-11    0.11079163E-03    0.11460199E-03
0.89800000E-03    0.16599888E-06    0.57055598E-11    0.11085022E-03    0.11466388E-03
0.89900000E-03    0.16617962E-06    0.57146423E-11    0.11090901E-03    0.11472574E-03
0.90000000E-03    0.16635968E-06    0.57237096E-11    0.11096763E-03    0.11478751E-03
0.90100000E-03    0.16654028E-06    0.57328092E-11    0.11102641E-03    0.11485082E-03
0.90200000E-03    0.16672082E-06    0.57419075E-11    0.11108511E-03    0.11491218E-03
0.90300000E-03    0.16689952E-06    0.57509421E-11    0.11114334E-03    0.11497338E-03
0.90400000E-03    0.16707817E-06    0.57599813E-11    0.11120154E-03    0.11503483E-03
0.90500000E-03    0.16725725E-06    0.57690464E-11    0.11125985E-03    0.11509564E-03
0.90600000E-03    0.16743656E-06    0.57781286E-11    0.11131821E-03    0.11515673E-03
0.90700000E-03    0.16761623E-06    0.57872333E-11    0.11137664E-03    0.11521865E-03
0.90800000E-03    0.16779562E-06    0.57963266E-11    0.11143495E-03    0.11527970E-03
0.90900000E-03    0.16797473E-06    0.58054101E-11    0.11149313E-03    0.11534190E-03
0.91000000E-03    0.16815412E-06    0.58145123E-11    0.11155137E-03    0.11540144E-03
0.91100000E-03    0.16833413E-06    0.58236592E-11    0.11160983E-03    0.11546334E-03
0.91200000E-03    0.16851465E-06    0.58328209E-11    0.11166833E-03    0.11552397E-03
0.91300000E-03    0.16869489E-06    0.58419905E-11    0.11172681E-03    0.11558566E-03
0.91400000E-03    0.16887564E-06    0.58511947E-11    0.11178546E-03    0.11564762E-03
0.91500000E-03    0.16905615E-06    0.58603845E-11    0.11184395E-03    0.11570968E-03
0.91600000E-03    0.16923558E-06    0.58695270E-11    0.11190208E-03    0.11577141E-03
0.91700000E-03    0.16941583E-06    0.58787052E-11    0.11196038E-03    0.11583167E-03
0.91800000E-03    0.16959651E-06    0.58879012E-11    0.11201873E-03    0.11589320E-03
0.91900000E-03    0.16977739E-06    0.58971085E-11    0.11207709E-03    0.11595479E-03
0.92000000E-03    0.16995708E-06    0.59062625E-11    0.11213505E-03    0.11601494E-03
0.92100000E-03    0.17013709E-06    0.59154486E-11    0.11219315E-03    0.11607494E-03
0.92200000E-03    0.17031747E-06    0.59246512E-11    0.11225130E-03    0.11613514E-03
0.92300000E-03    0.17049770E-06    0.59338482E-11    0.11230936E-03    0.11619727E-03
0.92400000E-03    0.17067888E-06    0.59430837E-11    0.11236759E-03    0.11625985E-03
0.92500000E-03    0.17086014E-06    0.59523096E-11    0.11242571E-03    0.11632189E-03
0.92600000E-03    0.17104197E-06    0.59615606E-11    0.11248392E-03    0.11638411E-03
0.92700000E-03    0.17122334E-06    0.59707820E-11    0.11254189E-03    0.11644512E-03
0.92800000E-03    0.17140548E-06    0.59800429E-11    0.11260004E-03    0.11650713E-03
0.92900000E-03    0.17158788E-06    0.59893013E-11    0.11265812E-03    0.11656821E-03
0.93000000E-03    0.17177103E-06    0.59985975E-11    0.11271638E-03    0.11663079E-03
0.93100000E-03    0.17195303E-06    0.60078501E-11    0.11277430E-03    0.11669101E-03
0.93200000E-03    0.17213554E-06    0.60171389E-11    0.11283240E-03    0.11675126E-03
0.93300000E-03    0.17231840E-06    0.60264658E-11    0.11289066E-03    0.11681330E-03
0.93400000E-03    0.17250064E-06    0.60357655E-11    0.11294870E-03    0.11687396E-03
0.93500000E-03    0.17268191E-06    0.60450202E-11    0.11300640E-03    0.11693626E-03
0.93600000E-03    0.17286340E-06    0.60542902E-11    0.11306414E-03    0.11699705E-03
0.93700000E-03    0.17304458E-06    0.60635482E-11    0.11312174E-03    0.11705784E-03
0.93800000E-03    0.17322595E-06    0.60728279E-11    0.11317942E-03    0.11711971E-03
0.93900000E-03    0.17340706E-06    0.60821112E-11    0.11323706E-03    0.11718049E-03
0.94000000E-03    0.17358896E-06    0.60914378E-11    0.11329491E-03    0.11724184E-03
0.94100000E-03    0.17377032E-06    0.61007514E-11    0.11335262E-03    0.11730356E-03
0.94200000E-03    0.17395131E-06    0.61100633E-11    0.11341027E-03    0.11736308E-03
0.94300000E-03    0.17413247E-06    0.61193895E-11    0.11346794E-03    0.11742369E-03
0.94400000E-03    0.17431378E-06    0.61287264E-11    0.11352562E-03    0.11748322E-03
0.94500000E-03    0.17449449E-06    0.61380675E-11    0.11358327E-03    0.11754452E-03
0.94600000E-03    0.17467543E-06    0.61474305E-11    0.11364099E-03    0.11760605E-03
0.94700000E-03    0.17485661E-06    0.61568122E-11    0.11369877E-03    0.11766733E-03
0.94800000E-03    0.17503807E-06    0.61662080E-11    0.11375658E-03    0.11772831E-03
0.94900000E-03    0.17521947E-06    0.61756069E-11    0.11381435E-03    0.11779016E-03
0.95000000E-03    0.17540055E-06    0.61849992E-11    0.11387202E-03    0.11785063E-03
0.95100000E-03    0.17558213E-06    0.61944180E-11    0.11392979E-03    0.11791250E-03
0.95200000E-03    0.17576298E-06    0.62038067E-11    0.11398732E-03    0.11797201E-03
0.95300000E-03    0.17594427E-06    0.62132229E-11    0.11404496E-03    0.11803269E-03
0.95400000E-03    0.17612564E-06    0.62226428E-11    0.11410257E-03    0.11809377E-03
0.95500000E-03    0.17630738E-06    0.62320773E-11    0.11416021E-03    0.11815436E-03
0.95600000E-03    0.17648965E-06    0.62415494E-11    0.11421801E-03    0.11821427E-03
0.95700000E-03    0.17667163E-06    0.62510125E-11    0.11427571E-03    0.11827383E-03
0.95800000E-03    0.17685316E-06    0.62604450E-11    0.11433316E-03    0.11833391E-03
0.95900000E-03    0.17703466E-06    0.62698855E-11    0.11439060E-03    0.11839405E-03
0.96000000E-03    0.17721607E-06    0.62793320E-11    0.11444802E-03    0.11845410E-03
0.96100000E-03    0.17739741E-06    0.62887725E-11    0.11450534E-03    0.11851397E-03
0.96200000E-03    0.17757928E-06    0.62982497E-11    0.11456284E-03    0.11857545E-03
0.96300000E-03    0.17776061E-06    0.63076967E-11    0.11462009E-03    0.11863619E-03
0.96400000E-03    0.17794258E-06    0.63171712E-11    0.11467745E-03    0.11869598E-03
0.96500000E-03    0.17812464E-06    0.63266552E-11    0.11473481E-03    0.11875665E-03
0.96600000E-03    0.17830651E-06    0.63361206E-11    0.11479200E-03    0.11881763E-03
0.96700000E-03    0.17848841E-06    0.63455831E-11    0.11484911E-03    0.11887845E-03
0.96800000E-03    0.17867017E-06    0.63550366E-11    0.11490612E-03    0.11893910E-03
0.96900000E-03    0.17885282E-06    0.63645264E-11    0.11496328E-03    0.11899829E-03
0.97000000E-03    0.17903588E-06    0.63740310E-11    0.11502048E-03    0.11905807E-03
0.97100000E-03    0.17921929E-06    0.63835432E-11    0.11507767E-03    0.11911854E-03
0.97200000E-03    0.17940380E-06    0.63931010E-11    0.11513508E-03    0.11917923E-03
0.97300000E-03    0.17958831E-06    0.64026649E-11    0.11519246E-03    0.11924101E-03
0.97400000E-03    0.17977325E-06    0.64122493E-11    0.11524991E-03    0.11929967E-03
0.97500000E-03    0.17995796E-06    0.64218225E-11    0.11530724E-03    0.11936028E-03
0.97600000E-03    0.18014345E-06    0.64314489E-11    0.11536482E-03    0.11942102E-03
0.97700000E-03    0.18032919E-06    0.64411033E-11    0.11542252E-03    0.11948256E-03
0.97800000E-03    0.18051346E-06    0.64506980E-11    0.11547980E-03    0.11954328E-03
0.97900000E-03    0.18069706E-06    0.64602774E-11    0.11553694E-03    0.11960371E-03
0.98000000E-03    0.18088103E-06    0.64698849E-11    0.11559418E-03    0.11966441E-03
0.98100000E-03    0.18106498E-06    0.64795053E-11    0.11565145E-03    0.11972582E-03
0.98200000E-03    0.18124892E-06    0.64891312E-11    0.11570869E-03    0.11978639E-03
0.98300000E-03    0.18143261E-06    0.64987490E-11    0.11576583E-03    0.11984740E-03
0.98400000E-03    0.18161707E-06    0.65084049E-11    0.11582314E-03    0.11990657E-03
0.98500000E-03    0.18180191E-06    0.65180854E-11    0.11588053E-03    0.11996689E-03
0.98600000E-03    0.18198637E-06    0.65277553E-11    0.11593781E-03    0.12002654E-03
0.98700000E-03    0.18217075E-06    0.65374298E-11    0.11599506E-03    0.12008765E-03
0.98800000E-03    0.18235500E-06    0.65470950E-11    0.11605219E-03    0.12014750E-03
0.98900000E-03    0.18253886E-06    0.65567445E-11    0.11610918E-03    0.12020709E-03
0.99000000E-03    0.18272300E-06    0.65664183E-11    0.11616625E-03    0.12026834E-03
0.99100000E-03    0.18290685E-06    0.65760788E-11    0.11622319E-03    0.12032837E-03
0.99200000E-03    0.18309074E-06    0.65857578E-11    0.11628019E-03    0.12038849E-03
0.99300000E-03    0.18327461E-06    0.65954563E-11    0.11633724E-03    0.12044674E-03
0.99400000E-03    0.18345857E-06    0.66051661E-11    0.11639430E-03    0.12050684E-03
0.99500000E-03    0.18364343E-06    0.66149191E-11    0.11645156E-03    0.12056766E-03
0.99600000E-03    0.18382807E-06    0.66246667E-11    0.11650873E-03    0.12062747E-03
0.99700000E-03    0.18401301E-06    0.66344272E-11    0.11656592E-03    0.12068895E-03
0.99800000E-03    0.18419753E-06    0.66441703E-11    0.11662296E-03    0.12074803E-03
0.99900000E-03    0.18438211E-06    0.66539471E-11    0.11668013E-03    0.12080857E-03
0.10000000E-02    0.18456741E-06    0.66637634E-11    0.11673748E-03    0.12086830E-03
0.10010000E-02    0.18475221E-06    0.66735723E-11    0.11679473E-03    0.12092832E-03
0.10020000E-02    0.18493628E-06    0.66833334E-11    0.11685165E-03    0.12098957E-03
0.10030000E-02    0.18511971E-06    0.66930551E-11    0.11690828E-03    0.12104988E-03
0.10040000E-02    0.18530381E-06    0.67028169E-11    0.11696509E-03    0.12110820E-03
0.10050000E-02    0.18548835E-06    0.67126107E-11    0.11702203E-03    0.12116867E-03
0.10060000E-02    0.18567206E-06    0.67223660E-11    0.11707869E-03    0.12122949E-03
0.10070000E-02    0.18585569E-06    0.67321368E-11    0.11713538E-03    0.12128808E-03
0.10080000E-02    0.18603918E-06    0.67419098E-11    0.11719204E-03    0.12134649E-03
0.10090000E-02    0.18622332E-06    0.67517173E-11    0.11724884E-03    0.12140616E-03
0.10100000E-02    0.18640695E-06    0.67615073E-11    0.11730548E-03    0.12146626E-03
0.10110000E-02    0.18659168E-06    0.67713456E-11    0.11736235E-03    0.12152667E-03
0.10120000E-02    0.18677602E-06    0.67811652E-11    0.11741905E-03    0.12158504E-03
0.10130000E-02    0.18696040E-06    0.67909970E-11    0.11747577E-03    0.12164547E-03
0.10140000E-02    0.18714586E-06    0.68008758E-11    0.11753271E-03    0.12170580E-03
0.10150000E-02    0.18733020E-06    0.68106949E-11    0.11758925E-03    0.12176498E-03
0.10160000E-02    0.18751463E-06    0.68205271E-11    0.11764580E-03    0.12182325E-03
0.10170000E-02    0.18769923E-06    0.68303773E-11    0.11770241E-03    0.12188271E-03
0.10180000E-02    0.18788447E-06    0.68402458E-11    0.11775907E-03    0.12194223E-03
0.10190000E-02    0.18806975E-06    0.68501114E-11    0.11781566E-03    0.12200301E-03
0.10200000E-02    0.18825404E-06    0.68599339E-11    0.11787194E-03    0.12206315E-03
0.10210000E-02    0.18843906E-06    0.68697896E-11    0.11792836E-03    0.12212251E-03
0.10220000E-02    0.18862385E-06    0.68796347E-11    0.11798467E-03    0.12218025E-03
0.10230000E-02    0.18880816E-06    0.68894828E-11    0.11804094E-03    0.12223884E-03
0.10240000E-02    0.18899231E-06    0.68993299E-11    0.11809715E-03    0.12229874E-03
0.10250000E-02    0.18917707E-06    0.69092094E-11    0.11815350E-03    0.12235921E-03
0.10260000E-02    0.18936237E-06    0.69191161E-11    0.11820994E-03    0.12241940E-03
0.10270000E-02    0.18954790E-06    0.69290237E-11    0.11826634E-03    0.12247991E-03
0.10280000E-02    0.18973406E-06    0.69389574E-11    0.11832283E-03    0.12253949E-03
0.10290000E-02    0.18992109E-06    0.69489313E-11    0.11837949E-03    0.12259831E-03
0.10300000E-02    0.19010836E-06    0.69589106E-11    0.11843613E-03    0.12265899E-03
0.10310000E-02    0.19029525E-06    0.69688587E-11    0.11849254E-03    0.12271897E-03
0.10320000E-02    0.19048154E-06    0.69787856E-11    0.11854878E-03    0.12277767E-03
0.10330000E-02    0.19066822E-06    0.69887434E-11    0.11860514E-03    0.12283717E-03
0.10340000E-02    0.19085534E-06    0.69987253E-11    0.11866158E-03    0.12289704E-03
0.10350000E-02    0.19104184E-06    0.70086964E-11    0.11871790E-03    0.12295683E-03
0.10360000E-02    0.19122894E-06    0.70186945E-11    0.11877433E-03    0.12301657E-03
0.10370000E-02    0.19141545E-06    0.70286897E-11    0.11883068E-03    0.12307551E-03
0.10380000E-02    0.19160255E-06    0.70387302E-11    0.11888724E-03    0.12313611E-03
0.10390000E-02    0.19178816E-06    0.70487017E-11    0.11894335E-03    0.12319416E-03
0.10400000E-02    0.19197315E-06    0.70586561E-11    0.11899932E-03    0.12325350E-03
0.10410000E-02    0.19215907E-06    0.70686576E-11    0.11905549E-03    0.12331359E-03
0.10420000E-02    0.19234495E-06    0.70786512E-11    0.11911158E-03    0.12337272E-03
0.10430000E-02    0.19253132E-06    0.70886836E-11    0.11916782E-03    0.12343042E-03
0.10440000E-02    0.19271739E-06    0.70987204E-11    0.11922404E-03    0.12348849E-03
0.10450000E-02    0.19290374E-06    0.71087736E-11    0.11928029E-03    0.12354833E-03
0.10460000E-02    0.19308905E-06    0.71188065E-11    0.11933638E-03    0.12360613E-03
0.10470000E-02    0.19327432E-06    0.71288542E-11    0.11939250E-03    0.12366578E-03
0.10480000E-02    0.19345994E-06    0.71389254E-11    0.11944870E-03    0.12372574E-03
0.10490000E-02    0.19364598E-06    0.71490333E-11    0.11950504E-03    0.12378485E-03
0.10500000E-02    0.19383207E-06    0.71591499E-11    0.11956139E-03    0.12384462E-03
0.10510000E-02    0.19401798E-06    0.71692626E-11    0.11961766E-03    0.12390353E-03
0.10520000E-02    0.19420380E-06    0.71793862E-11    0.11967393E-03    0.12396087E-03
0.10530000E-02    0.19438993E-06    0.71895215E-11    0.11973022E-03    0.12402090E-03
0.10540000E-02    0.19457569E-06    0.71996380E-11    0.11978636E-03    0.12408018E-03
0.10550000E-02    0.19476124E-06    0.72097415E-11    0.11984236E-03    0.12413917E-03
0.10560000E-02    0.19494682E-06    0.72198383E-11    0.11989828E-03    0.12419809E-03
0.10570000E-02    0.19513324E-06    0.72299678E-11    0.11995433E-03    0.12425634E-03
0.10580000E-02    0.19532022E-06    0.72401186E-11    0.12001044E-03    0.12431515E-03
0.10590000E-02    0.19550774E-06    0.72503039E-11    0.12006669E-03    0.12437313E-03
0.10600000E-02    0.19569476E-06    0.72604638E-11    0.12012275E-03    0.12443206E-03
0.10610000E-02    0.19588238E-06    0.72706489E-11    0.12017889E-03    0.12449111E-03
0.10620000E-02    0.19606980E-06    0.72808157E-11    0.12023488E-03    0.12455006E-03
0.10630000E-02    0.19625739E-06    0.72909826E-11    0.12029082E-03    0.12460850E-03
0.10640000E-02    0.19644421E-06    0.73011188E-11    0.12034654E-03    0.12466774E-03
0.10650000E-02    0.19663159E-06    0.73112734E-11    0.12040231E-03    0.12472691E-03
0.10660000E-02    0.19681984E-06    0.73214663E-11    0.12045823E-03    0.12478526E-03
0.10670000E-02    0.19700851E-06    0.73316794E-11    0.12051422E-03    0.12484479E-03
0.10680000E-02    0.19719774E-06    0.73419060E-11    0.12057022E-03    0.12490549E-03
0.10690000E-02    0.19738710E-06    0.73521481E-11    0.12062626E-03    0.12496463E-03
0.10700000E-02    0.19757591E-06    0.73623775E-11    0.12068218E-03    0.12502344E-03
0.10710000E-02    0.19776437E-06    0.73725869E-11    0.12073794E-03    0.12508242E-03
0.10720000E-02    0.19795340E-06    0.73828252E-11    0.12079380E-03    0.12514211E-03
0.10730000E-02    0.19814294E-06    0.73931040E-11    0.12084984E-03    0.12520186E-03
0.10740000E-02    0.19833281E-06    0.74034117E-11    0.12090598E-03    0.12525865E-03
0.10750000E-02    0.19852207E-06    0.74136987E-11    0.12096195E-03    0.12531708E-03
0.10760000E-02    0.19871142E-06    0.74239916E-11    0.12101790E-03    0.12537606E-03
0.10770000E-02    0.19890078E-06    0.74342851E-11    0.12107381E-03    0.12543542E-03
0.10780000E-02    0.19909065E-06    0.74446256E-11    0.12112992E-03    0.12549513E-03
0.10790000E-02    0.19927937E-06    0.74549208E-11    0.12118573E-03    0.12555393E-03
0.10800000E-02    0.19946805E-06    0.74652290E-11    0.12124156E-03    0.12561318E-03
0.10810000E-02    0.19965712E-06    0.74755651E-11    0.12129749E-03    0.12567275E-03
0.10820000E-02    0.19984505E-06    0.74858675E-11    0.12135318E-03    0.12573200E-03
0.10830000E-02    0.20003324E-06    0.74961865E-11    0.12140892E-03    0.12579125E-03
0.10840000E-02    0.20022179E-06    0.75065310E-11    0.12146474E-03    0.12584932E-03
0.10850000E-02    0.20040961E-06    0.75168633E-11    0.12152044E-03    0.12590773E-03
0.10860000E-02    0.20059731E-06    0.75271960E-11    0.12157610E-03    0.12596577E-03
0.10870000E-02    0.20078505E-06    0.75375434E-11    0.12163178E-03    0.12602344E-03
0.10880000E-02    0.20097289E-06    0.75479003E-11    0.12168747E-03    0.12608265E-03
0.10890000E-02    0.20116072E-06    0.75582604E-11    0.12174312E-03    0.12614131E-03
0.10900000E-02    0.20134803E-06    0.75685971E-11    0.12179859E-03    0.12619989E-03
0.10910000E-02    0.20153532E-06    0.75789389E-11    0.12185404E-03    0.12625728E-03
0.10920000E-02    0.20172314E-06    0.75893100E-11    0.12190960E-03    0.12631658E-03
0.10930000E-02    0.20191004E-06    0.75996361E-11    0.12196486E-03    0.12637539E-03
0.10940000E-02    0.20209740E-06    0.76099840E-11    0.12202019E-03    0.12643388E-03
0.10950000E-02    0.20228513E-06    0.76203642E-11    0.12207565E-03    0.12648984E-03
0.10960000E-02    0.20247330E-06    0.76307676E-11    0.12213118E-03    0.12654603E-03
0.10970000E-02    0.20266071E-06    0.76411641E-11    0.12218662E-03    0.12660518E-03
0.10980000E-02    0.20284791E-06    0.76515482E-11    0.12224194E-03    0.12666324E-03
0.10990000E-02    0.20303516E-06    0.76619290E-11    0.12229720E-03    0.12672230E-03
0.11000000E-02    0.20322264E-06    0.76723199E-11    0.12235246E-03    0.12678031E-03
0.11010000E-02    0.20341079E-06    0.76827408E-11    0.12240783E-03    0.12683901E-03
0.11020000E-02    0.20359917E-06    0.76931746E-11    0.12246322E-03    0.12689759E-03
0.11030000E-02    0.20378739E-06    0.77036072E-11    0.12251855E-03    0.12695618E-03
0.11040000E-02    0.20397638E-06    0.77140898E-11    0.12257409E-03    0.12701349E-03
0.11050000E-02    0.20416540E-06    0.77245781E-11    0.12262962E-03    0.12707303E-03
0.11060000E-02    0.20435425E-06    0.77350497E-11    0.12268501E-03    0.12713149E-03
0.11070000E-02    0.20454282E-06    0.77455021E-11    0.12274025E-03    0.12718899E-03
0.11080000E-02    0.20473160E-06    0.77559624E-11    0.12279547E-03    0.12724712E-03
0.11090000E-02    0.20492020E-06    0.77664083E-11    0.12285058E-03    0.12730510E-03
0.11100000E-02    0.20510937E-06    0.77768906E-11    0.12290582E-03    0.12736201E-03
0.11110000E-02    0.20529879E-06    0.77873757E-11    0.12296103E-03    0.12742093E-03
0.11120000E-02    0.20548822E-06    0.77978610E-11    0.12301620E-03    0.12747834E-03
0.11130000E-02    0.20567724E-06    0.78083292E-11    0.12307122E-03    0.12753786E-03
0.11140000E-02    0.20586649E-06    0.78188108E-11    0.12312626E-03    0.12759653E-03
0.11150000E-02    0.20605675E-06    0.78293436E-11    0.12318153E-03    0.12765384E-03
0.11160000E-02    0.20624694E-06    0.78398692E-11    0.12323670E-03    0.12771283E-03
0.11170000E-02    0.20643691E-06    0.78503819E-11    0.12329176E-03    0.12776934E-03
0.11180000E-02    0.20662749E-06    0.78609325E-11    0.12334697E-03    0.12782629E-03
0.11190000E-02    0.20681808E-06    0.78714816E-11    0.12340212E-03    0.12788518E-03
0.11200000E-02    0.20700836E-06    0.78820042E-11    0.12345708E-03    0.12794461E-03
0.11210000E-02    0.20719915E-06    0.78925491E-11    0.12351212E-03    0.12800360E-03
0.11220000E-02    0.20738959E-06    0.79031091E-11    0.12356718E-03    0.12805933E-03
0.11230000E-02    0.20757980E-06    0.79136679E-11    0.12362218E-03    0.12811727E-03
0.11240000E-02    0.20776999E-06    0.79242269E-11    0.12367714E-03    0.12817557E-03
0.11250000E-02    0.20796079E-06    0.79348210E-11    0.12373223E-03    0.12823431E-03
0.11260000E-02    0.20815034E-06    0.79453677E-11    0.12378703E-03    0.12829098E-03
0.11270000E-02    0.20834032E-06    0.79559465E-11    0.12384194E-03    0.12834995E-03
0.11280000E-02    0.20853012E-06    0.79665433E-11    0.12389690E-03    0.12840783E-03
0.11290000E-02    0.20871982E-06    0.79771502E-11    0.12395186E-03    0.12846659E-03
0.11300000E-02    0.20890990E-06    0.79877809E-11    0.12400690E-03    0.12852424E-03
0.11310000E-02    0.20910012E-06    0.79984276E-11    0.12406197E-03    0.12858161E-03
0.11320000E-02    0.20929040E-06    0.80090892E-11    0.12411707E-03    0.12863938E-03
0.11330000E-02    0.20948077E-06    0.80197564E-11    0.12417215E-03    0.12869681E-03
0.11340000E-02    0.20967124E-06    0.80304289E-11    0.12422720E-03    0.12875564E-03
0.11350000E-02    0.20986152E-06    0.80410931E-11    0.12428217E-03    0.12881363E-03
0.11360000E-02    0.21005200E-06    0.80517602E-11    0.12433710E-03    0.12887129E-03
0.11370000E-02    0.21024229E-06    0.80624291E-11    0.12439199E-03    0.12892912E-03
0.11380000E-02    0.21043328E-06    0.80731311E-11    0.12444701E-03    0.12898738E-03
0.11390000E-02    0.21062449E-06    0.80838473E-11    0.12450205E-03    0.12904443E-03
0.11400000E-02    0.21081607E-06    0.80945925E-11    0.12455719E-03    0.12910297E-03
0.11410000E-02    0.21100862E-06    0.81053967E-11    0.12461258E-03    0.12916123E-03
0.11420000E-02    0.21120067E-06    0.81161840E-11    0.12466784E-03    0.12921919E-03
0.11430000E-02    0.21139131E-06    0.81269199E-11    0.12472278E-03    0.12927720E-03
0.11440000E-02    0.21158106E-06    0.81376221E-11    0.12477751E-03    0.12933393E-03
0.11450000E-02    0.21177091E-06    0.81483319E-11    0.12483222E-03    0.12939041E-03
0.11460000E-02    0.21196104E-06    0.81590583E-11    0.12488697E-03    0.12944629E-03
0.11470000E-02    0.21215123E-06    0.81697973E-11    0.12494174E-03    0.12950469E-03
0.11480000E-02    0.21234185E-06    0.81805547E-11    0.12499656E-03    0.12956326E-03
0.11490000E-02    0.21253283E-06    0.81913422E-11    0.12505148E-03    0.12962060E-03
0.11500000E-02    0.21272327E-06    0.82021134E-11    0.12510626E-03    0.12967774E-03
0.11510000E-02    0.21291333E-06    0.82128757E-11    0.12516096E-03    0.12973618E-03
0.11520000E-02    0.21310357E-06    0.82236560E-11    0.12521570E-03    0.12979331E-03
0.11530000E-02    0.21329380E-06    0.82344381E-11    0.12527040E-03    0.12985028E-03
0.11540000E-02    0.21348469E-06    0.82452474E-11    0.12532519E-03    0.12990772E-03
0.11550000E-02    0.21367607E-06    0.82560818E-11    0.12538006E-03    0.12996464E-03
0.11560000E-02    0.21386718E-06    0.82668887E-11    0.12543474E-03    0.13002261E-03
0.11570000E-02    0.21405837E-06    0.82776981E-11    0.12548939E-03    0.13008026E-03
0.11580000E-02    0.21425007E-06    0.82885189E-11    0.12554404E-03    0.13013833E-03
0.11590000E-02    0.21444220E-06    0.82993495E-11    0.12559870E-03    0.13019543E-03
0.11600000E-02    0.21463488E-06    0.83102013E-11    0.12565342E-03    0.13025297E-03
0.11610000E-02    0.21482714E-06    0.83210306E-11    0.12570798E-03    0.13031016E-03
0.11620000E-02    0.21501992E-06    0.83318835E-11    0.12576261E-03    0.13036813E-03
0.11630000E-02    0.21521354E-06    0.83427627E-11    0.12581732E-03    0.13042649E-03
0.11640000E-02    0.21540651E-06    0.83536328E-11    0.12587194E-03    0.13048294E-03
0.11650000E-02    0.21559941E-06    0.83645144E-11    0.12592657E-03    0.13054040E-03
0.11660000E-02    0.21579187E-06    0.83753865E-11    0.12598111E-03    0.13059820E-03
0.11670000E-02    0.21598449E-06    0.83862718E-11    0.12603566E-03    0.13065498E-03
0.11680000E-02    0.21617802E-06    0.83972068E-11    0.12609042E-03    0.13071275E-03
0.11690000E-02    0.21637066E-06    0.84081125E-11    0.12614498E-03    0.13077069E-03
0.11700000E-02    0.21656224E-06    0.84189789E-11    0.12619930E-03    0.13082750E-03
0.11710000E-02    0.21675387E-06    0.84298473E-11    0.12625358E-03    0.13088587E-03
0.11720000E-02    0.21694611E-06    0.84407454E-11    0.12630796E-03    0.13094388E-03
0.11730000E-02    0.21713874E-06    0.84516627E-11    0.12636239E-03    0.13100092E-03
0.11740000E-02    0.21733089E-06    0.84625646E-11    0.12641670E-03    0.13105835E-03
0.11750000E-02    0.21752378E-06    0.84735022E-11    0.12647114E-03    0.13111620E-03
0.11760000E-02    0.21771657E-06    0.84844485E-11    0.12652558E-03    0.13117191E-03
0.11770000E-02    0.21790895E-06    0.84953745E-11    0.12657987E-03    0.13122918E-03
0.11780000E-02    0.21810192E-06    0.85063354E-11    0.12663428E-03    0.13128730E-03
0.11790000E-02    0.21829360E-06    0.85172667E-11    0.12668851E-03    0.13134407E-03
0.11800000E-02    0.21848559E-06    0.85282198E-11    0.12674279E-03    0.13139953E-03
0.11810000E-02    0.21867764E-06    0.85391842E-11    0.12679708E-03    0.13145759E-03
0.11820000E-02    0.21887035E-06    0.85501841E-11    0.12685150E-03    0.13151496E-03
0.11830000E-02    0.21906240E-06    0.85611554E-11    0.12690574E-03    0.13157295E-03
0.11840000E-02    0.21925437E-06    0.85721346E-11    0.12695996E-03    0.13163069E-03
0.11850000E-02    0.21944584E-06    0.85831045E-11    0.12701410E-03    0.13168647E-03
0.11860000E-02    0.21963792E-06    0.85941191E-11    0.12706841E-03    0.13174306E-03
0.11870000E-02    0.21983052E-06    0.86051630E-11    0.12712281E-03    0.13180095E-03
0.11880000E-02    0.22002216E-06    0.86161646E-11    0.12717697E-03    0.13185858E-03
0.11890000E-02    0.22021408E-06    0.86271784E-11    0.12723113E-03    0.13191466E-03
0.11900000E-02    0.22040561E-06    0.86381863E-11    0.12728522E-03    0.13197101E-03
0.11910000E-02    0.22059646E-06    0.86491693E-11    0.12733914E-03    0.13202747E-03
0.11920000E-02    0.22078728E-06    0.86601530E-11    0.12739303E-03    0.13208458E-03
0.11930000E-02    0.22097844E-06    0.86711552E-11    0.12744695E-03    0.13214094E-03
0.11940000E-02    0.22116951E-06    0.86821605E-11    0.12750085E-03    0.13219745E-03
0.11950000E-02    0.22136089E-06    0.86931804E-11    0.12755477E-03    0.13225450E-03
0.11960000E-02    0.22155303E-06    0.87042335E-11    0.12760880E-03    0.13231152E-03
0.11970000E-02    0.22174527E-06    0.87152909E-11    0.12766282E-03    0.13236868E-03
0.11980000E-02    0.22193772E-06    0.87263595E-11    0.12771684E-03    0.13242438E-03
0.11990000E-02    0.22213038E-06    0.87374376E-11    0.12777086E-03    0.13248028E-03
0.12000000E-02    0.22232266E-06    0.87485049E-11    0.12782479E-03    0.13253486E-03
0.12010000E-02    0.22251527E-06    0.87595926E-11    0.12787877E-03    0.13259249E-03
0.12020000E-02    0.22270760E-06    0.87706774E-11    0.12793268E-03    0.13264932E-03
0.12030000E-02    0.22289938E-06    0.87817426E-11    0.12798646E-03    0.13270496E-03
0.12040000E-02    0.22309174E-06    0.87928352E-11    0.12804033E-03    0.13276247E-03
0.12050000E-02    0.22328477E-06    0.88039560E-11    0.12809428E-03    0.13281922E-03
0.12060000E-02    0.22347773E-06    0.88150586E-11    0.12814811E-03    0.13287646E-03
0.12070000E-02    0.22367130E-06    0.88261805E-11    0.12820198E-03    0.13293202E-03
0.12080000E-02    0.22386596E-06    0.88373421E-11    0.12825600E-03    0.13298962E-03
0.12090000E-02    0.22406023E-06    0.88484915E-11    0.12830991E-03    0.13304539E-03
0.12100000E-02    0.22425483E-06    0.88596594E-11    0.12836387E-03    0.13310331E-03
0.12110000E-02    0.22444981E-06    0.88708582E-11    0.12841793E-03    0.13316044E-03
0.12120000E-02    0.22464430E-06    0.88820299E-11    0.12847182E-03    0.13321753E-03
0.12130000E-02    0.22483800E-06    0.88931601E-11    0.12852546E-03    0.13327449E-03
0.12140000E-02    0.22503186E-06    0.89043050E-11    0.12857913E-03    0.13332990E-03
0.12150000E-02    0.22522588E-06    0.89154572E-11    0.12863278E-03    0.13338765E-03
0.12160000E-02    0.22542050E-06    0.89266424E-11    0.12868656E-03    0.13344435E-03
0.12170000E-02    0.22561495E-06    0.89378258E-11    0.12874027E-03    0.13350043E-03
0.12180000E-02    0.22581011E-06    0.89490450E-11    0.12879412E-03    0.13355727E-03
0.12190000E-02    0.22600520E-06    0.89602758E-11    0.12884797E-03    0.13361456E-03
0.12200000E-02    0.22620028E-06    0.89715092E-11    0.12890180E-03    0.13367214E-03
0.12210000E-02    0.22639586E-06    0.89827633E-11    0.12895567E-03    0.13372876E-03
0.12220000E-02    0.22659131E-06    0.89940242E-11    0.12900954E-03    0.13378488E-03
0.12230000E-02    0.22678692E-06    0.90053072E-11    0.12906346E-03    0.13384043E-03
0.12240000E-02    0.22698158E-06    0.90165581E-11    0.12911719E-03    0.13389766E-03
0.12250000E-02    0.22717630E-06    0.90278169E-11    0.12917091E-03    0.13395435E-03
0.12260000E-02    0.22737182E-06    0.90391258E-11    0.12922482E-03    0.13400944E-03
0.12270000E-02    0.22756588E-06    0.90503654E-11    0.12927836E-03    0.13406638E-03
0.12280000E-02    0.22776010E-06    0.90616399E-11    0.12933202E-03    0.13412335E-03
0.12290000E-02    0.22795428E-06    0.90729254E-11    0.12938569E-03    0.13417961E-03
0.12300000E-02    0.22814864E-06    0.90842275E-11    0.12943939E-03    0.13423667E-03
0.12310000E-02    0.22834305E-06    0.90955391E-11    0.12949310E-03    0.13429246E-03
0.12320000E-02    0.22853744E-06    0.91068644E-11    0.12954682E-03    0.13434997E-03
0.12330000E-02    0.22873139E-06    0.91181667E-11    0.12960039E-03    0.13440644E-03
0.12340000E-02    0.22892511E-06    0.91294836E-11    0.12965398E-03    0.13446134E-03
0.12350000E-02    0.22911973E-06    0.91408596E-11    0.12970781E-03    0.13451792E-03
0.12360000E-02    0.22931446E-06    0.91522526E-11    0.12976168E-03    0.13457356E-03
0.12370000E-02    0.22950882E-06    0.91636323E-11    0.12981544E-03    0.13462916E-03
0.12380000E-02    0.22970255E-06    0.91749960E-11    0.12986908E-03    0.13468607E-03
0.12390000E-02    0.22989675E-06    0.91863890E-11    0.12992281E-03    0.13474247E-03
0.12400000E-02    0.23009102E-06    0.91977825E-11    0.12997650E-03    0.13479847E-03
0.12410000E-02    0.23028544E-06    0.92091766E-11    0.13003015E-03    0.13485551E-03
0.12420000E-02    0.23047962E-06    0.92205560E-11    0.13008369E-03    0.13491126E-03
0.12430000E-02    0.23067418E-06    0.92319486E-11    0.13013724E-03    0.13496758E-03
0.12440000E-02    0.23086977E-06    0.92433838E-11    0.13019095E-03    0.13502523E-03
0.12450000E-02    0.23106576E-06    0.92548320E-11    0.13024468E-03    0.13508084E-03
0.12460000E-02    0.23126095E-06    0.92662466E-11    0.13029820E-03    0.13513686E-03
0.12470000E-02    0.23145624E-06    0.92776643E-11    0.13035169E-03    0.13519347E-03
0.12480000E-02    0.23165119E-06    0.92890618E-11    0.13040505E-03    0.13524822E-03
0.12490000E-02    0.23184646E-06    0.93004782E-11    0.13045845E-03    0.13530295E-03
0.12500000E-02    0.23204145E-06    0.93118970E-11    0.13051182E-03    0.13535874E-03
0.12510000E-02    0.23223589E-06    0.93232893E-11    0.13056502E-03    0.13541504E-03
0.12520000E-02    0.23243094E-06    0.93347081E-11    0.13061830E-03    0.13547127E-03
0.12530000E-02    0.23262680E-06    0.93461599E-11    0.13067170E-03    0.13552824E-03
0.12540000E-02    0.23282302E-06    0.93576218E-11    0.13072509E-03    0.13558443E-03
0.12550000E-02    0.23301880E-06    0.93690546E-11    0.13077831E-03    0.13563984E-03
0.12560000E-02    0.23321453E-06    0.93804960E-11    0.13083152E-03    0.13569676E-03
0.12570000E-02    0.23341000E-06    0.93919362E-11    0.13088469E-03    0.13575173E-03
0.12580000E-02    0.23360587E-06    0.94033995E-11    0.13093792E-03    0.13580766E-03
0.12590000E-02    0.23380183E-06    0.94148674E-11    0.13099112E-03    0.13586479E-03
0.12600000E-02    0.23399895E-06    0.94263890E-11    0.13104454E-03    0.13592116E-03
0.12610000E-02    0.23419595E-06    0.94379148E-11    0.13109792E-03    0.13597672E-03
0.12620000E-02    0.23439270E-06    0.94494379E-11    0.13115126E-03    0.13603360E-03
0.12630000E-02    0.23458926E-06    0.94609611E-11    0.13120455E-03    0.13608933E-03
0.12640000E-02    0.23478571E-06    0.94724782E-11    0.13125776E-03    0.13614561E-03
0.12650000E-02    0.23498198E-06    0.94839970E-11    0.13131095E-03    0.13620128E-03
0.12660000E-02    0.23517892E-06    0.94955536E-11    0.13136426E-03    0.13625812E-03
0.12670000E-02    0.23537487E-06    0.95070623E-11    0.13141731E-03    0.13631422E-03
0.12680000E-02    0.23557146E-06    0.95186075E-11    0.13147049E-03    0.13636959E-03
0.12690000E-02    0.23576840E-06    0.95301702E-11    0.13152370E-03    0.13642549E-03
0.12700000E-02    0.23596459E-06    0.95417182E-11    0.13157680E-03    0.13647998E-03
0.12710000E-02    0.23616009E-06    0.95532475E-11    0.13162978E-03    0.13653630E-03
0.12720000E-02    0.23635558E-06    0.95647820E-11    0.13168273E-03    0.13659201E-03
0.12730000E-02    0.23655058E-06    0.95762906E-11    0.13173552E-03    0.13664851E-03
0.12740000E-02    0.23674592E-06    0.95878181E-11    0.13178836E-03    0.13670435E-03
0.12750000E-02    0.23694129E-06    0.95993616E-11    0.13184123E-03    0.13675941E-03
0.12760000E-02    0.23713682E-06    0.96109230E-11    0.13189414E-03    0.13681430E-03
0.12770000E-02    0.23733236E-06    0.96224958E-11    0.13194706E-03    0.13687076E-03
0.12780000E-02    0.23752800E-06    0.96340723E-11    0.13199995E-03    0.13692724E-03
0.12790000E-02    0.23772437E-06    0.96456802E-11    0.13205294E-03    0.13698324E-03
0.12800000E-02    0.23792107E-06    0.96572961E-11    0.13210593E-03    0.13703799E-03
0.12810000E-02    0.23811766E-06    0.96689237E-11    0.13215893E-03    0.13709291E-03
0.12820000E-02    0.23831355E-06    0.96805243E-11    0.13221176E-03    0.13714810E-03
0.12830000E-02    0.23851006E-06    0.96921624E-11    0.13226472E-03    0.13720507E-03
0.12840000E-02    0.23870637E-06    0.97037827E-11    0.13231756E-03    0.13726015E-03
0.12850000E-02    0.23890272E-06    0.97154187E-11    0.13237043E-03    0.13731481E-03
0.12860000E-02    0.23909854E-06    0.97270475E-11    0.13242322E-03    0.13737012E-03
0.12870000E-02    0.23929499E-06    0.97387137E-11    0.13247614E-03    0.13742587E-03
0.12880000E-02    0.23949089E-06    0.97503495E-11    0.13252888E-03    0.13748118E-03
0.12890000E-02    0.23968718E-06    0.97620108E-11    0.13258169E-03    0.13753639E-03
0.12900000E-02    0.23988343E-06    0.97736652E-11    0.13263443E-03    0.13759266E-03
0.12910000E-02    0.24007979E-06    0.97853372E-11    0.13268721E-03    0.13764745E-03
0.12920000E-02    0.24027624E-06    0.97970299E-11    0.13274004E-03    0.13770285E-03
0.12930000E-02    0.24047337E-06    0.98087623E-11    0.13279301E-03    0.13775904E-03
0.12940000E-02    0.24066969E-06    0.98204575E-11    0.13284576E-03    0.13781467E-03
0.12950000E-02    0.24086657E-06    0.98321866E-11    0.13289863E-03    0.13786958E-03
0.12960000E-02    0.24106308E-06    0.98438947E-11    0.13295136E-03    0.13792491E-03
0.12970000E-02    0.24125900E-06    0.98555861E-11    0.13300397E-03    0.13797979E-03
0.12980000E-02    0.24145491E-06    0.98672861E-11    0.13305658E-03    0.13803649E-03
0.12990000E-02    0.24165045E-06    0.98789628E-11    0.13310905E-03    0.13809142E-03
0.13000000E-02    0.24184646E-06    0.98906708E-11    0.13316161E-03    0.13814439E-03
0.13010000E-02    0.24204279E-06    0.99023935E-11    0.13321420E-03    0.13820059E-03
0.13020000E-02    0.24224002E-06    0.99141528E-11    0.13326691E-03    0.13825561E-03
0.13030000E-02    0.24243750E-06    0.99259113E-11    0.13331958E-03    0.13831064E-03
0.13040000E-02    0.24263499E-06    0.99376651E-11    0.13337218E-03    0.13836581E-03
0.13050000E-02    0.24283265E-06    0.99494228E-11    0.13342476E-03    0.13842044E-03
0.13060000E-02    0.24303058E-06    0.99611798E-11    0.13347729E-03    0.13847497E-03
0.13070000E-02    0.24322838E-06    0.99729521E-11    0.13352985E-03    0.13853084E-03
0.13080000E-02    0.24342668E-06    0.99847570E-11    0.13358252E-03    0.13858530E-03
0.13090000E-02    0.24362457E-06    0.99965539E-11    0.13363511E-03    0.13864146E-03
0.13100000E-02    0.24382237E-06    0.10008350E-10    0.13368765E-03    0.13869723E-03
0.13110000E-02    0.24402042E-06    0.10020150E-10    0.13374017E-03    0.13875237E-03
0.13120000E-02    0.24421877E-06    0.10031965E-10    0.13379271E-03    0.13880692E-03
0.13130000E-02    0.24441718E-06    0.10043778E-10    0.13384521E-03    0.13886180E-03
0.13140000E-02    0.24461636E-06    0.10055628E-10    0.13389783E-03    0.13891803E-03
0.13150000E-02    0.24481606E-06    0.10067507E-10    0.13395053E-03    0.13897390E-03
0.13160000E-02    0.24501560E-06    0.10079379E-10    0.13400316E-03    0.13902993E-03
0.13170000E-02    0.24521569E-06    0.10091277E-10    0.13405587E-03    0.13908719E-03
0.13180000E-02    0.24541544E-06    0.10103164E-10    0.13410849E-03    0.13914197E-03
0.13190000E-02    0.24561405E-06    0.10115022E-10    0.13416093E-03    0.13919581E-03
0.13200000E-02    0.24581213E-06    0.10126876E-10    0.13421332E-03    0.13925031E-03
0.13210000E-02    0.24601058E-06    0.10138751E-10    0.13426576E-03    0.13930702E-03
0.13220000E-02    0.24620958E-06    0.10150653E-10    0.13431828E-03    0.13936199E-03
0.13230000E-02    0.24640903E-06    0.10162588E-10    0.13437090E-03    0.13941732E-03
0.13240000E-02    0.24660818E-06    0.10174516E-10    0.13442345E-03    0.13947434E-03
0.13250000E-02    0.24680750E-06    0.10186455E-10    0.13447601E-03    0.13952882E-03
0.13260000E-02    0.24700680E-06    0.10198410E-10    0.13452860E-03    0.13958351E-03
0.13270000E-02    0.24720625E-06    0.10210378E-10    0.13458120E-03    0.13963974E-03
0.13280000E-02    0.24740643E-06    0.10222387E-10    0.13463395E-03    0.13969400E-03
0.13290000E-02    0.24760516E-06    0.10234317E-10    0.13468630E-03    0.13974893E-03
0.13300000E-02    0.24780430E-06    0.10246293E-10    0.13473882E-03    0.13980224E-03
0.13310000E-02    0.24800312E-06    0.10258269E-10    0.13479129E-03    0.13985711E-03
0.13320000E-02    0.24820193E-06    0.10270244E-10    0.13484372E-03    0.13991304E-03
0.13330000E-02    0.24840057E-06    0.10282216E-10    0.13489609E-03    0.13996775E-03
0.13340000E-02    0.24844664E-06    0.10294208E-10    0.13494851E-03    0.14002981E-03
0.13350000E-02    0.24879777E-06    0.10306190E-10    0.13500085E-03    0.14007763E-03
0.13360000E-02    0.24899614E-06    0.10318195E-10    0.13505325E-03    0.14013307E-03
0.13370000E-02    0.24919470E-06    0.10330218E-10    0.13510569E-03    0.14018825E-03
0.13380000E-02    0.24939302E-06    0.10342239E-10    0.13515807E-03    0.14024339E-03
0.13390000E-02    0.24959118E-06    0.10354254E-10    0.13521039E-03    0.14029745E-03
0.13400000E-02    0.24978889E-06    0.10366243E-10    0.13526255E-03    0.14035256E-03
0.13410000E-02    0.24998689E-06    0.10378266E-10    0.13531483E-03    0.14040637E-03
0.13420000E-02    0.25018490E-06    0.10390305E-10    0.13536713E-03    0.14045935E-03
0.13430000E-02    0.25038248E-06    0.10402324E-10    0.13541931E-03    0.14051424E-03
0.13440000E-02    0.25058035E-06    0.10414360E-10    0.13547152E-03    0.14056879E-03
0.13450000E-02    0.25077810E-06    0.10426395E-10    0.13552368E-03    0.14062433E-03
0.13460000E-02    0.25097610E-06    0.10438441E-10    0.13557585E-03    0.14067984E-03
0.13470000E-02    0.25117493E-06    0.10450516E-10    0.13562811E-03    0.14073455E-03
0.13480000E-02    0.25137374E-06    0.10462572E-10    0.13568024E-03    0.14078898E-03
0.13490000E-02    0.25157296E-06    0.10474639E-10    0.13573239E-03    0.14084303E-03
0.13500000E-02    0.25177252E-06    0.10486713E-10    0.13578452E-03    0.14089904E-03
0.13510000E-02    0.25197272E-06    0.10498800E-10    0.13583667E-03    0.14095381E-03
0.13520000E-02    0.25217342E-06    0.10510894E-10    0.13588880E-03    0.14100766E-03
0.13530000E-02    0.25237346E-06    0.10522960E-10    0.13594078E-03    0.14106331E-03
0.13540000E-02    0.25257442E-06    0.10535053E-10    0.13599284E-03    0.14111800E-03
0.13550000E-02    0.25277540E-06    0.10547142E-10    0.13604484E-03    0.14117185E-03
0.13560000E-02    0.25297620E-06    0.10559231E-10    0.13609679E-03    0.14122544E-03
0.13570000E-02    0.25317660E-06    0.10571314E-10    0.13614869E-03    0.14128046E-03
0.13580000E-02    0.25337722E-06    0.10583415E-10    0.13620062E-03    0.14133574E-03
0.13590000E-02    0.25357832E-06    0.10595551E-10    0.13625266E-03    0.14139043E-03
0.13600000E-02    0.25377897E-06    0.10607673E-10    0.13630460E-03    0.14144613E-03
0.13610000E-02    0.25397952E-06    0.10619795E-10    0.13635650E-03    0.14150143E-03
0.13620000E-02    0.25417998E-06    0.10631917E-10    0.13640836E-03    0.14155551E-03
0.13630000E-02    0.25438047E-06    0.10644061E-10    0.13646028E-03    0.14160905E-03
0.13640000E-02    0.25458041E-06    0.10656198E-10    0.13651213E-03    0.14166387E-03
0.13650000E-02    0.25478093E-06    0.10668372E-10    0.13656409E-03    0.14171948E-03
0.13660000E-02    0.25498156E-06    0.10680561E-10    0.13661608E-03    0.14177305E-03
0.13670000E-02    0.25518195E-06    0.10692739E-10    0.13666798E-03    0.14182783E-03
0.13680000E-02    0.25538189E-06    0.10704889E-10    0.13671973E-03    0.14188309E-03
0.13690000E-02    0.25558181E-06    0.10717049E-10    0.13677147E-03    0.14193764E-03
0.13700000E-02    0.25578189E-06    0.10729228E-10    0.13682327E-03    0.14199191E-03
0.13710000E-02    0.25598244E-06    0.10741432E-10    0.13687512E-03    0.14204643E-03
0.13720000E-02    0.25618274E-06    0.10753634E-10    0.13692693E-03    0.14210194E-03
0.13730000E-02    0.25638315E-06    0.10765839E-10    0.13697872E-03    0.14215626E-03
0.13740000E-02    0.25658367E-06    0.10778053E-10    0.13703050E-03    0.14220939E-03
0.13750000E-02    0.25678426E-06    0.10790285E-10    0.13708231E-03    0.14226336E-03
0.13760000E-02    0.25698471E-06    0.10802507E-10    0.13713406E-03    0.14231826E-03
0.13770000E-02    0.25718441E-06    0.10814708E-10    0.13718566E-03    0.14237147E-03
0.13780000E-02    0.25738404E-06    0.10826927E-10    0.13723731E-03    0.14242560E-03
0.13790000E-02    0.25758290E-06    0.10839111E-10    0.13728877E-03    0.14247994E-03
0.13800000E-02    0.25778195E-06    0.10851310E-10    0.13734026E-03    0.14253494E-03
0.13810000E-02    0.25798150E-06    0.10863536E-10    0.13739182E-03    0.14258960E-03
0.13820000E-02    0.25818100E-06    0.10875763E-10    0.13744334E-03    0.14264238E-03
0.13830000E-02    0.25838081E-06    0.10888018E-10    0.13749495E-03    0.14269756E-03
0.13840000E-02    0.25858029E-06    0.10900266E-10    0.13754648E-03    0.14275120E-03
0.13850000E-02    0.25878012E-06    0.10912531E-10    0.13759805E-03    0.14280423E-03
0.13860000E-02    0.25898040E-06    0.10924812E-10    0.13764965E-03    0.14285909E-03
0.13870000E-02    0.25918048E-06    0.10937070E-10    0.13770112E-03    0.14291307E-03
0.13880000E-02    0.25938101E-06    0.10949360E-10    0.13775268E-03    0.14296589E-03
0.13890000E-02    0.25958182E-06    0.10961672E-10    0.13780429E-03    0.14302074E-03
0.13900000E-02    0.25978213E-06    0.10973952E-10    0.13785573E-03    0.14307471E-03
0.13910000E-02    0.25998223E-06    0.10986223E-10    0.13790709E-03    0.14312829E-03
0.13920000E-02    0.26018247E-06    0.10998508E-10    0.13795848E-03    0.14318200E-03
0.13930000E-02    0.26038300E-06    0.11010819E-10    0.13800993E-03    0.14323651E-03
0.13940000E-02    0.26058372E-06    0.11023153E-10    0.13806144E-03    0.14329097E-03
0.13950000E-02    0.26078416E-06    0.11035470E-10    0.13811285E-03    0.14334378E-03
0.13960000E-02    0.26098503E-06    0.11047817E-10    0.13816434E-03    0.14339805E-03
0.13970000E-02    0.26118629E-06    0.11060184E-10    0.13821587E-03    0.14345184E-03
0.13980000E-02    0.26138763E-06    0.11072556E-10    0.13826739E-03    0.14350568E-03
0.13990000E-02    0.26158888E-06    0.11084940E-10    0.13831892E-03    0.14356073E-03
0.14000000E-02    0.26179076E-06    0.11097355E-10    0.13837054E-03    0.14361522E-03
0.14010000E-02    0.26199241E-06    0.11109748E-10    0.13842202E-03    0.14366855E-03
0.14020000E-02    0.26219371E-06    0.11122126E-10    0.13847341E-03    0.14372187E-03
0.14030000E-02    0.26239524E-06    0.11134512E-10    0.13852480E-03    0.14377667E-03
0.14040000E-02    0.26259706E-06    0.11146905E-10    0.13857617E-03    0.14383021E-03
0.14050000E-02    0.26279864E-06    0.11159289E-10    0.13862747E-03    0.14388578E-03
0.14060000E-02    0.26299971E-06    0.11171652E-10    0.13867865E-03    0.14393873E-03
0.14070000E-02    0.26320118E-06    0.11184047E-10    0.13872992E-03    0.14399171E-03
0.14080000E-02    0.26340273E-06    0.11196447E-10    0.13878117E-03    0.14404603E-03
0.14090000E-02    0.26360481E-06    0.11208873E-10    0.13883249E-03    0.14410015E-03
0.14100000E-02    0.26380784E-06    0.11221345E-10    0.13888396E-03    0.14415282E-03
0.14110000E-02    0.26401061E-06    0.11233795E-10    0.13893531E-03    0.14420723E-03
0.14120000E-02    0.26421284E-06    0.11246221E-10    0.13898652E-03    0.14426164E-03
0.14130000E-02    0.26441584E-06    0.11258680E-10    0.13903782E-03    0.14431538E-03
0.14140000E-02    0.26461904E-06    0.11271160E-10    0.13908918E-03    0.14436880E-03
0.14150000E-02    0.26482168E-06    0.11283622E-10    0.13914042E-03    0.14442242E-03
0.14160000E-02    0.26502446E-06    0.11296103E-10    0.13919170E-03    0.14447676E-03
0.14170000E-02    0.26522733E-06    0.11308597E-10    0.13924300E-03    0.14453176E-03
0.14180000E-02    0.26543036E-06    0.11321110E-10    0.13929434E-03    0.14458549E-03
0.14190000E-02    0.26563341E-06    0.11333629E-10    0.13934566E-03    0.14463850E-03
0.14200000E-02    0.26583647E-06    0.11346156E-10    0.13939699E-03    0.14469267E-03
0.14210000E-02    0.26603937E-06    0.11358675E-10    0.13944824E-03    0.14474665E-03
0.14220000E-02    0.26624282E-06    0.11371225E-10    0.13949957E-03    0.14480177E-03
0.14230000E-02    0.26644671E-06    0.11383804E-10    0.13955099E-03    0.14485631E-03
0.14240000E-02    0.26664989E-06    0.11396356E-10    0.13960226E-03    0.14490933E-03
0.14250000E-02    0.26685376E-06    0.11408944E-10    0.13965364E-03    0.14496341E-03
0.14260000E-02    0.26705650E-06    0.11421498E-10    0.13970485E-03    0.14501567E-03
0.14270000E-02    0.26725821E-06    0.11434024E-10    0.13975591E-03    0.14507043E-03
0.14280000E-02    0.26746058E-06    0.11446588E-10    0.13980707E-03    0.14512491E-03
0.14290000E-02    0.26766360E-06    0.11459183E-10    0.13985833E-03    0.14517965E-03
0.14300000E-02    0.26786726E-06    0.11471809E-10    0.13990968E-03    0.14523302E-03
0.14310000E-02    0.26807079E-06    0.11484429E-10    0.13996096E-03    0.14528732E-03
0.14320000E-02    0.26827377E-06    0.11497024E-10    0.14001211E-03    0.14533993E-03
0.14330000E-02    0.26847705E-06    0.11509644E-10    0.14006332E-03    0.14539360E-03
0.14340000E-02    0.26867995E-06    0.11522262E-10    0.14011449E-03    0.14544837E-03
0.14350000E-02    0.26876979E-06    0.11534905E-10    0.14016572E-03    0.14550505E-03
0.14360000E-02    0.26908671E-06    0.11547550E-10    0.14021692E-03    0.14555332E-03
0.14370000E-02    0.26928931E-06    0.11560176E-10    0.14026800E-03    0.14560628E-03
0.14380000E-02    0.26949157E-06    0.11572808E-10    0.14031907E-03    0.14565977E-03
0.14390000E-02    0.26969446E-06    0.11585478E-10    0.14037026E-03    0.14571364E-03
0.14400000E-02    0.26989743E-06    0.11598148E-10    0.14042142E-03    0.14576751E-03
0.14410000E-02    0.27010054E-06    0.11610822E-10    0.14047254E-03    0.14582156E-03
0.14420000E-02    0.27030323E-06    0.11623468E-10    0.14052352E-03    0.14587494E-03
0.14430000E-02    0.27050548E-06    0.11636113E-10    0.14057447E-03    0.14592764E-03
0.14440000E-02    0.27070799E-06    0.11648779E-10    0.14062545E-03    0.14598116E-03
0.14450000E-02    0.27091051E-06    0.11661451E-10    0.14067643E-03    0.14603504E-03
0.14460000E-02    0.27111307E-06    0.11674116E-10    0.14072734E-03    0.14608817E-03
0.14470000E-02    0.27131543E-06    0.11686769E-10    0.14077816E-03    0.14614016E-03
0.14480000E-02    0.27151765E-06    0.11699424E-10    0.14082895E-03    0.14619276E-03
0.14490000E-02    0.27171996E-06    0.11712093E-10    0.14087977E-03    0.14624638E-03
0.14500000E-02    0.27192259E-06    0.11724776E-10    0.14093060E-03    0.14629908E-03
0.14510000E-02    0.27212554E-06    0.11737470E-10    0.14098145E-03    0.14635261E-03
0.14520000E-02    0.27232831E-06    0.11750148E-10    0.14103219E-03    0.14640701E-03
0.14530000E-02    0.27253179E-06    0.11762849E-10    0.14108299E-03    0.14646094E-03
0.14540000E-02    0.27273583E-06    0.11775569E-10    0.14113382E-03    0.14651380E-03
0.14550000E-02    0.27293995E-06    0.11788284E-10    0.14118460E-03    0.14656698E-03
0.14560000E-02    0.27314439E-06    0.11801006E-10    0.14123537E-03    0.14662113E-03
0.14570000E-02    0.27334941E-06    0.11813750E-10    0.14128619E-03    0.14667459E-03
0.14580000E-02    0.27355440E-06    0.11826473E-10    0.14133689E-03    0.14672801E-03
0.14590000E-02    0.27375991E-06    0.11839215E-10    0.14138763E-03    0.14678090E-03
0.14600000E-02    0.27396574E-06    0.11851974E-10    0.14143841E-03    0.14683466E-03
0.14610000E-02    0.27417159E-06    0.11864749E-10    0.14148921E-03    0.14688924E-03
0.14620000E-02    0.27437737E-06    0.11877515E-10    0.14153993E-03    0.14694263E-03
0.14630000E-02    0.27458261E-06    0.11890272E-10    0.14159059E-03    0.14699359E-03
0.14640000E-02    0.27478796E-06    0.11903049E-10    0.14164129E-03    0.14704800E-03
0.14650000E-02    0.27499270E-06    0.11915809E-10    0.14169189E-03    0.14710094E-03
0.14660000E-02    0.27519703E-06    0.11928565E-10    0.14174243E-03    0.14715380E-03
0.14670000E-02    0.27540153E-06    0.11941340E-10    0.14179301E-03    0.14720795E-03
0.14680000E-02    0.27560624E-06    0.11954134E-10    0.14184363E-03    0.14726062E-03
0.14690000E-02    0.27581038E-06    0.11966899E-10    0.14189410E-03    0.14731415E-03
0.14700000E-02    0.27601467E-06    0.11979672E-10    0.14194457E-03    0.14736714E-03
0.14710000E-02    0.27621910E-06    0.11992475E-10    0.14199511E-03    0.14741973E-03
0.14720000E-02    0.27642345E-06    0.12005295E-10    0.14204569E-03    0.14747351E-03
0.14730000E-02    0.27662726E-06    0.12018087E-10    0.14209613E-03    0.14752729E-03
0.14740000E-02    0.27683172E-06    0.12030924E-10    0.14214670E-03    0.14757972E-03
0.14750000E-02    0.27703562E-06    0.12043728E-10    0.14219711E-03    0.14763353E-03
0.14760000E-02    0.27723932E-06    0.12056526E-10    0.14224746E-03    0.14768551E-03
0.14770000E-02    0.27744323E-06    0.12069355E-10    0.14229790E-03    0.14773892E-03
0.14780000E-02    0.27764702E-06    0.12082183E-10    0.14234829E-03    0.14779057E-03
0.14790000E-02    0.27785115E-06    0.12095038E-10    0.14239876E-03    0.14784493E-03
0.14800000E-02    0.27805555E-06    0.12107902E-10    0.14244923E-03    0.14789681E-03
0.14810000E-02    0.27825962E-06    0.12120758E-10    0.14249963E-03    0.14794990E-03
0.14820000E-02    0.27846356E-06    0.12133605E-10    0.14254996E-03    0.14800329E-03
0.14830000E-02    0.27866757E-06    0.12146464E-10    0.14260029E-03    0.14805575E-03
0.14840000E-02    0.27887139E-06    0.12159315E-10    0.14265057E-03    0.14810689E-03
0.14850000E-02    0.27907490E-06    0.12172163E-10    0.14270079E-03    0.14815903E-03
0.14860000E-02    0.27927801E-06    0.12185005E-10    0.14275096E-03    0.14821167E-03
0.14870000E-02    0.27948094E-06    0.12197839E-10    0.14280106E-03    0.14826560E-03
0.14880000E-02    0.27968406E-06    0.12210681E-10    0.14285116E-03    0.14831843E-03
0.14890000E-02    0.27988721E-06    0.12223529E-10    0.14290124E-03    0.14837167E-03
0.14900000E-02    0.28009080E-06    0.12236404E-10    0.14295140E-03    0.14842413E-03
0.14910000E-02    0.28029470E-06    0.12249303E-10    0.14300161E-03    0.14847655E-03
0.14920000E-02    0.28049840E-06    0.12262192E-10    0.14305175E-03    0.14852787E-03
0.14930000E-02    0.28070211E-06    0.12275076E-10    0.14310183E-03    0.14858054E-03
0.14940000E-02    0.28090631E-06    0.12287980E-10    0.14315196E-03    0.14863334E-03
0.14950000E-02    0.28111070E-06    0.12300890E-10    0.14320207E-03    0.14868489E-03
0.14960000E-02    0.28131549E-06    0.12313827E-10    0.14325226E-03    0.14873721E-03
0.14970000E-02    0.28151992E-06    0.12326739E-10    0.14330231E-03    0.14879013E-03
0.14980000E-02    0.28172463E-06    0.12339664E-10    0.14335238E-03    0.14884277E-03
0.14990000E-02    0.28192927E-06    0.12352586E-10    0.14340240E-03    0.14889559E-03
0.15000000E-02    0.28213413E-06    0.12365518E-10    0.14345243E-03    0.14894808E-03
0.15010000E-02    0.28233921E-06    0.12378462E-10    0.14350246E-03    0.14900045E-03
0.15020000E-02    0.28254474E-06    0.12391440E-10    0.14355260E-03    0.14905239E-03
0.15030000E-02    0.28274997E-06    0.12404403E-10    0.14360264E-03    0.14910415E-03
0.15040000E-02    0.28295564E-06    0.12417385E-10    0.14365272E-03    0.14915750E-03
0.15050000E-02    0.28316185E-06    0.12430384E-10    0.14370283E-03    0.14921125E-03
0.15060000E-02    0.28336840E-06    0.12443388E-10    0.14375292E-03    0.14926449E-03
0.15070000E-02    0.28357449E-06    0.12456395E-10    0.14380299E-03    0.14931654E-03
0.15080000E-02    0.28378098E-06    0.12469429E-10    0.14385313E-03    0.14936843E-03
0.15090000E-02    0.28398736E-06    0.12482451E-10    0.14390319E-03    0.14942216E-03
0.15100000E-02    0.28419378E-06    0.12495484E-10    0.14395326E-03    0.14947474E-03
0.15110000E-02    0.28439990E-06    0.12508501E-10    0.14400323E-03    0.14952741E-03
0.15120000E-02    0.28460571E-06    0.12521494E-10    0.14405307E-03    0.14957977E-03
0.15130000E-02    0.28481157E-06    0.12534498E-10    0.14410292E-03    0.14963255E-03
0.15140000E-02    0.28501752E-06    0.12547512E-10    0.14415277E-03    0.14968399E-03
0.15150000E-02    0.28522336E-06    0.12560536E-10    0.14420263E-03    0.14973558E-03
0.15160000E-02    0.28542940E-06    0.12573569E-10    0.14425249E-03    0.14978952E-03
0.15170000E-02    0.28563555E-06    0.12586605E-10    0.14430233E-03    0.14984247E-03
0.15180000E-02    0.28584219E-06    0.12599673E-10    0.14435225E-03    0.14989453E-03
0.15190000E-02    0.28604905E-06    0.12612754E-10    0.14440219E-03    0.14994629E-03
0.15200000E-02    0.28625557E-06    0.12625822E-10    0.14445204E-03    0.14999873E-03
0.15210000E-02    0.28646200E-06    0.12638890E-10    0.14450186E-03    0.15005109E-03
0.15220000E-02    0.28666875E-06    0.12651986E-10    0.14455175E-03    0.15010337E-03
0.15230000E-02    0.28687472E-06    0.12665063E-10    0.14460154E-03    0.15015451E-03
0.15240000E-02    0.28708106E-06    0.12678168E-10    0.14465140E-03    0.15020773E-03
0.15250000E-02    0.28728752E-06    0.12691295E-10    0.14470130E-03    0.15026073E-03
0.15260000E-02    0.28749363E-06    0.12704409E-10    0.14475112E-03    0.15031333E-03
0.15270000E-02    0.28769984E-06    0.12717538E-10    0.14480097E-03    0.15036432E-03
0.15280000E-02    0.28790588E-06    0.12730659E-10    0.14485075E-03    0.15041741E-03
0.15290000E-02    0.28811224E-06    0.12743798E-10    0.14490057E-03    0.15047046E-03
0.15300000E-02    0.28831928E-06    0.12756968E-10    0.14495047E-03    0.15052264E-03
0.15310000E-02    0.28852598E-06    0.12770128E-10    0.14500029E-03    0.15057437E-03
0.15320000E-02    0.28873288E-06    0.12783305E-10    0.14505015E-03    0.15062847E-03
0.15330000E-02    0.28894015E-06    0.12796506E-10    0.14510006E-03    0.15067871E-03
0.15340000E-02    0.28914606E-06    0.12809651E-10    0.14514973E-03    0.15073057E-03
0.15350000E-02    0.28935085E-06    0.12822761E-10    0.14519923E-03    0.15078318E-03
0.15360000E-02    0.28955607E-06    0.12835900E-10    0.14524881E-03    0.15083485E-03
0.15370000E-02    0.28976212E-06    0.12849082E-10    0.14529851E-03    0.15088831E-03
0.15380000E-02    0.28996881E-06    0.12862296E-10    0.14534830E-03    0.15094057E-03
0.15390000E-02    0.29017570E-06    0.12875516E-10    0.14539808E-03    0.15099197E-03
0.15400000E-02    0.29038244E-06    0.12888736E-10    0.14544783E-03    0.15104392E-03
0.15410000E-02    0.29058903E-06    0.12901950E-10    0.14549752E-03    0.15109622E-03
0.15420000E-02    0.29079548E-06    0.12915161E-10    0.14554716E-03    0.15114838E-03
0.15430000E-02    0.29100221E-06    0.12928391E-10    0.14559684E-03    0.15120011E-03
0.15440000E-02    0.29112395E-06    0.12941611E-10    0.14564645E-03    0.15125380E-03
0.15450000E-02    0.29141436E-06    0.12954803E-10    0.14569592E-03    0.15130093E-03
0.15460000E-02    0.29162024E-06    0.12968020E-10    0.14574546E-03    0.15135381E-03
0.15470000E-02    0.29182616E-06    0.12981231E-10    0.14579493E-03    0.15140666E-03
0.15480000E-02    0.29203222E-06    0.12994442E-10    0.14584437E-03    0.15145793E-03
0.15490000E-02    0.29223845E-06    0.13007650E-10    0.14589377E-03    0.15150996E-03
0.15500000E-02    0.29244498E-06    0.13020865E-10    0.14594316E-03    0.15156215E-03
0.15510000E-02    0.29265151E-06    0.13034088E-10    0.14599254E-03    0.15161450E-03
0.15520000E-02    0.29285739E-06    0.13047279E-10    0.14604178E-03    0.15166575E-03
0.15530000E-02    0.29306388E-06    0.13060498E-10    0.14609108E-03    0.15171760E-03
0.15540000E-02    0.29327084E-06    0.13073737E-10    0.14614043E-03    0.15176984E-03
0.15550000E-02    0.29347838E-06    0.13086987E-10    0.14618978E-03    0.15182009E-03
0.15560000E-02    0.29368541E-06    0.13100219E-10    0.14623903E-03    0.15187119E-03
0.15570000E-02    0.29389228E-06    0.13113449E-10    0.14628825E-03    0.15192325E-03
0.15580000E-02    0.29409901E-06    0.13126668E-10    0.14633739E-03    0.15197446E-03
0.15590000E-02    0.29430639E-06    0.13139926E-10    0.14638664E-03    0.15202685E-03
0.15600000E-02    0.29451415E-06    0.13153203E-10    0.14643592E-03    0.15207987E-03
0.15610000E-02    0.29472165E-06    0.13166467E-10    0.14648513E-03    0.15213189E-03
0.15620000E-02    0.29492910E-06    0.13179731E-10    0.14653430E-03    0.15218327E-03
0.15630000E-02    0.29513690E-06    0.13193014E-10    0.14658352E-03    0.15223513E-03
0.15640000E-02    0.29534411E-06    0.13206262E-10    0.14663257E-03    0.15228730E-03
0.15650000E-02    0.29555189E-06    0.13219546E-10    0.14668171E-03    0.15233930E-03
0.15660000E-02    0.29576037E-06    0.13232861E-10    0.14673095E-03    0.15239143E-03
0.15670000E-02    0.29596914E-06    0.13246186E-10    0.14678018E-03    0.15244259E-03
0.15680000E-02    0.29617772E-06    0.13259495E-10    0.14682932E-03    0.15249468E-03
0.15690000E-02    0.29638643E-06    0.13272823E-10    0.14687850E-03    0.15254709E-03
0.15700000E-02    0.29659529E-06    0.13286155E-10    0.14692766E-03    0.15259840E-03
0.15710000E-02    0.29680355E-06    0.13299458E-10    0.14697668E-03    0.15264758E-03
0.15720000E-02    0.29701110E-06    0.13312745E-10    0.14702562E-03    0.15269837E-03
0.15730000E-02    0.29721875E-06    0.13326044E-10    0.14707456E-03    0.15275113E-03
0.15740000E-02    0.29742603E-06    0.13339341E-10    0.14712346E-03    0.15280327E-03
0.15750000E-02    0.29763298E-06    0.13352628E-10    0.14717229E-03    0.15285434E-03
0.15760000E-02    0.29784046E-06    0.13365962E-10    0.14722126E-03    0.15290606E-03
0.15770000E-02    0.29804707E-06    0.13379254E-10    0.14727005E-03    0.15295728E-03
0.15780000E-02    0.29825414E-06    0.13392581E-10    0.14731893E-03    0.15300885E-03
0.15790000E-02    0.29846119E-06    0.13405915E-10    0.14736781E-03    0.15305998E-03
0.15800000E-02    0.29866754E-06    0.13419235E-10    0.14741660E-03    0.15311226E-03
0.15810000E-02    0.29887366E-06    0.13432544E-10    0.14746532E-03    0.15316432E-03
0.15820000E-02    0.29908004E-06    0.13445876E-10    0.14751409E-03    0.15321495E-03
0.15830000E-02    0.29928654E-06    0.13459217E-10    0.14756286E-03    0.15326669E-03
0.15840000E-02    0.29949238E-06    0.13472521E-10    0.14761147E-03    0.15331459E-03
0.15850000E-02    0.29969840E-06    0.13485844E-10    0.14766011E-03    0.15336676E-03
0.15860000E-02    0.29990451E-06    0.13499181E-10    0.14770877E-03    0.15341892E-03
0.15870000E-02    0.30011071E-06    0.13512528E-10    0.14775743E-03    0.15347037E-03
0.15880000E-02    0.30031707E-06    0.13525877E-10    0.14780607E-03    0.15352039E-03
0.15890000E-02    0.30052330E-06    0.13539225E-10    0.14785468E-03    0.15357022E-03
0.15900000E-02    0.30072960E-06    0.13552574E-10    0.14790325E-03    0.15362112E-03
0.15910000E-02    0.30093578E-06    0.13565916E-10    0.14795177E-03    0.15367338E-03
0.15920000E-02    0.30114228E-06    0.13579276E-10    0.14800032E-03    0.15372337E-03
0.15930000E-02    0.30134865E-06    0.13592640E-10    0.14804886E-03    0.15377527E-03
0.15940000E-02    0.30155447E-06    0.13605978E-10    0.14809727E-03    0.15382431E-03
0.15950000E-02    0.30175958E-06    0.13619284E-10    0.14814553E-03    0.15387510E-03
0.15960000E-02    0.30196489E-06    0.13632597E-10    0.14819379E-03    0.15392625E-03
0.15970000E-02    0.30217081E-06    0.13645947E-10    0.14824215E-03    0.15397740E-03
0.15980000E-02    0.30237656E-06    0.13659285E-10    0.14829043E-03    0.15402761E-03
0.15990000E-02    0.30258279E-06    0.13672653E-10    0.14833879E-03    0.15407903E-03
0.16000000E-02    0.30278902E-06    0.13686026E-10    0.14838714E-03    0.15413023E-03
0.16010000E-02    0.30299553E-06    0.13699410E-10    0.14843549E-03    0.15418044E-03
0.16020000E-02    0.30320227E-06    0.13712798E-10    0.14848383E-03    0.15423137E-03
0.16030000E-02    0.30340915E-06    0.13726183E-10    0.14853212E-03    0.15428166E-03
0.16040000E-02    0.30361607E-06    0.13739558E-10    0.14858035E-03    0.15433179E-03
0.16050000E-02    0.30382347E-06    0.13752953E-10    0.14862862E-03    0.15438299E-03
0.16060000E-02    0.30403001E-06    0.13766296E-10    0.14867667E-03    0.15443271E-03
0.16070000E-02    0.30423731E-06    0.13779666E-10    0.14872479E-03    0.15448439E-03
0.16080000E-02    0.30444430E-06    0.13793006E-10    0.14877277E-03    0.15453494E-03
0.16090000E-02    0.30465152E-06    0.13806359E-10    0.14882076E-03    0.15458379E-03
0.16100000E-02    0.30485923E-06    0.13819745E-10    0.14886884E-03    0.15463405E-03
0.16110000E-02    0.30506690E-06    0.13833147E-10    0.14891695E-03    0.15468539E-03
0.16120000E-02    0.30527412E-06    0.13846525E-10    0.14896494E-03    0.15473565E-03
0.16130000E-02    0.30548150E-06    0.13859910E-10    0.14901292E-03    0.15478698E-03
0.16140000E-02    0.30568959E-06    0.13873328E-10    0.14906099E-03    0.15483907E-03
0.16150000E-02    0.30589748E-06    0.13886736E-10    0.14910900E-03    0.15488887E-03
0.16160000E-02    0.30610548E-06    0.13900170E-10    0.14915707E-03    0.15493904E-03
0.16170000E-02    0.30631321E-06    0.13913584E-10    0.14920503E-03    0.15499069E-03
0.16180000E-02    0.30652103E-06    0.13927001E-10    0.14925298E-03    0.15504115E-03
0.16190000E-02    0.30672882E-06    0.13940429E-10    0.14930093E-03    0.15509141E-03
0.16200000E-02    0.30693675E-06    0.13953863E-10    0.14934887E-03    0.15514307E-03
0.16210000E-02    0.30714404E-06    0.13967259E-10    0.14939665E-03    0.15519352E-03
0.16220000E-02    0.30735080E-06    0.13980633E-10    0.14944432E-03    0.15524370E-03
0.16230000E-02    0.30755718E-06    0.13993998E-10    0.14949192E-03    0.15529154E-03
0.16240000E-02    0.30776407E-06    0.14007405E-10    0.14953965E-03    0.15534146E-03
0.16250000E-02    0.30797052E-06    0.14020787E-10    0.14958726E-03    0.15539302E-03
0.16260000E-02    0.30817722E-06    0.14034182E-10    0.14963488E-03    0.15544276E-03
0.16270000E-02    0.30838379E-06    0.14047574E-10    0.14968246E-03    0.15549342E-03
0.16280000E-02    0.30859047E-06    0.14060975E-10    0.14973004E-03    0.15554330E-03
0.16290000E-02    0.30879693E-06    0.14074374E-10    0.14977759E-03    0.15559380E-03
0.16300000E-02    0.30900342E-06    0.14087777E-10    0.14982512E-03    0.15564170E-03
0.16310000E-02    0.30921030E-06    0.14101210E-10    0.14987272E-03    0.15569301E-03
0.16320000E-02    0.30941698E-06    0.14114649E-10    0.14992032E-03    0.15574292E-03
0.16330000E-02    0.30962367E-06    0.14128094E-10    0.14996790E-03    0.15579303E-03
0.16340000E-02    0.30983022E-06    0.14141541E-10    0.15001547E-03    0.15584402E-03
0.16350000E-02    0.31003647E-06    0.14154974E-10    0.15006295E-03    0.15589428E-03
0.16360000E-02    0.31024252E-06    0.14168401E-10    0.15011039E-03    0.15594327E-03
0.16370000E-02    0.31044849E-06    0.14181826E-10    0.15015778E-03    0.15599306E-03
0.16380000E-02    0.31065472E-06    0.14195262E-10    0.15020519E-03    0.15604257E-03
0.16390000E-02    0.31086050E-06    0.14208668E-10    0.15025246E-03    0.15609248E-03
0.16400000E-02    0.31106630E-06    0.14222086E-10    0.15029974E-03    0.15614170E-03
0.16410000E-02    0.31127213E-06    0.14235501E-10    0.15034698E-03    0.15619206E-03
0.16420000E-02    0.31147874E-06    0.14248962E-10    0.15039436E-03    0.15624198E-03
0.16430000E-02    0.31168438E-06    0.14262382E-10    0.15044156E-03    0.15629113E-03
0.16440000E-02    0.31188939E-06    0.14275800E-10    0.15048872E-03    0.15634086E-03
0.16450000E-02    0.31209434E-06    0.14289214E-10    0.15053584E-03    0.15638897E-03
0.16460000E-02    0.31229923E-06    0.14302618E-10    0.15058290E-03    0.15643967E-03
0.16470000E-02    0.31250447E-06    0.14316028E-10    0.15062994E-03    0.15648971E-03
0.16480000E-02    0.31271003E-06    0.14329450E-10    0.15067700E-03    0.15654034E-03
0.16490000E-02    0.31291547E-06    0.14342865E-10    0.15072401E-03    0.15658943E-03
0.16500000E-02    0.31312126E-06    0.14356297E-10    0.15077105E-03    0.15663767E-03
0.16510000E-02    0.31332692E-06    0.14369719E-10    0.15081801E-03    0.15668751E-03
0.16520000E-02    0.31353279E-06    0.14383151E-10    0.15086499E-03    0.15673648E-03
0.16530000E-02    0.31373862E-06    0.14396577E-10    0.15091192E-03    0.15678487E-03
0.16540000E-02    0.31394374E-06    0.14409969E-10    0.15095870E-03    0.15683322E-03
0.16550000E-02    0.31414896E-06    0.14423372E-10    0.15100549E-03    0.15688240E-03
0.16560000E-02    0.31435453E-06    0.14436787E-10    0.15105229E-03    0.15693186E-03
0.16570000E-02    0.31456065E-06    0.14450217E-10    0.15109911E-03    0.15698124E-03
0.16580000E-02    0.31476702E-06    0.14463642E-10    0.15114589E-03    0.15703086E-03
0.16590000E-02    0.31497307E-06    0.14477029E-10    0.15119251E-03    0.15708051E-03
0.16600000E-02    0.31517960E-06    0.14490418E-10    0.15123911E-03    0.15712990E-03
0.16610000E-02    0.31538577E-06    0.14503805E-10    0.15128566E-03    0.15717830E-03
0.16620000E-02    0.31559110E-06    0.14517142E-10    0.15133202E-03    0.15722778E-03
0.16630000E-02    0.31579666E-06    0.14530491E-10    0.15137839E-03    0.15727743E-03
0.16640000E-02    0.31590256E-06    0.14543857E-10    0.15142480E-03    0.15733191E-03
0.16650000E-02    0.31620908E-06    0.14557236E-10    0.15147121E-03    0.15737632E-03
0.16660000E-02    0.31641529E-06    0.14570623E-10    0.15151763E-03    0.15742442E-03
0.16670000E-02    0.31662103E-06    0.14584000E-10    0.15156399E-03    0.15747166E-03
0.16680000E-02    0.31682704E-06    0.14597397E-10    0.15161038E-03    0.15752034E-03
0.16690000E-02    0.31703295E-06    0.14610798E-10    0.15165676E-03    0.15757005E-03
0.16700000E-02    0.31723853E-06    0.14624181E-10    0.15170305E-03    0.15761907E-03
0.16710000E-02    0.31744461E-06    0.14637593E-10    0.15174941E-03    0.15766779E-03
0.16720000E-02    0.31765075E-06    0.14651009E-10    0.15179576E-03    0.15771777E-03
0.16730000E-02    0.31785690E-06    0.14664420E-10    0.15184206E-03    0.15776757E-03
0.16740000E-02    0.31806253E-06    0.14677802E-10    0.15188824E-03    0.15781668E-03
0.16750000E-02    0.31826782E-06    0.14691159E-10    0.15193430E-03    0.15786532E-03
0.16760000E-02    0.31847357E-06    0.14704539E-10    0.15198041E-03    0.15791422E-03
0.16770000E-02    0.31867972E-06    0.14717922E-10    0.15202650E-03    0.15796208E-03
0.16780000E-02    0.31888629E-06    0.14731322E-10    0.15207262E-03    0.15801011E-03
0.16790000E-02    0.31909271E-06    0.14744724E-10    0.15211873E-03    0.15806048E-03
0.16800000E-02    0.31929919E-06    0.14758127E-10    0.15216480E-03    0.15810997E-03
0.16810000E-02    0.31950502E-06    0.14771497E-10    0.15221074E-03    0.15815681E-03
0.16820000E-02    0.31971014E-06    0.14784858E-10    0.15225662E-03    0.15820545E-03
0.16830000E-02    0.31991472E-06    0.14798188E-10    0.15230236E-03    0.15825305E-03
0.16840000E-02    0.32011911E-06    0.14811527E-10    0.15234811E-03    0.15830082E-03
0.16850000E-02    0.32032335E-06    0.14824864E-10    0.15239382E-03    0.15834884E-03
0.16860000E-02    0.32052793E-06    0.14838233E-10    0.15243962E-03    0.15839771E-03
0.16870000E-02    0.32073246E-06    0.14851606E-10    0.15248540E-03    0.15844639E-03
0.16880000E-02    0.32093646E-06    0.14864944E-10    0.15253104E-03    0.15849258E-03
0.16890000E-02    0.32114041E-06    0.14878284E-10    0.15257665E-03    0.15854113E-03
0.16900000E-02    0.32134406E-06    0.14891623E-10    0.15262223E-03    0.15859053E-03
0.16910000E-02    0.32154674E-06    0.14904912E-10    0.15266762E-03    0.15863857E-03
0.16920000E-02    0.32174969E-06    0.14918220E-10    0.15271304E-03    0.15868642E-03
0.16930000E-02    0.32195294E-06    0.14931543E-10    0.15275849E-03    0.15873556E-03
0.16940000E-02    0.32215566E-06    0.14944837E-10    0.15280381E-03    0.15878355E-03
0.16950000E-02    0.32235863E-06    0.14958141E-10    0.15284914E-03    0.15883112E-03
0.16960000E-02    0.32256140E-06    0.14971444E-10    0.15289444E-03    0.15887890E-03
0.16970000E-02    0.32276411E-06    0.14984744E-10    0.15293970E-03    0.15892566E-03
0.16980000E-02    0.32296687E-06    0.14998046E-10    0.15298494E-03    0.15897460E-03
0.16990000E-02    0.32316959E-06    0.15011344E-10    0.15303015E-03    0.15902082E-03
0.17000000E-02    0.32337252E-06    0.15024650E-10    0.15307535E-03    0.15906795E-03
0.17010000E-02    0.32357528E-06    0.15037933E-10    0.15312044E-03    0.15911485E-03
0.17020000E-02    0.32377784E-06    0.15051200E-10    0.15316546E-03    0.15916344E-03
0.17030000E-02    0.32398065E-06    0.15064481E-10    0.15321050E-03    0.15921010E-03
0.17040000E-02    0.32418337E-06    0.15077757E-10    0.15325549E-03    0.15925717E-03
0.17050000E-02    0.32438535E-06    0.15091000E-10    0.15330035E-03    0.15930425E-03
0.17060000E-02    0.32458685E-06    0.15104217E-10    0.15334509E-03    0.15935283E-03
0.17070000E-02    0.32478907E-06    0.15117467E-10    0.15338992E-03    0.15940013E-03
0.17080000E-02    0.32499096E-06    0.15130692E-10    0.15343463E-03    0.15944795E-03
0.17090000E-02    0.32519311E-06    0.15143922E-10    0.15347934E-03    0.15949509E-03
0.17100000E-02    0.32539554E-06    0.15157164E-10    0.15352406E-03    0.15954205E-03
0.17110000E-02    0.32559761E-06    0.15170378E-10    0.15356866E-03    0.15958855E-03
0.17120000E-02    0.32579978E-06    0.15183586E-10    0.15361321E-03    0.15963604E-03
0.17130000E-02    0.32600205E-06    0.15196784E-10    0.15365771E-03    0.15968339E-03
0.17140000E-02    0.32620493E-06    0.15210001E-10    0.15370224E-03    0.15973124E-03
0.17150000E-02    0.32640822E-06    0.15223222E-10    0.15374677E-03    0.15977769E-03
0.17160000E-02    0.32661165E-06    0.15236449E-10    0.15379128E-03    0.15982586E-03
0.17170000E-02    0.32681493E-06    0.15249672E-10    0.15383576E-03    0.15987165E-03
0.17180000E-02    0.32701793E-06    0.15262871E-10    0.15388013E-03    0.15991930E-03
0.17190000E-02    0.32722070E-06    0.15276055E-10    0.15392442E-03    0.15996619E-03
0.17200000E-02    0.32742288E-06    0.15289206E-10    0.15396858E-03    0.16001406E-03
0.17210000E-02    0.32762502E-06    0.15302346E-10    0.15401268E-03    0.16005994E-03
0.17220000E-02    0.32782729E-06    0.15315506E-10    0.15405681E-03    0.16010571E-03
0.17230000E-02    0.32802946E-06    0.15328667E-10    0.15410093E-03    0.16015309E-03
0.17240000E-02    0.32823171E-06    0.15341822E-10    0.15414500E-03    0.16020074E-03
0.17250000E-02    0.32843398E-06    0.15354967E-10    0.15418901E-03    0.16024784E-03
0.17260000E-02    0.32863632E-06    0.15368114E-10    0.15423301E-03    0.16029314E-03
0.17270000E-02    0.32883851E-06    0.15381269E-10    0.15427700E-03    0.16033971E-03
0.17280000E-02    0.32904097E-06    0.15394451E-10    0.15432106E-03    0.16038782E-03
0.17290000E-02    0.32924368E-06    0.15407644E-10    0.15436513E-03    0.16043518E-03
0.17300000E-02    0.32944533E-06    0.15420778E-10    0.15440898E-03    0.16048137E-03
0.17310000E-02    0.32964707E-06    0.15433925E-10    0.15445285E-03    0.16052765E-03
0.17320000E-02    0.32984875E-06    0.15447064E-10    0.15449667E-03    0.16057521E-03
0.17330000E-02    0.33004996E-06    0.15460182E-10    0.15454039E-03    0.16062301E-03
0.17340000E-02    0.33025121E-06    0.15473310E-10    0.15458412E-03    0.16066972E-03
0.17350000E-02    0.33045144E-06    0.15486389E-10    0.15462766E-03    0.16071475E-03
0.17360000E-02    0.33065175E-06    0.15499478E-10    0.15467121E-03    0.16075982E-03
0.17370000E-02    0.33085146E-06    0.15512534E-10    0.15471463E-03    0.16080598E-03
0.17380000E-02    0.33105118E-06    0.15525585E-10    0.15475801E-03    0.16085128E-03
0.17390000E-02    0.33125111E-06    0.15538649E-10    0.15480140E-03    0.16089692E-03
0.17400000E-02    0.33145111E-06    0.15551719E-10    0.15484479E-03    0.16094406E-03
0.17410000E-02    0.33165040E-06    0.15564751E-10    0.15488803E-03    0.16098944E-03
0.17420000E-02    0.33184962E-06    0.15577777E-10    0.15493123E-03    0.16103637E-03
0.17430000E-02    0.33204907E-06    0.15590811E-10    0.15497442E-03    0.16108094E-03
0.17440000E-02    0.33224819E-06    0.15603843E-10    0.15501759E-03    0.16112703E-03
0.17450000E-02    0.33244752E-06    0.15616888E-10    0.15506078E-03    0.16117270E-03
0.17460000E-02    0.33264711E-06    0.15629950E-10    0.15510400E-03    0.16121813E-03
0.17470000E-02    0.33284597E-06    0.15642977E-10    0.15514708E-03    0.16126445E-03
0.17480000E-02    0.33304450E-06    0.15655986E-10    0.15519007E-03    0.16130912E-03
0.17490000E-02    0.33324320E-06    0.15669005E-10    0.15523308E-03    0.16135545E-03
0.17500000E-02    0.33344151E-06    0.15681996E-10    0.15527597E-03    0.16140188E-03
0.17510000E-02    0.33364046E-06    0.15695021E-10    0.15531894E-03    0.16144664E-03
0.17520000E-02    0.33383908E-06    0.15708020E-10    0.15536181E-03    0.16149237E-03
0.17530000E-02    0.33403757E-06    0.15721023E-10    0.15540467E-03    0.16153710E-03
0.17540000E-02    0.33423565E-06    0.15734000E-10    0.15544742E-03    0.16158282E-03
0.17550000E-02    0.33443368E-06    0.15746967E-10    0.15549011E-03    0.16162964E-03
0.17560000E-02    0.33463143E-06    0.15759924E-10    0.15553275E-03    0.16167282E-03
0.17570000E-02    0.33482795E-06    0.15772834E-10    0.15557520E-03    0.16171798E-03
0.17580000E-02    0.33502447E-06    0.15785737E-10    0.15561761E-03    0.16176265E-03
0.17590000E-02    0.33522129E-06    0.15798650E-10    0.15566003E-03    0.16180726E-03
0.17600000E-02    0.33541852E-06    0.15811570E-10    0.15570246E-03    0.16185388E-03
0.17610000E-02    0.33561573E-06    0.15824474E-10    0.15574480E-03    0.16189944E-03
0.17620000E-02    0.33581269E-06    0.15837358E-10    0.15578706E-03    0.16194483E-03
0.17630000E-02    0.33601007E-06    0.15850256E-10    0.15582934E-03    0.16198881E-03
0.17640000E-02    0.33620769E-06    0.15863154E-10    0.15587159E-03    0.16203363E-03
0.17650000E-02    0.33640503E-06    0.15876035E-10    0.15591377E-03    0.16207860E-03
0.17660000E-02    0.33660255E-06    0.15888909E-10    0.15595590E-03    0.16212196E-03
0.17670000E-02    0.33679988E-06    0.15901764E-10    0.15599795E-03    0.16216636E-03
0.17680000E-02    0.33699653E-06    0.15914588E-10    0.15603988E-03    0.16221056E-03
0.17690000E-02    0.33719325E-06    0.15927408E-10    0.15608176E-03    0.16225581E-03
0.17700000E-02    0.33739048E-06    0.15940240E-10    0.15612367E-03    0.16230085E-03
0.17710000E-02    0.33758780E-06    0.15953062E-10    0.15616552E-03    0.16234577E-03
0.17720000E-02    0.33778499E-06    0.15965859E-10    0.15620726E-03    0.16239167E-03
0.17730000E-02    0.33798256E-06    0.15978656E-10    0.15624899E-03    0.16243613E-03
0.17740000E-02    0.33817988E-06    0.15991430E-10    0.15629061E-03    0.16248023E-03
0.17750000E-02    0.33837693E-06    0.16004194E-10    0.15633218E-03    0.16252381E-03
0.17760000E-02    0.33857328E-06    0.16016923E-10    0.15637362E-03    0.16256758E-03
0.17770000E-02    0.33876986E-06    0.16029668E-10    0.15641509E-03    0.16261165E-03
0.17780000E-02    0.33896655E-06    0.16042420E-10    0.15645655E-03    0.16265672E-03
0.17790000E-02    0.33916331E-06    0.16055178E-10    0.15649802E-03    0.16270185E-03
0.17800000E-02    0.33935898E-06    0.16067879E-10    0.15653927E-03    0.16274521E-03
0.17810000E-02    0.33955429E-06    0.16080571E-10    0.15658048E-03    0.16278998E-03
0.17820000E-02    0.33974968E-06    0.16093270E-10    0.15662169E-03    0.16283446E-03
0.17830000E-02    0.33994518E-06    0.16105976E-10    0.15666289E-03    0.16287878E-03
0.17840000E-02    0.34014021E-06    0.16118660E-10    0.15670401E-03    0.16292128E-03
0.17850000E-02    0.34033515E-06    0.16131337E-10    0.15674508E-03    0.16296573E-03
0.17860000E-02    0.34052987E-06    0.16144002E-10    0.15678609E-03    0.16301007E-03
0.17870000E-02    0.34072473E-06    0.16156665E-10    0.15682707E-03    0.16305329E-03
0.17880000E-02    0.34091930E-06    0.16169297E-10    0.15686794E-03    0.16309702E-03
0.17890000E-02    0.34111378E-06    0.16181925E-10    0.15690876E-03    0.16314069E-03
0.17900000E-02    0.34130828E-06    0.16194547E-10    0.15694955E-03    0.16318511E-03
0.17910000E-02    0.34150299E-06    0.16207169E-10    0.15699031E-03    0.16322937E-03
0.17920000E-02    0.34169785E-06    0.16219784E-10    0.15703103E-03    0.16327321E-03
0.17930000E-02    0.34189317E-06    0.16232417E-10    0.15707179E-03    0.16331693E-03
0.17940000E-02    0.34208727E-06    0.16244995E-10    0.15711235E-03    0.16335984E-03
0.17950000E-02    0.34228166E-06    0.16257583E-10    0.15715292E-03    0.16340305E-03
0.17960000E-02    0.34247567E-06    0.16270138E-10    0.15719336E-03    0.16344690E-03
0.17970000E-02    0.34266863E-06    0.16282663E-10    0.15723369E-03    0.16348899E-03
0.17980000E-02    0.34286134E-06    0.16295173E-10    0.15727395E-03    0.16353320E-03
0.17990000E-02    0.34305351E-06    0.16307666E-10    0.15731413E-03    0.16357545E-03
0.18000000E-02    0.34324560E-06    0.16320155E-10    0.15735428E-03    0.16361904E-03
