# Scriven-Struct-75-noFrontGrad, last segment (cols: time surface volume rad_volume [rad_front])
0.10000000E-05    0.31210879E-07    0.52468635E-12    0.50034595E-04    0.49784832E-04
0.20000000E-05    0.31293288E-07    0.52665578E-12    0.50097119E-04    0.49850305E-04
0.30000000E-05    0.31374790E-07    0.52860477E-12    0.50158840E-04    0.49914431E-04
0.40000000E-05    0.31460132E-07    0.53064279E-12    0.50223220E-04    0.49982235E-04
0.50000000E-05    0.31545561E-07    0.53268258E-12    0.50287490E-04    0.50050471E-04
0.60000000E-05    0.31631028E-07    0.53472750E-12    0.50351758E-04    0.50117892E-04
0.70000000E-05    0.31716838E-07    0.53678095E-12    0.50416129E-04    0.50186169E-04
0.80000000E-05    0.31802728E-07    0.53883858E-12    0.50480466E-04    0.50253781E-04
0.90000000E-05    0.31888296E-07    0.54088970E-12    0.50544437E-04    0.50320931E-04
0.10000000E-04    0.31973709E-07    0.54294060E-12    0.50608240E-04    0.50388129E-04
0.11000000E-04    0.32058305E-07    0.54497849E-12    0.50671479E-04    0.50454657E-04
0.12000000E-04    0.32143766E-07    0.54703603E-12    0.50735168E-04    0.50521916E-04
0.13000000E-04    0.32229510E-07    0.54910323E-12    0.50798996E-04    0.50589303E-04
0.14000000E-04    0.32315630E-07    0.55118252E-12    0.50863036E-04    0.50656897E-04
0.15000000E-04    0.32402047E-07    0.55326966E-12    0.50927155E-04    0.50724586E-04
0.16000000E-04    0.32488916E-07    0.55536909E-12    0.50991489E-04    0.50792308E-04
0.17000000E-04    0.32575439E-07    0.55745804E-12    0.51055342E-04    0.50859179E-04
0.18000000E-04    0.32661559E-07    0.55953618E-12    0.51118706E-04    0.50926261E-04
0.19000000E-04    0.32748010E-07    0.56161945E-12    0.51182070E-04    0.50993605E-04
0.20000000E-04    0.32834685E-07    0.56370777E-12    0.51245430E-04    0.51061044E-04
0.21000000E-04    0.32920809E-07    0.56578519E-12    0.51308304E-04    0.51128584E-04
0.22000000E-04    0.33006915E-07    0.56785869E-12    0.51370906E-04    0.51195690E-04
0.23000000E-04    0.33092439E-07    0.56992022E-12    0.51432995E-04    0.51261799E-04
0.24000000E-04    0.33179089E-07    0.57200211E-12    0.51495547E-04    0.51329290E-04
0.25000000E-04    0.33266221E-07    0.57409220E-12    0.51558192E-04    0.51396666E-04
0.26000000E-04    0.33353814E-07    0.57618983E-12    0.51620911E-04    0.51465023E-04
0.27000000E-04    0.33441910E-07    0.57829689E-12    0.51683758E-04    0.51533035E-04
0.28000000E-04    0.33530173E-07    0.58040987E-12    0.51746628E-04    0.51601091E-04
0.29000000E-04    0.33619619E-07    0.58254840E-12    0.51810104E-04    0.51669307E-04
0.30000000E-04    0.33709313E-07    0.58469122E-12    0.51873552E-04    0.51738666E-04
0.31000000E-04    0.33798960E-07    0.58682835E-12    0.51936677E-04    0.51808163E-04
0.32000000E-04    0.33887966E-07    0.58895337E-12    0.51999292E-04    0.51875594E-04
0.33000000E-04    0.33976233E-07    0.59106561E-12    0.52061382E-04    0.51943344E-04
0.34000000E-04    0.34063862E-07    0.59316495E-12    0.52122946E-04    0.52011303E-04
0.35000000E-04    0.34151754E-07    0.59527289E-12    0.52184617E-04    0.52079160E-04
0.36000000E-04    0.34241268E-07    0.59742690E-12    0.52247485E-04    0.52147545E-04
0.37000000E-04    0.34330353E-07    0.59957033E-12    0.52309894E-04    0.52215656E-04
0.38000000E-04    0.34418981E-07    0.60170273E-12    0.52371835E-04    0.52283796E-04
0.39000000E-04    0.34507249E-07    0.60382389E-12    0.52433304E-04    0.52351522E-04
0.40000000E-04    0.34595921E-07    0.60595610E-12    0.52494949E-04    0.52418484E-04
0.41000000E-04    0.34683691E-07    0.60807566E-12    0.52556085E-04    0.52485484E-04
0.42000000E-04    0.34772109E-07    0.61021155E-12    0.52617548E-04    0.52552811E-04
0.43000000E-04    0.34860049E-07    0.61233383E-12    0.52678478E-04    0.52619652E-04
0.44000000E-04    0.34947540E-07    0.61444208E-12    0.52738865E-04    0.52686061E-04
0.45000000E-04    0.35034547E-07    0.61653604E-12    0.52798707E-04    0.52751519E-04
0.46000000E-04    0.35121682E-07    0.61863201E-12    0.52858471E-04    0.52816465E-04
0.47000000E-04    0.35208791E-07    0.62072513E-12    0.52918018E-04    0.52882102E-04
0.48000000E-04    0.35295117E-07    0.62280567E-12    0.52977076E-04    0.52947304E-04
0.49000000E-04    0.35382017E-07    0.62489795E-12    0.53036334E-04    0.53012146E-04
0.50000000E-04    0.35470308E-07    0.62702390E-12    0.53096411E-04    0.53076162E-04
0.51000000E-04    0.35559195E-07    0.62916456E-12    0.53156765E-04    0.53142625E-04
0.52000000E-04    0.35647558E-07    0.63129414E-12    0.53216673E-04    0.53207580E-04
0.53000000E-04    0.35735237E-07    0.63341238E-12    0.53276127E-04    0.53272964E-04
0.54000000E-04    0.35823240E-07    0.63554276E-12    0.53335789E-04    0.53338931E-04
0.55000000E-04    0.35910740E-07    0.63766076E-12    0.53394972E-04    0.53404475E-04
0.56000000E-04    0.35998093E-07    0.63977555E-12    0.53453934E-04    0.53468107E-04
0.57000000E-04    0.36085092E-07    0.64187792E-12    0.53512422E-04    0.53532681E-04
0.58000000E-04    0.36172157E-07    0.64398707E-12    0.53570970E-04    0.53597095E-04
0.59000000E-04    0.36259344E-07    0.64610030E-12    0.53629504E-04    0.53662268E-04
0.60000000E-04    0.36346876E-07    0.64821899E-12    0.53688060E-04    0.53727218E-04
0.61000000E-04    0.36434820E-07    0.65034358E-12    0.53746652E-04    0.53792360E-04
0.62000000E-04    0.36522098E-07    0.65245411E-12    0.53804730E-04    0.53856239E-04
0.63000000E-04    0.36611167E-07    0.65461747E-12    0.53864131E-04    0.53919957E-04
0.64000000E-04    0.36700414E-07    0.65678490E-12    0.53923514E-04    0.53985445E-04
0.65000000E-04    0.36789269E-07    0.65894246E-12    0.53982496E-04    0.54048872E-04
0.66000000E-04    0.36878606E-07    0.66110805E-12    0.54041568E-04    0.54113920E-04
0.67000000E-04    0.36968251E-07    0.66327463E-12    0.54100539E-04    0.54179094E-04
0.68000000E-04    0.37058291E-07    0.66544731E-12    0.54159547E-04    0.54244440E-04
0.69000000E-04    0.37149503E-07    0.66764631E-12    0.54219139E-04    0.54310857E-04
0.70000000E-04    0.37240783E-07    0.66985259E-12    0.54278797E-04    0.54377284E-04
0.71000000E-04    0.37331596E-07    0.67204857E-12    0.54338046E-04    0.54441643E-04
0.72000000E-04    0.37422501E-07    0.67425298E-12    0.54397393E-04    0.54506466E-04
0.73000000E-04    0.37514423E-07    0.67648312E-12    0.54457302E-04    0.54572793E-04
0.74000000E-04    0.37605950E-07    0.67870385E-12    0.54516827E-04    0.54639090E-04
0.75000000E-04    0.37698067E-07    0.68093726E-12    0.54576561E-04    0.54705256E-04
0.76000000E-04    0.37790833E-07    0.68319331E-12    0.54636768E-04    0.54771947E-04
0.77000000E-04    0.37883534E-07    0.68545220E-12    0.54696918E-04    0.54838750E-04
0.78000000E-04    0.37976721E-07    0.68772493E-12    0.54757303E-04    0.54905878E-04
0.79000000E-04    0.38069158E-07    0.68998590E-12    0.54817245E-04    0.54971022E-04
0.80000000E-04    0.38160802E-07    0.69223461E-12    0.54876731E-04    0.55035885E-04
0.81000000E-04    0.38251439E-07    0.69447101E-12    0.54935764E-04    0.55099816E-04
0.82000000E-04    0.38341927E-07    0.69671533E-12    0.54994879E-04    0.55164618E-04
0.83000000E-04    0.38431615E-07    0.69894782E-12    0.55053557E-04    0.55228905E-04
0.84000000E-04    0.38521713E-07    0.70119593E-12    0.55112519E-04    0.55292670E-04
0.85000000E-04    0.38611324E-07    0.70343640E-12    0.55171155E-04    0.55357042E-04
0.86000000E-04    0.38702209E-07    0.70571309E-12    0.55230612E-04    0.55422368E-04
0.87000000E-04    0.38792434E-07    0.70797802E-12    0.55289635E-04    0.55486515E-04
0.88000000E-04    0.38882540E-07    0.71025147E-12    0.55348753E-04    0.55550384E-04
0.89000000E-04    0.38972468E-07    0.71253454E-12    0.55407995E-04    0.55615264E-04
0.90000000E-04    0.39061590E-07    0.71480616E-12    0.55466815E-04    0.55679569E-04
0.91000000E-04    0.39151669E-07    0.71710786E-12    0.55526286E-04    0.55744602E-04
0.92000000E-04    0.39240979E-07    0.71939688E-12    0.55585303E-04    0.55807252E-04
0.93000000E-04    0.39331670E-07    0.72172060E-12    0.55645088E-04    0.55872569E-04
0.94000000E-04    0.39421843E-07    0.72403184E-12    0.55704424E-04    0.55937480E-04
0.95000000E-04    0.39511499E-07    0.72632996E-12    0.55763298E-04    0.56001998E-04
0.96000000E-04    0.39600660E-07    0.72861446E-12    0.55821700E-04    0.56066147E-04
0.97000000E-04    0.39689196E-07    0.73088495E-12    0.55879623E-04    0.56127022E-04
0.98000000E-04    0.39778699E-07    0.73318348E-12    0.55938140E-04    0.56189249E-04
0.99000000E-04    0.39868034E-07    0.73548292E-12    0.55996557E-04    0.56252025E-04
0.10000000E-03    0.39956586E-07    0.73776847E-12    0.56054501E-04    0.56315374E-04
0.10100000E-03    0.40046111E-07    0.74007686E-12    0.56112903E-04    0.56379234E-04
0.10200000E-03    0.40135485E-07    0.74238338E-12    0.56171136E-04    0.56442309E-04
0.10300000E-03    0.40224376E-07    0.74468483E-12    0.56229122E-04    0.56504608E-04
0.10400000E-03    0.40312812E-07    0.74697232E-12    0.56286637E-04    0.56567662E-04
0.10500000E-03    0.40401293E-07    0.74925955E-12    0.56344028E-04    0.56629824E-04
0.10600000E-03    0.40490008E-07    0.75155130E-12    0.56401416E-04    0.56691968E-04
0.10700000E-03    0.40580042E-07    0.75386808E-12    0.56459312E-04    0.56755937E-04
0.10800000E-03    0.40671026E-07    0.75620159E-12    0.56517506E-04    0.56820347E-04
0.10900000E-03    0.40761706E-07    0.75852430E-12    0.56575313E-04    0.56883031E-04
0.11000000E-03    0.40851899E-07    0.76083563E-12    0.56632719E-04    0.56945445E-04
0.11100000E-03    0.40942555E-07    0.76315517E-12    0.56690212E-04    0.57009003E-04
0.11200000E-03    0.41033188E-07    0.76547156E-12    0.56747511E-04    0.57072341E-04
0.11300000E-03    0.41123451E-07    0.76777639E-12    0.56804409E-04    0.57134203E-04
0.11400000E-03    0.41214200E-07    0.77008697E-12    0.56861335E-04    0.57197482E-04
0.11500000E-03    0.41304571E-07    0.77238535E-12    0.56917848E-04    0.57260681E-04
0.11600000E-03    0.41394340E-07    0.77467132E-12    0.56973945E-04    0.57322606E-04
0.11700000E-03    0.41484666E-07    0.77698052E-12    0.57030499E-04    0.57385855E-04
0.11800000E-03    0.41575044E-07    0.77929851E-12    0.57087157E-04    0.57445505E-04
0.11900000E-03    0.41665441E-07    0.78162420E-12    0.57143889E-04    0.57507919E-04
0.12000000E-03    0.41754971E-07    0.78393665E-12    0.57200188E-04    0.57569788E-04
0.12100000E-03    0.41845762E-07    0.78628437E-12    0.57257231E-04    0.57631454E-04
0.12200000E-03    0.41936459E-07    0.78863587E-12    0.57314253E-04    0.57694109E-04
0.12300000E-03    0.42028855E-07    0.79103255E-12    0.57372254E-04    0.57757632E-04
0.12400000E-03    0.42121163E-07    0.79343402E-12    0.57430254E-04    0.57819442E-04
0.12500000E-03    0.42212884E-07    0.79582378E-12    0.57487854E-04    0.57882488E-04
0.12600000E-03    0.42305532E-07    0.79823453E-12    0.57545844E-04    0.57943780E-04
0.12700000E-03    0.42397852E-07    0.80064741E-12    0.57603769E-04    0.58007309E-04
0.12800000E-03    0.42489554E-07    0.80304605E-12    0.57661236E-04    0.58070249E-04
0.12900000E-03    0.42580467E-07    0.80543000E-12    0.57718238E-04    0.58132199E-04
0.13000000E-03    0.42670600E-07    0.80779904E-12    0.57774772E-04    0.58192697E-04
0.13100000E-03    0.42760043E-07    0.81015325E-12    0.57830843E-04    0.58252473E-04
0.13200000E-03    0.42849722E-07    0.81251611E-12    0.57887011E-04    0.58313727E-04
0.13300000E-03    0.42940489E-07    0.81491083E-12    0.57943825E-04    0.58375996E-04
0.13400000E-03    0.43030563E-07    0.81729084E-12    0.58000180E-04    0.58436535E-04
0.13500000E-03    0.43119840E-07    0.81965569E-12    0.58056068E-04    0.58497099E-04
0.13600000E-03    0.43208484E-07    0.82200524E-12    0.58111487E-04    0.58557849E-04
0.13700000E-03    0.43298038E-07    0.82437851E-12    0.58167360E-04    0.58618361E-04
0.13800000E-03    0.43387038E-07    0.82673851E-12    0.58222813E-04    0.58678977E-04
0.13900000E-03    0.43475288E-07    0.82908510E-12    0.58277847E-04    0.58738517E-04
0.14000000E-03    0.43563402E-07    0.83143407E-12    0.58332833E-04    0.58798500E-04
0.14100000E-03    0.43650985E-07    0.83376976E-12    0.58387405E-04    0.58857730E-04
0.14200000E-03    0.43738839E-07    0.83611320E-12    0.58442056E-04    0.58915643E-04
0.14300000E-03    0.43827596E-07    0.83848304E-12    0.58497219E-04    0.58975877E-04
0.14400000E-03    0.43916331E-07    0.84085582E-12    0.58552347E-04    0.59034921E-04
0.14500000E-03    0.44004496E-07    0.84321533E-12    0.58607063E-04    0.59093430E-04
0.14600000E-03    0.44093596E-07    0.84559395E-12    0.58662120E-04    0.59152403E-04
0.14700000E-03    0.44184380E-07    0.84801833E-12    0.58718129E-04    0.59213587E-04
0.14800000E-03    0.44275343E-07    0.85044944E-12    0.58774187E-04    0.59274934E-04
0.14900000E-03    0.44366093E-07    0.85287814E-12    0.58830083E-04    0.59334706E-04
0.15000000E-03    0.44456792E-07    0.85530906E-12    0.58885923E-04    0.59394013E-04
0.15100000E-03    0.44547988E-07    0.85775063E-12    0.58941902E-04    0.59453454E-04
0.15200000E-03    0.44640538E-07    0.86022551E-12    0.58998536E-04    0.59513920E-04
0.15300000E-03    0.44733271E-07    0.86270266E-12    0.59055114E-04    0.59575585E-04
0.15400000E-03    0.44825653E-07    0.86516681E-12    0.59111287E-04    0.59636898E-04
0.15500000E-03    0.44918982E-07    0.86764920E-12    0.59167768E-04    0.59698680E-04
0.15600000E-03    0.45012550E-07    0.87013840E-12    0.59224296E-04    0.59761185E-04
0.15700000E-03    0.45106586E-07    0.87263648E-12    0.59280918E-04    0.59823496E-04
0.15800000E-03    0.45199949E-07    0.87512152E-12    0.59337137E-04    0.59884949E-04
0.15900000E-03    0.45292685E-07    0.87759246E-12    0.59392931E-04    0.59946415E-04
0.16000000E-03    0.45384815E-07    0.88004947E-12    0.59448307E-04    0.60007359E-04
0.16100000E-03    0.45477127E-07    0.88251295E-12    0.59503726E-04    0.60067949E-04
0.16200000E-03    0.45569651E-07    0.88498649E-12    0.59559267E-04    0.60126141E-04
0.16300000E-03    0.45661375E-07    0.88744531E-12    0.59614375E-04    0.60186389E-04
0.16400000E-03    0.45753024E-07    0.88990320E-12    0.59669361E-04    0.60247046E-04
0.16500000E-03    0.45844680E-07    0.89237122E-12    0.59724471E-04    0.60306617E-04
0.16600000E-03    0.45937344E-07    0.89487091E-12    0.59780186E-04    0.60366375E-04
0.16700000E-03    0.46029585E-07    0.89736292E-12    0.59835626E-04    0.60427423E-04
0.16800000E-03    0.46121118E-07    0.89984048E-12    0.59890642E-04    0.60486615E-04
0.16900000E-03    0.46211903E-07    0.90230359E-12    0.59945238E-04    0.60546421E-04
0.17000000E-03    0.46303881E-07    0.90480915E-12    0.60000673E-04    0.60604407E-04
0.17100000E-03    0.46395077E-07    0.90730179E-12    0.60055721E-04    0.60664381E-04
0.17200000E-03    0.46485584E-07    0.90978173E-12    0.60110388E-04    0.60724049E-04
0.17300000E-03    0.46576237E-07    0.91226888E-12    0.60165115E-04    0.60783758E-04
0.17400000E-03    0.46665769E-07    0.91474237E-12    0.60219442E-04    0.60843165E-04
0.17500000E-03    0.46756960E-07    0.91725924E-12    0.60274622E-04    0.60902774E-04
0.17600000E-03    0.46847313E-07    0.91976274E-12    0.60329408E-04    0.60962480E-04
0.17700000E-03    0.46937142E-07    0.92226635E-12    0.60384098E-04    0.61020360E-04
0.17800000E-03    0.47027513E-07    0.92478953E-12    0.60439115E-04    0.61080465E-04
0.17900000E-03    0.47118519E-07    0.92733500E-12    0.60494517E-04    0.61139143E-04
0.18000000E-03    0.47210338E-07    0.92990528E-12    0.60550356E-04    0.61199525E-04
0.18100000E-03    0.47301603E-07    0.93246204E-12    0.60605799E-04    0.61259606E-04
0.18200000E-03    0.47393154E-07    0.93502751E-12    0.60661330E-04    0.61318457E-04
0.18300000E-03    0.47483778E-07    0.93757971E-12    0.60716472E-04    0.61376873E-04
0.18400000E-03    0.47574511E-07    0.94013492E-12    0.60771580E-04    0.61435560E-04
0.18500000E-03    0.47664584E-07    0.94267571E-12    0.60826277E-04    0.61494984E-04
0.18600000E-03    0.47754166E-07    0.94520230E-12    0.60880571E-04    0.61553502E-04
0.18700000E-03    0.47843622E-07    0.94772954E-12    0.60934783E-04    0.61611170E-04
0.18800000E-03    0.47932967E-07    0.95025625E-12    0.60988887E-04    0.61668964E-04
0.18900000E-03    0.48022490E-07    0.95278757E-12    0.61042994E-04    0.61726205E-04
0.19000000E-03    0.48112555E-07    0.95533050E-12    0.61097252E-04    0.61783913E-04
0.19100000E-03    0.48202731E-07    0.95787209E-12    0.61151386E-04    0.61842725E-04
0.19200000E-03    0.48292813E-07    0.96040732E-12    0.61205289E-04    0.61901574E-04
0.19300000E-03    0.48383136E-07    0.96294931E-12    0.61259240E-04    0.61959548E-04
0.19400000E-03    0.48472984E-07    0.96547714E-12    0.61312797E-04    0.62017556E-04
0.19500000E-03    0.48564350E-07    0.96803722E-12    0.61366942E-04    0.62076672E-04
0.19600000E-03    0.48655076E-07    0.97058318E-12    0.61420694E-04    0.62134474E-04
0.19700000E-03    0.48745309E-07    0.97311511E-12    0.61474056E-04    0.62191152E-04
0.19800000E-03    0.48836607E-07    0.97567360E-12    0.61527884E-04    0.62248182E-04
0.19900000E-03    0.48928809E-07    0.97825401E-12    0.61582079E-04    0.62307255E-04
0.20000000E-03    0.49020569E-07    0.98081926E-12    0.61635860E-04    0.62363805E-04
0.20100000E-03    0.49112683E-07    0.98339058E-12    0.61689674E-04    0.62422453E-04
0.20200000E-03    0.49204499E-07    0.98594719E-12    0.61743088E-04    0.62481292E-04
0.20300000E-03    0.49295846E-07    0.98848884E-12    0.61796098E-04    0.62538640E-04
0.20400000E-03    0.49387411E-07    0.99103671E-12    0.61849147E-04    0.62596278E-04
0.20500000E-03    0.49479095E-07    0.99358627E-12    0.61902139E-04    0.62654704E-04
0.20600000E-03    0.49570410E-07    0.99612741E-12    0.61954867E-04    0.62712449E-04
0.20700000E-03    0.49661157E-07    0.99865244E-12    0.62007171E-04    0.62770515E-04
0.20800000E-03    0.49752531E-07    0.10011989E-11    0.62059830E-04    0.62825036E-04
0.20900000E-03    0.49843737E-07    0.10037448E-11    0.62112388E-04    0.62881519E-04
0.21000000E-03    0.49935087E-07    0.10062964E-11    0.62164976E-04    0.62939271E-04
0.21100000E-03    0.50026177E-07    0.10088497E-11    0.62217510E-04    0.62996056E-04
0.21200000E-03    0.50117711E-07    0.10114185E-11    0.62270271E-04    0.63053692E-04
0.21300000E-03    0.50209452E-07    0.10139929E-11    0.62323060E-04    0.63111416E-04
0.21400000E-03    0.50301743E-07    0.10165925E-11    0.62376275E-04    0.63168060E-04
0.21500000E-03    0.50393374E-07    0.10191794E-11    0.62429138E-04    0.63225663E-04
0.21600000E-03    0.50485752E-07    0.10217910E-11    0.62482417E-04    0.63283598E-04
0.21700000E-03    0.50577394E-07    0.10243888E-11    0.62535325E-04    0.63339804E-04
0.21800000E-03    0.50670470E-07    0.10270321E-11    0.62589066E-04    0.63398177E-04
0.21900000E-03    0.50763528E-07    0.10296753E-11    0.62642714E-04    0.63454861E-04
0.22000000E-03    0.50856682E-07    0.10323251E-11    0.62696402E-04    0.63513353E-04
0.22100000E-03    0.50949349E-07    0.10349632E-11    0.62749764E-04    0.63571136E-04
0.22200000E-03    0.51043692E-07    0.10376534E-11    0.62804086E-04    0.63629920E-04
0.22300000E-03    0.51137738E-07    0.10403403E-11    0.62858248E-04    0.63688543E-04
0.22400000E-03    0.51231256E-07    0.10430118E-11    0.62912006E-04    0.63746824E-04
0.22500000E-03    0.51324225E-07    0.10456677E-11    0.62965361E-04    0.63803854E-04
0.22600000E-03    0.51418071E-07    0.10483543E-11    0.63019240E-04    0.63861371E-04
0.22700000E-03    0.51511246E-07    0.10510260E-11    0.63072728E-04    0.63918693E-04
0.22800000E-03    0.51604531E-07    0.10537053E-11    0.63126278E-04    0.63975187E-04
0.22900000E-03    0.51698004E-07    0.10563912E-11    0.63179870E-04    0.64031760E-04
0.23000000E-03    0.51790882E-07    0.10590632E-11    0.63233093E-04    0.64089521E-04
0.23100000E-03    0.51884169E-07    0.10617519E-11    0.63286559E-04    0.64147526E-04
0.23200000E-03    0.51976807E-07    0.10644247E-11    0.63339619E-04    0.64205163E-04
0.23300000E-03    0.52069303E-07    0.10670977E-11    0.63392595E-04    0.64262869E-04
0.23400000E-03    0.52161192E-07    0.10697551E-11    0.63445174E-04    0.64318865E-04
0.23500000E-03    0.52252369E-07    0.10723972E-11    0.63497362E-04    0.64374069E-04
0.23600000E-03    0.52343360E-07    0.10750408E-11    0.63549497E-04    0.64429049E-04
0.23700000E-03    0.52435120E-07    0.10777125E-11    0.63602098E-04    0.64485981E-04
0.23800000E-03    0.52526483E-07    0.10803757E-11    0.63654445E-04    0.64542640E-04
0.23900000E-03    0.52617867E-07    0.10830408E-11    0.63706742E-04    0.64599308E-04
0.24000000E-03    0.52710266E-07    0.10857394E-11    0.63759612E-04    0.64655358E-04
0.24100000E-03    0.52801804E-07    0.10884223E-11    0.63812086E-04    0.64710176E-04
0.24200000E-03    0.52892581E-07    0.10910899E-11    0.63864175E-04    0.64765279E-04
0.24300000E-03    0.52983821E-07    0.10937764E-11    0.63916549E-04    0.64821564E-04
0.24400000E-03    0.53074387E-07    0.10964461E-11    0.63968508E-04    0.64876272E-04
0.24500000E-03    0.53164340E-07    0.10990987E-11    0.64020053E-04    0.64931686E-04
0.24600000E-03    0.53253879E-07    0.11017424E-11    0.64071341E-04    0.64985863E-04
0.24700000E-03    0.53343416E-07    0.11043853E-11    0.64122532E-04    0.65041082E-04
0.24800000E-03    0.53432632E-07    0.11070221E-11    0.64173524E-04    0.65096000E-04
0.24900000E-03    0.53522908E-07    0.11096942E-11    0.64225116E-04    0.65152159E-04
0.25000000E-03    0.53614883E-07    0.11124094E-11    0.64277457E-04    0.65208859E-04
0.25100000E-03    0.53706308E-07    0.11151102E-11    0.64329434E-04    0.65264688E-04
0.25200000E-03    0.53798127E-07    0.11178268E-11    0.64381630E-04    0.65322037E-04
0.25300000E-03    0.53890389E-07    0.11205540E-11    0.64433947E-04    0.65377332E-04
0.25400000E-03    0.53982914E-07    0.11232827E-11    0.64486205E-04    0.65434925E-04
0.25500000E-03    0.54076271E-07    0.11260333E-11    0.64538798E-04    0.65489724E-04
0.25600000E-03    0.54168990E-07    0.11287688E-11    0.64591018E-04    0.65546426E-04
0.25700000E-03    0.54262512E-07    0.11315331E-11    0.64643701E-04    0.65601271E-04
0.25800000E-03    0.54355706E-07    0.11343017E-11    0.64696382E-04    0.65657998E-04
0.25900000E-03    0.54449679E-07    0.11370864E-11    0.64749281E-04    0.65715412E-04
0.26000000E-03    0.54543830E-07    0.11398730E-11    0.64802132E-04    0.65773526E-04
0.26100000E-03    0.54637520E-07    0.11426452E-11    0.64854623E-04    0.65830414E-04
0.26200000E-03    0.54731669E-07    0.11454302E-11    0.64907269E-04    0.65887125E-04
0.26300000E-03    0.54825294E-07    0.11481998E-11    0.64959542E-04    0.65944552E-04
0.26400000E-03    0.54918354E-07    0.11509540E-11    0.65011441E-04    0.65999978E-04
0.26500000E-03    0.55011761E-07    0.11537155E-11    0.65063393E-04    0.66057297E-04
0.26600000E-03    0.55105467E-07    0.11564834E-11    0.65115383E-04    0.66113941E-04
0.26700000E-03    0.55199334E-07    0.11592589E-11    0.65167432E-04    0.66169423E-04
0.26800000E-03    0.55293205E-07    0.11620412E-11    0.65219526E-04    0.66226314E-04
0.26900000E-03    0.55386630E-07    0.11648094E-11    0.65271274E-04    0.66282893E-04
0.27000000E-03    0.55480349E-07    0.11675830E-11    0.65323040E-04    0.66336631E-04
0.27100000E-03    0.55573841E-07    0.11703580E-11    0.65374750E-04    0.66391585E-04
0.27200000E-03    0.55667661E-07    0.11731438E-11    0.65426579E-04    0.66447594E-04
0.27300000E-03    0.55760826E-07    0.11759130E-11    0.65478017E-04    0.66503880E-04
0.27400000E-03    0.55854599E-07    0.11787092E-11    0.65529877E-04    0.66559625E-04
0.27500000E-03    0.55947628E-07    0.11814889E-11    0.65581349E-04    0.66614520E-04
0.27600000E-03    0.56041041E-07    0.11842869E-11    0.65633079E-04    0.66670575E-04
0.27700000E-03    0.56133725E-07    0.11870671E-11    0.65684398E-04    0.66726244E-04
0.27800000E-03    0.56225621E-07    0.11898295E-11    0.65735309E-04    0.66778785E-04
0.27900000E-03    0.56318240E-07    0.11926153E-11    0.65786571E-04    0.66834355E-04
0.28000000E-03    0.56412661E-07    0.11954495E-11    0.65838643E-04    0.66890424E-04
0.28100000E-03    0.56506233E-07    0.11982675E-11    0.65890337E-04    0.66946260E-04
0.28200000E-03    0.56599105E-07    0.12010690E-11    0.65941646E-04    0.66999505E-04
0.28300000E-03    0.56691179E-07    0.12038535E-11    0.65992564E-04    0.67054613E-04
0.28400000E-03    0.56782558E-07    0.12066207E-11    0.66043090E-04    0.67108325E-04
0.28500000E-03    0.56873307E-07    0.12093705E-11    0.66093222E-04    0.67161933E-04
0.28600000E-03    0.56964013E-07    0.12121232E-11    0.66143330E-04    0.67214819E-04
0.28700000E-03    0.57054644E-07    0.12148757E-11    0.66193357E-04    0.67268832E-04
0.28800000E-03    0.57145798E-07    0.12176408E-11    0.66243539E-04    0.67323325E-04
0.28900000E-03    0.57238026E-07    0.12204312E-11    0.66294103E-04    0.67378101E-04
0.29000000E-03    0.57330125E-07    0.12232207E-11    0.66344572E-04    0.67432388E-04
0.29100000E-03    0.57421351E-07    0.12259938E-11    0.66394670E-04    0.67483827E-04
0.29200000E-03    0.57512584E-07    0.12287696E-11    0.66444742E-04    0.67537780E-04
0.29300000E-03    0.57604868E-07    0.12315774E-11    0.66495313E-04    0.67592283E-04
0.29400000E-03    0.57696706E-07    0.12343697E-11    0.66545528E-04    0.67645875E-04
0.29500000E-03    0.57789004E-07    0.12371773E-11    0.66595945E-04    0.67700268E-04
0.29600000E-03    0.57883157E-07    0.12400391E-11    0.66647254E-04    0.67754060E-04
0.29700000E-03    0.57976843E-07    0.12428847E-11    0.66698194E-04    0.67808969E-04
0.29800000E-03    0.58069953E-07    0.12457136E-11    0.66748760E-04    0.67862257E-04
0.29900000E-03    0.58163402E-07    0.12485588E-11    0.66799539E-04    0.67915909E-04
0.30000000E-03    0.58256230E-07    0.12513874E-11    0.66849945E-04    0.67969702E-04
0.30100000E-03    0.58348859E-07    0.12542165E-11    0.66900284E-04    0.68023064E-04
0.30200000E-03    0.58440887E-07    0.12570292E-11    0.66950257E-04    0.68076014E-04
0.30300000E-03    0.58534212E-07    0.12598765E-11    0.67000770E-04    0.68130416E-04
0.30400000E-03    0.58627041E-07    0.12627071E-11    0.67050910E-04    0.68184488E-04
0.30500000E-03    0.58719886E-07    0.12655352E-11    0.67100931E-04    0.68238793E-04
0.30600000E-03    0.58813084E-07    0.12683740E-11    0.67151065E-04    0.68293117E-04
0.30700000E-03    0.58907784E-07    0.12712528E-11    0.67201832E-04    0.68347080E-04
0.30800000E-03    0.59002771E-07    0.12741385E-11    0.67252642E-04    0.68402330E-04
0.30900000E-03    0.59098212E-07    0.12770306E-11    0.67303487E-04    0.68456709E-04
0.31000000E-03    0.59193045E-07    0.12799085E-11    0.67354007E-04    0.68512298E-04
0.31100000E-03    0.59288009E-07    0.12827928E-11    0.67404564E-04    0.68566196E-04
0.31200000E-03    0.59383242E-07    0.12856872E-11    0.67455222E-04    0.68620974E-04
0.31300000E-03    0.59477870E-07    0.12885667E-11    0.67505543E-04    0.68675920E-04
0.31400000E-03    0.59574008E-07    0.12914924E-11    0.67556594E-04    0.68730774E-04
0.31500000E-03    0.59669387E-07    0.12944031E-11    0.67607308E-04    0.68785393E-04
0.31600000E-03    0.59764148E-07    0.12972990E-11    0.67657688E-04    0.68839360E-04
0.31700000E-03    0.59859545E-07    0.13002172E-11    0.67708381E-04    0.68893274E-04
0.31800000E-03    0.59955253E-07    0.13031496E-11    0.67759244E-04    0.68948379E-04
0.31900000E-03    0.60050797E-07    0.13060807E-11    0.67810009E-04    0.69002777E-04
0.32000000E-03    0.60145628E-07    0.13089952E-11    0.67860410E-04    0.69055559E-04
0.32100000E-03    0.60240432E-07    0.13119170E-11    0.67910862E-04    0.69108995E-04
0.32200000E-03    0.60334597E-07    0.13148215E-11    0.67960944E-04    0.69162995E-04
0.32300000E-03    0.60429231E-07    0.13177467E-11    0.68011305E-04    0.69217610E-04
0.32400000E-03    0.60523932E-07    0.13206747E-11    0.68061641E-04    0.69272070E-04
0.32500000E-03    0.60618311E-07    0.13235998E-11    0.68111854E-04    0.69326276E-04
0.32600000E-03    0.60713260E-07    0.13265657E-11    0.68162689E-04    0.69381079E-04
0.32700000E-03    0.60807853E-07    0.13295289E-11    0.68213404E-04    0.69436452E-04
0.32800000E-03    0.60902784E-07    0.13325076E-11    0.68264308E-04    0.69490905E-04
0.32900000E-03    0.60996654E-07    0.13354689E-11    0.68314841E-04    0.69545448E-04
0.33000000E-03    0.61089597E-07    0.13384131E-11    0.68365005E-04    0.69598714E-04
0.33100000E-03    0.61183041E-07    0.13413743E-11    0.68415387E-04    0.69652464E-04
0.33200000E-03    0.61275893E-07    0.13443284E-11    0.68465574E-04    0.69705156E-04
0.33300000E-03    0.61368126E-07    0.13472664E-11    0.68515415E-04    0.69758705E-04
0.33400000E-03    0.61460010E-07    0.13502027E-11    0.68565154E-04    0.69810264E-04
0.33500000E-03    0.61551869E-07    0.13531403E-11    0.68614843E-04    0.69863711E-04
0.33600000E-03    0.61643147E-07    0.13560609E-11    0.68664173E-04    0.69916984E-04
0.33700000E-03    0.61735175E-07    0.13590042E-11    0.68713816E-04    0.69971262E-04
0.33800000E-03    0.61828443E-07    0.13619797E-11    0.68763927E-04    0.70022846E-04
0.33900000E-03    0.61921082E-07    0.13649393E-11    0.68813700E-04    0.70076422E-04
0.34000000E-03    0.62014033E-07    0.13679073E-11    0.68863542E-04    0.70129942E-04
0.34100000E-03    0.62107041E-07    0.13708792E-11    0.68913375E-04    0.70182482E-04
0.34200000E-03    0.62200314E-07    0.13738577E-11    0.68963250E-04    0.70236354E-04
0.34300000E-03    0.62293245E-07    0.13768203E-11    0.69012785E-04    0.70289910E-04
0.34400000E-03    0.62386826E-07    0.13798003E-11    0.69062538E-04    0.70341826E-04
0.34500000E-03    0.62480237E-07    0.13827783E-11    0.69112189E-04    0.70393725E-04
0.34600000E-03    0.62574401E-07    0.13857803E-11    0.69162167E-04    0.70447740E-04
0.34700000E-03    0.62668849E-07    0.13887863E-11    0.69212139E-04    0.70501297E-04
0.34800000E-03    0.62762768E-07    0.13917756E-11    0.69261762E-04    0.70554903E-04
0.34900000E-03    0.62856725E-07    0.13947637E-11    0.69311294E-04    0.70607276E-04
0.35000000E-03    0.62951396E-07    0.13977757E-11    0.69361151E-04    0.70659462E-04
0.35100000E-03    0.63045530E-07    0.14007698E-11    0.69410640E-04    0.70711949E-04
0.35200000E-03    0.63139116E-07    0.14037456E-11    0.69459759E-04    0.70763617E-04
0.35300000E-03    0.63233771E-07    0.14067523E-11    0.69509315E-04    0.70817157E-04
0.35400000E-03    0.63327859E-07    0.14097403E-11    0.69558494E-04    0.70869516E-04
0.35500000E-03    0.63421745E-07    0.14127204E-11    0.69607474E-04    0.70921383E-04
0.35600000E-03    0.63515047E-07    0.14156819E-11    0.69656079E-04    0.70974164E-04
0.35700000E-03    0.63609444E-07    0.14186710E-11    0.69705069E-04    0.71026037E-04
0.35800000E-03    0.63703846E-07    0.14216591E-11    0.69753974E-04    0.71077733E-04
0.35900000E-03    0.63798729E-07    0.14246616E-11    0.69803044E-04    0.71129707E-04
0.36000000E-03    0.63893153E-07    0.14276466E-11    0.69851763E-04    0.71182889E-04
0.36100000E-03    0.63987801E-07    0.14306362E-11    0.69900487E-04    0.71235805E-04
0.36200000E-03    0.64081848E-07    0.14336081E-11    0.69948855E-04    0.71288029E-04
0.36300000E-03    0.64175110E-07    0.14365618E-11    0.69996862E-04    0.71340158E-04
0.36400000E-03    0.64268487E-07    0.14395194E-11    0.70044865E-04    0.71391843E-04
0.36500000E-03    0.64361717E-07    0.14424746E-11    0.70092765E-04    0.71444150E-04
0.36600000E-03    0.64455519E-07    0.14454446E-11    0.70140838E-04    0.71495073E-04
0.36700000E-03    0.64548747E-07    0.14483970E-11    0.70188560E-04    0.71547190E-04
0.36800000E-03    0.64641435E-07    0.14513316E-11    0.70235932E-04    0.71598954E-04
0.36900000E-03    0.64734294E-07    0.14542669E-11    0.70283251E-04    0.71650402E-04
0.37000000E-03    0.64827681E-07    0.14572205E-11    0.70330800E-04    0.71701281E-04
0.37100000E-03    0.64922111E-07    0.14602091E-11    0.70378846E-04    0.71752850E-04
0.37200000E-03    0.65017570E-07    0.14632292E-11    0.70427334E-04    0.71806153E-04
0.37300000E-03    0.65114332E-07    0.14662940E-11    0.70476471E-04    0.71857709E-04
0.37400000E-03    0.65210771E-07    0.14693616E-11    0.70525584E-04    0.71909534E-04
0.37500000E-03    0.65307130E-07    0.14724327E-11    0.70574686E-04    0.71962820E-04
0.37600000E-03    0.65403392E-07    0.14755037E-11    0.70623716E-04    0.72015767E-04
0.37700000E-03    0.65500178E-07    0.14786002E-11    0.70673085E-04    0.72068466E-04
0.37800000E-03    0.65597999E-07    0.14817389E-11    0.70723057E-04    0.72121953E-04
0.37900000E-03    0.65695026E-07    0.14848609E-11    0.70772693E-04    0.72175359E-04
0.38000000E-03    0.65791468E-07    0.14879720E-11    0.70822086E-04    0.72228518E-04
0.38100000E-03    0.65887850E-07    0.14910863E-11    0.70871462E-04    0.72281690E-04
0.38200000E-03    0.65984391E-07    0.14942098E-11    0.70920914E-04    0.72333465E-04
0.38300000E-03    0.66080958E-07    0.14973377E-11    0.70970367E-04    0.72384807E-04
0.38400000E-03    0.66177225E-07    0.15004659E-11    0.71019756E-04    0.72437761E-04
0.38500000E-03    0.66273320E-07    0.15035914E-11    0.71069033E-04    0.72490601E-04
0.38600000E-03    0.66368776E-07    0.15067001E-11    0.71117979E-04    0.72542255E-04
0.38700000E-03    0.66464626E-07    0.15098211E-11    0.71167050E-04    0.72593809E-04
0.38800000E-03    0.66561342E-07    0.15129679E-11    0.71216458E-04    0.72646221E-04
0.38900000E-03    0.66658730E-07    0.15161368E-11    0.71266143E-04    0.72699208E-04
0.39000000E-03    0.66755781E-07    0.15193032E-11    0.71315722E-04    0.72751236E-04
0.39100000E-03    0.66852187E-07    0.15224523E-11    0.71364960E-04    0.72804109E-04
0.39200000E-03    0.66948975E-07    0.15256136E-11    0.71414322E-04    0.72857204E-04
0.39300000E-03    0.67045579E-07    0.15287709E-11    0.71463552E-04    0.72909117E-04
0.39400000E-03    0.67141510E-07    0.15319095E-11    0.71512425E-04    0.72961618E-04
0.39500000E-03    0.67236837E-07    0.15350295E-11    0.71560940E-04    0.73013714E-04
0.39600000E-03    0.67331499E-07    0.15381307E-11    0.71609099E-04    0.73065543E-04
0.39700000E-03    0.67426084E-07    0.15412351E-11    0.71657243E-04    0.73117495E-04
0.39800000E-03    0.67519900E-07    0.15443212E-11    0.71705039E-04    0.73167959E-04
0.39900000E-03    0.67613076E-07    0.15473892E-11    0.71752491E-04    0.73217136E-04
0.40000000E-03    0.67707776E-07    0.15505078E-11    0.71800663E-04    0.73268064E-04
0.40100000E-03    0.67801655E-07    0.15536076E-11    0.71848478E-04    0.73319439E-04
0.40200000E-03    0.67894866E-07    0.15566883E-11    0.71895937E-04    0.73369399E-04
0.40300000E-03    0.67987952E-07    0.15597675E-11    0.71943310E-04    0.73420555E-04
0.40400000E-03    0.68082328E-07    0.15628823E-11    0.71991168E-04    0.73471585E-04
0.40500000E-03    0.68176392E-07    0.15659969E-11    0.72038959E-04    0.73521719E-04
0.40600000E-03    0.68269596E-07    0.15691125E-11    0.72086702E-04    0.73572728E-04
0.40700000E-03    0.68362128E-07    0.15722093E-11    0.72134094E-04    0.73623892E-04
0.40800000E-03    0.68454371E-07    0.15753007E-11    0.72181342E-04    0.73674706E-04
0.40900000E-03    0.68546967E-07    0.15784095E-11    0.72228793E-04    0.73724530E-04
0.41000000E-03    0.68639800E-07    0.15815310E-11    0.72276376E-04    0.73774858E-04
0.41100000E-03    0.68732228E-07    0.15846339E-11    0.72323613E-04    0.73825027E-04
0.41200000E-03    0.68825414E-07    0.15877526E-11    0.72371028E-04    0.73876215E-04
0.41300000E-03    0.68920830E-07    0.15909346E-11    0.72419341E-04    0.73927545E-04
0.41400000E-03    0.69016032E-07    0.15941159E-11    0.72467581E-04    0.73979258E-04
0.41500000E-03    0.69111716E-07    0.15973022E-11    0.72515831E-04    0.74030945E-04
0.41600000E-03    0.69207453E-07    0.16004940E-11    0.72564100E-04    0.74083589E-04
0.41700000E-03    0.69302737E-07    0.16036687E-11    0.72612047E-04    0.74135176E-04
0.41800000E-03    0.69398618E-07    0.16068588E-11    0.72660163E-04    0.74186007E-04
0.41900000E-03    0.69494783E-07    0.16100628E-11    0.72708425E-04    0.74238838E-04
0.42000000E-03    0.69590593E-07    0.16132485E-11    0.72756348E-04    0.74290069E-04
0.42100000E-03    0.69685821E-07    0.16164158E-11    0.72803930E-04    0.74341462E-04
0.42200000E-03    0.69782585E-07    0.16196252E-11    0.72852083E-04    0.74392672E-04
0.42300000E-03    0.69879972E-07    0.16228536E-11    0.72900456E-04    0.74444759E-04
0.42400000E-03    0.69976763E-07    0.16260642E-11    0.72948499E-04    0.74496646E-04
0.42500000E-03    0.70072889E-07    0.16292570E-11    0.72996213E-04    0.74548539E-04
0.42600000E-03    0.70169573E-07    0.16324716E-11    0.73044190E-04    0.74598356E-04
0.42700000E-03    0.70265885E-07    0.16356872E-11    0.73092118E-04    0.74650288E-04
0.42800000E-03    0.70362244E-07    0.16389046E-11    0.73140011E-04    0.74702123E-04
0.42900000E-03    0.70458331E-07    0.16421169E-11    0.73187765E-04    0.74751705E-04
0.43000000E-03    0.70553728E-07    0.16453104E-11    0.73235179E-04    0.74802884E-04
0.43100000E-03    0.70648867E-07    0.16484949E-11    0.73282397E-04    0.74853935E-04
0.43200000E-03    0.70743462E-07    0.16516607E-11    0.73329278E-04    0.74904683E-04
0.43300000E-03    0.70840057E-07    0.16548889E-11    0.73377022E-04    0.74955408E-04
0.43400000E-03    0.70937412E-07    0.16581410E-11    0.73425056E-04    0.75007624E-04
0.43500000E-03    0.71034921E-07    0.16613979E-11    0.73473098E-04    0.75058049E-04
0.43600000E-03    0.71131885E-07    0.16646379E-11    0.73520828E-04    0.75108706E-04
0.43700000E-03    0.71228639E-07    0.16678709E-11    0.73568394E-04    0.75158930E-04
0.43800000E-03    0.71325481E-07    0.16711102E-11    0.73615990E-04    0.75209967E-04
0.43900000E-03    0.71422383E-07    0.16743505E-11    0.73663541E-04    0.75261555E-04
0.44000000E-03    0.71518707E-07    0.16775727E-11    0.73710765E-04    0.75312800E-04
0.44100000E-03    0.71614500E-07    0.16807767E-11    0.73757661E-04    0.75363770E-04
0.44200000E-03    0.71709620E-07    0.16839623E-11    0.73804230E-04    0.75410799E-04
0.44300000E-03    0.71805343E-07    0.16871704E-11    0.73851067E-04    0.75460976E-04
0.44400000E-03    0.71901440E-07    0.16904006E-11    0.73898168E-04    0.75511766E-04
0.44500000E-03    0.71997898E-07    0.16936437E-11    0.73945398E-04    0.75562867E-04
0.44600000E-03    0.72093572E-07    0.16968675E-11    0.73992285E-04    0.75611614E-04
0.44700000E-03    0.72189241E-07    0.17000954E-11    0.74039173E-04    0.75662158E-04
0.44800000E-03    0.72284898E-07    0.17033256E-11    0.74086036E-04    0.75711899E-04
0.44900000E-03    0.72381287E-07    0.17065839E-11    0.74133245E-04    0.75763013E-04
0.45000000E-03    0.72477411E-07    0.17098346E-11    0.74180285E-04    0.75813284E-04
0.45100000E-03    0.72573092E-07    0.17130826E-11    0.74227226E-04    0.75863963E-04
0.45200000E-03    0.72668562E-07    0.17163223E-11    0.74273988E-04    0.75913692E-04
0.45300000E-03    0.72763755E-07    0.17195564E-11    0.74320611E-04    0.75962528E-04
0.45400000E-03    0.72859076E-07    0.17227988E-11    0.74367295E-04    0.76012631E-04
0.45500000E-03    0.72954069E-07    0.17260398E-11    0.74413899E-04    0.76061398E-04
0.45600000E-03    0.73049395E-07    0.17292941E-11    0.74460638E-04    0.76110626E-04
0.45700000E-03    0.73144995E-07    0.17325630E-11    0.74507526E-04    0.76159858E-04
0.45800000E-03    0.73241199E-07    0.17358535E-11    0.74554664E-04    0.76209451E-04
0.45900000E-03    0.73337545E-07    0.17391632E-11    0.74602017E-04    0.76259634E-04
0.46000000E-03    0.73433568E-07    0.17424609E-11    0.74649141E-04    0.76309949E-04
0.46100000E-03    0.73529100E-07    0.17457397E-11    0.74695934E-04    0.76359158E-04
0.46200000E-03    0.73625207E-07    0.17490379E-11    0.74742944E-04    0.76409370E-04
0.46300000E-03    0.73720730E-07    0.17523166E-11    0.74789619E-04    0.76458544E-04
0.46400000E-03    0.73816883E-07    0.17556160E-11    0.74836529E-04    0.76507801E-04
0.46500000E-03    0.73913123E-07    0.17589181E-11    0.74883419E-04    0.76557925E-04
0.46600000E-03    0.74008780E-07    0.17622018E-11    0.74929991E-04    0.76607810E-04
0.46700000E-03    0.74105899E-07    0.17655301E-11    0.74977135E-04    0.76658448E-04
0.46800000E-03    0.74203434E-07    0.17688671E-11    0.75024342E-04    0.76709282E-04
0.46900000E-03    0.74300542E-07    0.17721863E-11    0.75071240E-04    0.76758102E-04
0.47000000E-03    0.74397902E-07    0.17755122E-11    0.75118173E-04    0.76807642E-04
0.47100000E-03    0.74494836E-07    0.17788199E-11    0.75164792E-04    0.76857973E-04
0.47200000E-03    0.74591307E-07    0.17821096E-11    0.75211099E-04    0.76908016E-04
0.47300000E-03    0.74688539E-07    0.17854242E-11    0.75257700E-04    0.76958560E-04
0.47400000E-03    0.74785690E-07    0.17887431E-11    0.75304302E-04    0.77007930E-04
0.47500000E-03    0.74882162E-07    0.17920443E-11    0.75350599E-04    0.77058232E-04
0.47600000E-03    0.74979258E-07    0.17953663E-11    0.75397131E-04    0.77108575E-04
0.47700000E-03    0.75077979E-07    0.17987365E-11    0.75444279E-04    0.77159455E-04
0.47800000E-03    0.75177037E-07    0.18021204E-11    0.75491559E-04    0.77209643E-04
0.47900000E-03    0.75275897E-07    0.18055063E-11    0.75538809E-04    0.77259792E-04
0.48000000E-03    0.75374131E-07    0.18088731E-11    0.75585734E-04    0.77309011E-04
0.48100000E-03    0.75471671E-07    0.18122206E-11    0.75632331E-04    0.77358328E-04
0.48200000E-03    0.75568539E-07    0.18155488E-11    0.75678603E-04    0.77407798E-04
0.48300000E-03    0.75665917E-07    0.18188957E-11    0.75725078E-04    0.77458379E-04
0.48400000E-03    0.75763862E-07    0.18222632E-11    0.75771782E-04    0.77507256E-04
0.48500000E-03    0.75860997E-07    0.18256125E-11    0.75818175E-04    0.77556843E-04
0.48600000E-03    0.75957852E-07    0.18289593E-11    0.75864479E-04    0.77607031E-04
0.48700000E-03    0.76054601E-07    0.18323132E-11    0.75910823E-04    0.77656844E-04
0.48800000E-03    0.76150805E-07    0.18356699E-11    0.75957150E-04    0.77706946E-04
0.48900000E-03    0.76247537E-07    0.18390519E-11    0.76003768E-04    0.77756189E-04
0.49000000E-03    0.76343575E-07    0.18424213E-11    0.76050157E-04    0.77806239E-04
0.49100000E-03    0.76438628E-07    0.18457725E-11    0.76096238E-04    0.77855208E-04
0.49200000E-03    0.76533609E-07    0.18491192E-11    0.76142202E-04    0.77904891E-04
0.49300000E-03    0.76630554E-07    0.18525247E-11    0.76188917E-04    0.77955425E-04
0.49400000E-03    0.76728635E-07    0.18559646E-11    0.76236045E-04    0.78006100E-04
0.49500000E-03    0.76826277E-07    0.18594191E-11    0.76283316E-04    0.78056808E-04
0.49600000E-03    0.76923579E-07    0.18628543E-11    0.76330263E-04    0.78105676E-04
0.49700000E-03    0.77021577E-07    0.18663106E-11    0.76377442E-04    0.78156553E-04
0.49800000E-03    0.77118883E-07    0.18697465E-11    0.76424283E-04    0.78206430E-04
0.49900000E-03    0.77216289E-07    0.18731926E-11    0.76471206E-04    0.78256908E-04
0.50000000E-03    0.77313609E-07    0.18766322E-11    0.76517983E-04    0.78307496E-04
0.50100000E-03    0.77411485E-07    0.18800826E-11    0.76564851E-04    0.78358237E-04
0.50200000E-03    0.77508861E-07    0.18835117E-11    0.76611371E-04    0.78408190E-04
0.50300000E-03    0.77606566E-07    0.18869483E-11    0.76657938E-04    0.78458182E-04
0.50400000E-03    0.77703677E-07    0.18903639E-11    0.76704163E-04    0.78507255E-04
0.50500000E-03    0.77800199E-07    0.18937583E-11    0.76750047E-04    0.78556690E-04
0.50600000E-03    0.77895554E-07    0.18971315E-11    0.76795589E-04    0.78602387E-04
0.50700000E-03    0.77991709E-07    0.19005330E-11    0.76841459E-04    0.78651279E-04
0.50800000E-03    0.78088151E-07    0.19039399E-11    0.76887347E-04    0.78699929E-04
0.50900000E-03    0.78183898E-07    0.19073283E-11    0.76932931E-04    0.78748500E-04
0.51000000E-03    0.78280722E-07    0.19107574E-11    0.76979008E-04    0.78797860E-04
0.51100000E-03    0.78377129E-07    0.19141732E-11    0.77024852E-04    0.78845768E-04
0.51200000E-03    0.78473299E-07    0.19175845E-11    0.77070581E-04    0.78893297E-04
0.51300000E-03    0.78568808E-07    0.19209758E-11    0.77115988E-04    0.78942029E-04
0.51400000E-03    0.78664455E-07    0.19243678E-11    0.77161351E-04    0.78990818E-04
0.51500000E-03    0.78761081E-07    0.19277991E-11    0.77207185E-04    0.79037878E-04
0.51600000E-03    0.78857004E-07    0.19312100E-11    0.77252694E-04    0.79085852E-04
0.51700000E-03    0.78953853E-07    0.19346511E-11    0.77298550E-04    0.79134913E-04
0.51800000E-03    0.79050550E-07    0.19380852E-11    0.77344260E-04    0.79183881E-04
0.51900000E-03    0.79146660E-07    0.19415000E-11    0.77389659E-04    0.79231473E-04
0.52000000E-03    0.79242670E-07    0.19449134E-11    0.77434986E-04    0.79280001E-04
0.52100000E-03    0.79338814E-07    0.19483284E-11    0.77480281E-04    0.79327529E-04
0.52200000E-03    0.79435308E-07    0.19517556E-11    0.77525685E-04    0.79376188E-04
0.52300000E-03    0.79532554E-07    0.19552058E-11    0.77571339E-04    0.79425332E-04
0.52400000E-03    0.79629406E-07    0.19586370E-11    0.77616689E-04    0.79472971E-04
0.52500000E-03    0.79726136E-07    0.19620649E-11    0.77661943E-04    0.79520935E-04
0.52600000E-03    0.79822265E-07    0.19654731E-11    0.77706885E-04    0.79568177E-04
0.52700000E-03    0.79918601E-07    0.19688827E-11    0.77751793E-04    0.79615835E-04
0.52800000E-03    0.80015474E-07    0.19723100E-11    0.77796882E-04    0.79664117E-04
0.52900000E-03    0.80112375E-07    0.19757332E-11    0.77841865E-04    0.79712460E-04
0.53000000E-03    0.80209421E-07    0.19791580E-11    0.77886817E-04    0.79760485E-04
0.53100000E-03    0.80306485E-07    0.19825838E-11    0.77931729E-04    0.79809164E-04
0.53200000E-03    0.80403725E-07    0.19860131E-11    0.77976637E-04    0.79857058E-04
0.53300000E-03    0.80500315E-07    0.19894223E-11    0.78021229E-04    0.79903871E-04
0.53400000E-03    0.80596629E-07    0.19928279E-11    0.78065725E-04    0.79952168E-04
0.53500000E-03    0.80692719E-07    0.19962250E-11    0.78110058E-04    0.80000358E-04
0.53600000E-03    0.80789797E-07    0.19996565E-11    0.78154789E-04    0.80048841E-04
0.53700000E-03    0.80888206E-07    0.20031348E-11    0.78200079E-04    0.80097446E-04
0.53800000E-03    0.80986799E-07    0.20066217E-11    0.78245427E-04    0.80146105E-04
0.53900000E-03    0.81087415E-07    0.20101840E-11    0.78291702E-04    0.80195553E-04
0.54000000E-03    0.81188484E-07    0.20137640E-11    0.78338152E-04    0.80245950E-04
0.54100000E-03    0.81289925E-07    0.20173651E-11    0.78384820E-04    0.80295678E-04
0.54200000E-03    0.81391005E-07    0.20209595E-11    0.78431345E-04    0.80345818E-04
0.54300000E-03    0.81492196E-07    0.20245544E-11    0.78477823E-04    0.80394413E-04
0.54400000E-03    0.81592677E-07    0.20281290E-11    0.78523984E-04    0.80444774E-04
0.54500000E-03    0.81692604E-07    0.20316834E-11    0.78569828E-04    0.80494105E-04
0.54600000E-03    0.81793246E-07    0.20352603E-11    0.78615910E-04    0.80543033E-04
0.54700000E-03    0.81894189E-07    0.20388528E-11    0.78662139E-04    0.80590997E-04
0.54800000E-03    0.81995041E-07    0.20424447E-11    0.78708306E-04    0.80640903E-04
0.54900000E-03    0.82095788E-07    0.20460356E-11    0.78754406E-04    0.80689632E-04
0.55000000E-03    0.82196240E-07    0.20496195E-11    0.78800361E-04    0.80738976E-04
0.55100000E-03    0.82296205E-07    0.20531983E-11    0.78846200E-04    0.80788446E-04
0.55200000E-03    0.82395921E-07    0.20567727E-11    0.78891926E-04    0.80837459E-04
0.55300000E-03    0.82494885E-07    0.20603261E-11    0.78937333E-04    0.80885778E-04
0.55400000E-03    0.82593551E-07    0.20638747E-11    0.78982626E-04    0.80933777E-04
0.55500000E-03    0.82691450E-07    0.20674019E-11    0.79027595E-04    0.80981100E-04
0.55600000E-03    0.82788921E-07    0.20709250E-11    0.79072460E-04    0.81029332E-04
0.55700000E-03    0.82885496E-07    0.20744276E-11    0.79117014E-04    0.81076681E-04
0.55800000E-03    0.82982896E-07    0.20779645E-11    0.79161954E-04    0.81124874E-04
0.55900000E-03    0.83081612E-07    0.20815500E-11    0.79207459E-04    0.81173706E-04
0.56000000E-03    0.83180287E-07    0.20851378E-11    0.79252941E-04    0.81222288E-04
0.56100000E-03    0.83278305E-07    0.20887062E-11    0.79298124E-04    0.81269788E-04
0.56200000E-03    0.83376260E-07    0.20922840E-11    0.79343376E-04    0.81318321E-04
0.56300000E-03    0.83474114E-07    0.20958613E-11    0.79388569E-04    0.81365244E-04
0.56400000E-03    0.83571708E-07    0.20994352E-11    0.79433668E-04    0.81412135E-04
0.56500000E-03    0.83668852E-07    0.21029992E-11    0.79478592E-04    0.81458155E-04
0.56600000E-03    0.83766405E-07    0.21065829E-11    0.79523713E-04    0.81505164E-04
0.56700000E-03    0.83863657E-07    0.21101613E-11    0.79568716E-04    0.81553075E-04
0.56800000E-03    0.83960585E-07    0.21137287E-11    0.79613529E-04    0.81600667E-04
0.56900000E-03    0.84057517E-07    0.21172984E-11    0.79658322E-04    0.81648574E-04
0.57000000E-03    0.84155659E-07    0.21209100E-11    0.79703589E-04    0.81696538E-04
0.57100000E-03    0.84253733E-07    0.21245237E-11    0.79748831E-04    0.81744700E-04
0.57200000E-03    0.84351570E-07    0.21281542E-11    0.79794231E-04    0.81793071E-04
0.57300000E-03    0.84449732E-07    0.21317887E-11    0.79839630E-04    0.81841895E-04
0.57400000E-03    0.84547418E-07    0.21354176E-11    0.79884908E-04    0.81889606E-04
0.57500000E-03    0.84644776E-07    0.21390328E-11    0.79929962E-04    0.81937581E-04
0.57600000E-03    0.84742058E-07    0.21426334E-11    0.79974786E-04    0.81985317E-04
0.57700000E-03    0.84839590E-07    0.21462420E-11    0.80019658E-04    0.82033179E-04
0.57800000E-03    0.84936899E-07    0.21498502E-11    0.80064475E-04    0.82080079E-04
0.57900000E-03    0.85034254E-07    0.21534679E-11    0.80109361E-04    0.82128291E-04
0.58000000E-03    0.85132706E-07    0.21571102E-11    0.80154500E-04    0.82176524E-04
0.58100000E-03    0.85230901E-07    0.21607456E-11    0.80199503E-04    0.82224329E-04
0.58200000E-03    0.85328931E-07    0.21643806E-11    0.80244451E-04    0.82272293E-04
0.58300000E-03    0.85426390E-07    0.21679942E-11    0.80289084E-04    0.82320368E-04
0.58400000E-03    0.85523362E-07    0.21715864E-11    0.80333404E-04    0.82368325E-04
0.58500000E-03    0.85621373E-07    0.21752046E-11    0.80377995E-04    0.82415380E-04
0.58600000E-03    0.85719234E-07    0.21788087E-11    0.80422363E-04    0.82463784E-04
0.58700000E-03    0.85817250E-07    0.21824118E-11    0.80466670E-04    0.82510115E-04
0.58800000E-03    0.85914991E-07    0.21860040E-11    0.80510794E-04    0.82556968E-04
0.58900000E-03    0.86012251E-07    0.21895747E-11    0.80554607E-04    0.82604280E-04
0.59000000E-03    0.86109519E-07    0.21931409E-11    0.80598317E-04    0.82651194E-04
0.59100000E-03    0.86207681E-07    0.21967383E-11    0.80642361E-04    0.82697629E-04
0.59200000E-03    0.86305046E-07    0.22003139E-11    0.80686092E-04    0.82745005E-04
0.59300000E-03    0.86402268E-07    0.22038874E-11    0.80729748E-04    0.82790813E-04
0.59400000E-03    0.86500244E-07    0.22074863E-11    0.80773667E-04    0.82837059E-04
0.59500000E-03    0.86598568E-07    0.22110972E-11    0.80817685E-04    0.82884732E-04
0.59600000E-03    0.86697189E-07    0.22147236E-11    0.80861844E-04    0.82931860E-04
0.59700000E-03    0.86795577E-07    0.22183515E-11    0.80905972E-04    0.82978686E-04
0.59800000E-03    0.86893347E-07    0.22219578E-11    0.80949791E-04    0.83025001E-04
0.59900000E-03    0.86990973E-07    0.22255615E-11    0.80993531E-04    0.83072152E-04
0.60000000E-03    0.87088659E-07    0.22291658E-11    0.81037230E-04    0.83119308E-04
0.60100000E-03    0.87187012E-07    0.22327909E-11    0.81081134E-04    0.83166933E-04
0.60200000E-03    0.87285433E-07    0.22364196E-11    0.81125034E-04    0.83214339E-04
0.60300000E-03    0.87384947E-07    0.22400939E-11    0.81169438E-04    0.83262107E-04
0.60400000E-03    0.87484275E-07    0.22437595E-11    0.81213688E-04    0.83309843E-04
0.60500000E-03    0.87583354E-07    0.22474206E-11    0.81257835E-04    0.83355477E-04
0.60600000E-03    0.87682395E-07    0.22510822E-11    0.81301941E-04    0.83402705E-04
0.60700000E-03    0.87781342E-07    0.22547435E-11    0.81345995E-04    0.83449355E-04
0.60800000E-03    0.87881060E-07    0.22584324E-11    0.81390334E-04    0.83497323E-04
0.60900000E-03    0.87981262E-07    0.22621373E-11    0.81434816E-04    0.83544793E-04
0.61000000E-03    0.88082739E-07    0.22658846E-11    0.81479757E-04    0.83592535E-04
0.61100000E-03    0.88184142E-07    0.22696295E-11    0.81524621E-04    0.83640004E-04
0.61200000E-03    0.88284611E-07    0.22733540E-11    0.81569191E-04    0.83686801E-04
0.61300000E-03    0.88384389E-07    0.22770577E-11    0.81613464E-04    0.83733598E-04
0.61400000E-03    0.88483924E-07    0.22807569E-11    0.81657635E-04    0.83781159E-04
0.61500000E-03    0.88583512E-07    0.22844540E-11    0.81701733E-04    0.83828298E-04
0.61600000E-03    0.88682854E-07    0.22881504E-11    0.81745776E-04    0.83874648E-04
0.61700000E-03    0.88781897E-07    0.22918438E-11    0.81789735E-04    0.83921720E-04
0.61800000E-03    0.88880958E-07    0.22955393E-11    0.81833672E-04    0.83968901E-04
0.61900000E-03    0.88980084E-07    0.22992449E-11    0.81877682E-04    0.84015284E-04
0.62000000E-03    0.89080011E-07    0.23029798E-11    0.81921993E-04    0.84061812E-04
0.62100000E-03    0.89179993E-07    0.23067190E-11    0.81966305E-04    0.84108147E-04
0.62200000E-03    0.89279444E-07    0.23104431E-11    0.82010393E-04    0.84154975E-04
0.62300000E-03    0.89380297E-07    0.23142267E-11    0.82055135E-04    0.84202099E-04
0.62400000E-03    0.89480779E-07    0.23180067E-11    0.82099787E-04    0.84249950E-04
0.62500000E-03    0.89581129E-07    0.23217792E-11    0.82144300E-04    0.84297782E-04
0.62600000E-03    0.89681166E-07    0.23255488E-11    0.82188733E-04    0.84345484E-04
0.62700000E-03    0.89782444E-07    0.23293587E-11    0.82233591E-04    0.84393114E-04
0.62800000E-03    0.89883057E-07    0.23331480E-11    0.82278158E-04    0.84441023E-04
0.62900000E-03    0.89983745E-07    0.23369371E-11    0.82322675E-04    0.84487979E-04
0.63000000E-03    0.90083905E-07    0.23407062E-11    0.82366909E-04    0.84535857E-04
0.63100000E-03    0.90183941E-07    0.23444674E-11    0.82411002E-04    0.84581685E-04
0.63200000E-03    0.90284166E-07    0.23482407E-11    0.82455190E-04    0.84627717E-04
0.63300000E-03    0.90383581E-07    0.23519924E-11    0.82499079E-04    0.84674633E-04
0.63400000E-03    0.90483091E-07    0.23557453E-11    0.82542935E-04    0.84721716E-04
0.63500000E-03    0.90582749E-07    0.23595039E-11    0.82586812E-04    0.84768905E-04
0.63600000E-03    0.90681621E-07    0.23632408E-11    0.82630387E-04    0.84815535E-04
0.63700000E-03    0.90780547E-07    0.23669838E-11    0.82673989E-04    0.84860853E-04
0.63800000E-03    0.90879717E-07    0.23707423E-11    0.82717725E-04    0.84907216E-04
0.63900000E-03    0.90978251E-07    0.23744790E-11    0.82761161E-04    0.84953801E-04
0.64000000E-03    0.91077742E-07    0.23782539E-11    0.82804996E-04    0.84999050E-04
0.64100000E-03    0.91177393E-07    0.23820350E-11    0.82848855E-04    0.85045462E-04
0.64200000E-03    0.91277650E-07    0.23858397E-11    0.82892941E-04    0.85091375E-04
0.64300000E-03    0.91377526E-07    0.23896355E-11    0.82936878E-04    0.85138481E-04
0.64400000E-03    0.91477189E-07    0.23934267E-11    0.82980715E-04    0.85184630E-04
0.64500000E-03    0.91576201E-07    0.23971945E-11    0.83024236E-04    0.85230675E-04
0.64600000E-03    0.91675268E-07    0.24009638E-11    0.83067729E-04    0.85275990E-04
0.64700000E-03    0.91773567E-07    0.24047097E-11    0.83110906E-04    0.85321885E-04
0.64800000E-03    0.91872991E-07    0.24084934E-11    0.83154473E-04    0.85368602E-04
0.64900000E-03    0.91971954E-07    0.24122550E-11    0.83197742E-04    0.85414389E-04
0.65000000E-03    0.92071740E-07    0.24160520E-11    0.83241370E-04    0.85460568E-04
0.65100000E-03    0.92172093E-07    0.24198693E-11    0.83285187E-04    0.85507598E-04
0.65200000E-03    0.92271863E-07    0.24236657E-11    0.83328719E-04    0.85553814E-04
0.65300000E-03    0.92371084E-07    0.24274409E-11    0.83371962E-04    0.85600509E-04
0.65400000E-03    0.92470233E-07    0.24312132E-11    0.83415126E-04    0.85646954E-04
0.65500000E-03    0.92569787E-07    0.24349972E-11    0.83458381E-04    0.85693838E-04
0.65600000E-03    0.92668880E-07    0.24387738E-11    0.83501505E-04    0.85739063E-04
0.65700000E-03    0.92769207E-07    0.24425939E-11    0.83545082E-04    0.85785177E-04
0.65800000E-03    0.92868205E-07    0.24463939E-11    0.83588383E-04    0.85830966E-04
0.65900000E-03    0.92967900E-07    0.24502213E-11    0.83631952E-04    0.85877212E-04
0.66000000E-03    0.93067563E-07    0.24540630E-11    0.83675638E-04    0.85923684E-04
0.66100000E-03    0.93166742E-07    0.24578844E-11    0.83719048E-04    0.85970591E-04
0.66200000E-03    0.93265874E-07    0.24617063E-11    0.83762419E-04    0.86016454E-04
0.66300000E-03    0.93365565E-07    0.24655417E-11    0.83805898E-04    0.86063478E-04
0.66400000E-03    0.93465362E-07    0.24693793E-11    0.83849356E-04    0.86109076E-04
0.66500000E-03    0.93564534E-07    0.24732237E-11    0.83892847E-04    0.86155975E-04
0.66600000E-03    0.93664758E-07    0.24770877E-11    0.83936514E-04    0.86203757E-04
0.66700000E-03    0.93764763E-07    0.24809439E-11    0.83980047E-04    0.86249277E-04
0.66800000E-03    0.93865178E-07    0.24848262E-11    0.84023830E-04    0.86297664E-04
0.66900000E-03    0.93965556E-07    0.24887038E-11    0.84067513E-04    0.86344275E-04
0.67000000E-03    0.94066491E-07    0.24925964E-11    0.84111320E-04    0.86391886E-04
0.67100000E-03    0.94166890E-07    0.24964670E-11    0.84154835E-04    0.86437475E-04
0.67200000E-03    0.94266688E-07    0.25003154E-11    0.84198056E-04    0.86484539E-04
0.67300000E-03    0.94365958E-07    0.25041417E-11    0.84240984E-04    0.86530789E-04
0.67400000E-03    0.94465454E-07    0.25079845E-11    0.84284053E-04    0.86576607E-04
0.67500000E-03    0.94564763E-07    0.25118213E-11    0.84327011E-04    0.86621755E-04
0.67600000E-03    0.94663556E-07    0.25156354E-11    0.84369673E-04    0.86667134E-04
0.67700000E-03    0.94763301E-07    0.25194809E-11    0.84412640E-04    0.86713113E-04
0.67800000E-03    0.94862870E-07    0.25233259E-11    0.84455560E-04    0.86758547E-04
0.67900000E-03    0.94964062E-07    0.25272294E-11    0.84499088E-04    0.86805669E-04
0.68000000E-03    0.95065120E-07    0.25311266E-11    0.84542500E-04    0.86851155E-04
0.68100000E-03    0.95166397E-07    0.25350399E-11    0.84586047E-04    0.86896749E-04
0.68200000E-03    0.95267977E-07    0.25389685E-11    0.84629719E-04    0.86943055E-04
0.68300000E-03    0.95370291E-07    0.25429261E-11    0.84673669E-04    0.86990366E-04
0.68400000E-03    0.95472215E-07    0.25468679E-11    0.84717397E-04    0.87036514E-04
0.68500000E-03    0.95573554E-07    0.25507875E-11    0.84760834E-04    0.87083267E-04
0.68600000E-03    0.95674027E-07    0.25546848E-11    0.84803981E-04    0.87128929E-04
0.68700000E-03    0.95774088E-07    0.25585748E-11    0.84847003E-04    0.87172653E-04
0.68800000E-03    0.95875277E-07    0.25625086E-11    0.84890464E-04    0.87218866E-04
0.68900000E-03    0.95976370E-07    0.25664384E-11    0.84933837E-04    0.87265282E-04
0.69000000E-03    0.96077689E-07    0.25703784E-11    0.84977279E-04    0.87311170E-04
0.69100000E-03    0.96178435E-07    0.25742952E-11    0.85020420E-04    0.87357243E-04
0.69200000E-03    0.96278964E-07    0.25782031E-11    0.85063420E-04    0.87402724E-04
0.69300000E-03    0.96379313E-07    0.25821029E-11    0.85106287E-04    0.87448704E-04
0.69400000E-03    0.96478824E-07    0.25859782E-11    0.85148843E-04    0.87493972E-04
0.69500000E-03    0.96577753E-07    0.25898291E-11    0.85191088E-04    0.87538561E-04
0.69600000E-03    0.96677438E-07    0.25937138E-11    0.85233661E-04    0.87582359E-04
0.69700000E-03    0.96776389E-07    0.25975755E-11    0.85275941E-04    0.87626819E-04
0.69800000E-03    0.96874676E-07    0.26014143E-11    0.85317929E-04    0.87671705E-04
0.69900000E-03    0.96972826E-07    0.26052496E-11    0.85359837E-04    0.87716338E-04
0.70000000E-03    0.97070433E-07    0.26090620E-11    0.85401454E-04    0.87760900E-04
0.70100000E-03    0.97168962E-07    0.26129111E-11    0.85443430E-04    0.87805744E-04
0.70200000E-03    0.97267647E-07    0.26167684E-11    0.85485455E-04    0.87849166E-04
0.70300000E-03    0.97365674E-07    0.26206021E-11    0.85527182E-04    0.87893442E-04
0.70400000E-03    0.97464685E-07    0.26244717E-11    0.85569257E-04    0.87938543E-04
0.70500000E-03    0.97562997E-07    0.26283192E-11    0.85611052E-04    0.87981893E-04
0.70600000E-03    0.97661047E-07    0.26321709E-11    0.85652851E-04    0.88026312E-04
0.70700000E-03    0.97759615E-07    0.26360422E-11    0.85694823E-04    0.88071141E-04
0.70800000E-03    0.97858598E-07    0.26399248E-11    0.85736875E-04    0.88116269E-04
0.70900000E-03    0.97958006E-07    0.26438285E-11    0.85779114E-04    0.88160997E-04
0.71000000E-03    0.98058180E-07    0.26477559E-11    0.85821568E-04    0.88206052E-04
0.71100000E-03    0.98158623E-07    0.26516983E-11    0.85864142E-04    0.88251457E-04
0.71200000E-03    0.98260181E-07    0.26556803E-11    0.85907101E-04    0.88297242E-04
0.71300000E-03    0.98361013E-07    0.26596407E-11    0.85949784E-04    0.88341162E-04
0.71400000E-03    0.98461350E-07    0.26635794E-11    0.85992191E-04    0.88386577E-04
0.71500000E-03    0.98562861E-07    0.26675599E-11    0.86035005E-04    0.88431660E-04
0.71600000E-03    0.98664743E-07    0.26715575E-11    0.86077962E-04    0.88477851E-04
0.71700000E-03    0.98766506E-07    0.26755439E-11    0.86120754E-04    0.88523143E-04
0.71800000E-03    0.98869897E-07    0.26795875E-11    0.86164117E-04    0.88569883E-04
0.71900000E-03    0.98972842E-07    0.26836106E-11    0.86207218E-04    0.88616558E-04
0.72000000E-03    0.99075505E-07    0.26876209E-11    0.86250139E-04    0.88662082E-04
0.72100000E-03    0.99178229E-07    0.26916389E-11    0.86293099E-04    0.88707726E-04
0.72200000E-03    0.99280645E-07    0.26956529E-11    0.86335973E-04    0.88752850E-04
0.72300000E-03    0.99383744E-07    0.26996864E-11    0.86379013E-04    0.88799271E-04
0.72400000E-03    0.99488699E-07    0.27037870E-11    0.86422725E-04    0.88845872E-04
0.72500000E-03    0.99593589E-07    0.27078866E-11    0.86466382E-04    0.88892737E-04
0.72600000E-03    0.99697754E-07    0.27119649E-11    0.86509769E-04    0.88939519E-04
0.72700000E-03    0.99801956E-07    0.27160451E-11    0.86553132E-04    0.88985492E-04
0.72800000E-03    0.99905967E-07    0.27201232E-11    0.86596430E-04    0.89031772E-04
0.72900000E-03    0.10000969E-06    0.27241924E-11    0.86639590E-04    0.89077505E-04
0.73000000E-03    0.10011338E-06    0.27282761E-11    0.86682861E-04    0.89123893E-04
0.73100000E-03    0.10021667E-06    0.27323514E-11    0.86725999E-04    0.89169535E-04
0.73200000E-03    0.10031921E-06    0.27364029E-11    0.86768844E-04    0.89215375E-04
0.73300000E-03    0.10042207E-06    0.27404663E-11    0.86811772E-04    0.89261842E-04
0.73400000E-03    0.10052474E-06    0.27445253E-11    0.86854610E-04    0.89306536E-04
0.73500000E-03    0.10062651E-06    0.27485598E-11    0.86897149E-04    0.89351678E-04
0.73600000E-03    0.10072831E-06    0.27525980E-11    0.86939685E-04    0.89396760E-04
0.73700000E-03    0.10082936E-06    0.27566120E-11    0.86981924E-04    0.89442051E-04
0.73800000E-03    0.10093075E-06    0.27606425E-11    0.87024297E-04    0.89486569E-04
0.73900000E-03    0.10103243E-06    0.27646894E-11    0.87066799E-04    0.89531364E-04
0.74000000E-03    0.10113365E-06    0.27687242E-11    0.87109134E-04    0.89576758E-04
0.74100000E-03    0.10123418E-06    0.27727360E-11    0.87151187E-04    0.89621451E-04
0.74200000E-03    0.10133486E-06    0.27767562E-11    0.87193287E-04    0.89665253E-04
0.74300000E-03    0.10143552E-06    0.27807864E-11    0.87235451E-04    0.89710292E-04
0.74400000E-03    0.10153544E-06    0.27847932E-11    0.87277329E-04    0.89754733E-04
0.74500000E-03    0.10163592E-06    0.27888177E-11    0.87319353E-04    0.89800033E-04
0.74600000E-03    0.10173618E-06    0.27928398E-11    0.87361310E-04    0.89845126E-04
0.74700000E-03    0.10183701E-06    0.27968997E-11    0.87403621E-04    0.89890785E-04
0.74800000E-03    0.10193743E-06    0.28009448E-11    0.87445738E-04    0.89935251E-04
0.74900000E-03    0.10203741E-06    0.28049876E-11    0.87487790E-04    0.89979752E-04
0.75000000E-03    0.10213745E-06    0.28090317E-11    0.87529815E-04    0.90023935E-04
0.75100000E-03    0.10223831E-06    0.28131068E-11    0.87572122E-04    0.90068981E-04
0.75200000E-03    0.10233901E-06    0.28171772E-11    0.87614338E-04    0.90113908E-04
0.75300000E-03    0.10243953E-06    0.28212361E-11    0.87656396E-04    0.90158874E-04
0.75400000E-03    0.10253946E-06    0.28252928E-11    0.87698389E-04    0.90203836E-04
0.75500000E-03    0.10264041E-06    0.28293760E-11    0.87740617E-04    0.90248994E-04
0.75600000E-03    0.10274090E-06    0.28334369E-11    0.87782574E-04    0.90291155E-04
0.75700000E-03    0.10284117E-06    0.28375092E-11    0.87824608E-04    0.90336397E-04
0.75800000E-03    0.10294111E-06    0.28415702E-11    0.87866486E-04    0.90381162E-04
0.75900000E-03    0.10304174E-06    0.28456698E-11    0.87908722E-04    0.90424399E-04
0.76000000E-03    0.10314218E-06    0.28497640E-11    0.87950861E-04    0.90468547E-04
0.76100000E-03    0.10324202E-06    0.28538343E-11    0.87992715E-04    0.90513139E-04
0.76200000E-03    0.10334340E-06    0.28579563E-11    0.88035058E-04    0.90558561E-04
0.76300000E-03    0.10344412E-06    0.28620552E-11    0.88077125E-04    0.90602531E-04
0.76400000E-03    0.10354514E-06    0.28661701E-11    0.88119316E-04    0.90647035E-04
0.76500000E-03    0.10364562E-06    0.28702622E-11    0.88161233E-04    0.90691885E-04
0.76600000E-03    0.10374602E-06    0.28743492E-11    0.88203058E-04    0.90736088E-04
0.76700000E-03    0.10384613E-06    0.28784275E-11    0.88244754E-04    0.90779460E-04
0.76800000E-03    0.10394649E-06    0.28825161E-11    0.88286516E-04    0.90824135E-04
0.76900000E-03    0.10404679E-06    0.28865968E-11    0.88328158E-04    0.90868757E-04
0.77000000E-03    0.10414661E-06    0.28906536E-11    0.88369517E-04    0.90912519E-04
0.77100000E-03    0.10424633E-06    0.28947015E-11    0.88410747E-04    0.90955759E-04
0.77200000E-03    0.10434547E-06    0.28987260E-11    0.88451700E-04    0.90998916E-04
0.77300000E-03    0.10444537E-06    0.29027738E-11    0.88492853E-04    0.91043134E-04
0.77400000E-03    0.10454653E-06    0.29068590E-11    0.88534347E-04    0.91085766E-04
0.77500000E-03    0.10464791E-06    0.29109517E-11    0.88575878E-04    0.91130579E-04
0.77600000E-03    0.10474969E-06    0.29150523E-11    0.88617449E-04    0.91174570E-04
0.77700000E-03    0.10485203E-06    0.29191707E-11    0.88659163E-04    0.91218555E-04
0.77800000E-03    0.10495433E-06    0.29232861E-11    0.88700807E-04    0.91263384E-04
0.77900000E-03    0.10505680E-06    0.29274032E-11    0.88742429E-04    0.91308552E-04
0.78000000E-03    0.10515961E-06    0.29315304E-11    0.88784114E-04    0.91353538E-04
0.78100000E-03    0.10526201E-06    0.29356351E-11    0.88825533E-04    0.91397919E-04
0.78200000E-03    0.10536497E-06    0.29397629E-11    0.88867146E-04    0.91442508E-04
0.78300000E-03    0.10546858E-06    0.29439141E-11    0.88908956E-04    0.91487445E-04
0.78400000E-03    0.10557158E-06    0.29480429E-11    0.88950500E-04    0.91532418E-04
0.78500000E-03    0.10567433E-06    0.29521692E-11    0.88991982E-04    0.91576429E-04
0.78600000E-03    0.10577634E-06    0.29562725E-11    0.89033193E-04    0.91620535E-04
0.78700000E-03    0.10587818E-06    0.29603713E-11    0.89074322E-04    0.91663692E-04
0.78800000E-03    0.10598107E-06    0.29645133E-11    0.89115845E-04    0.91708482E-04
0.78900000E-03    0.10608359E-06    0.29686454E-11    0.89157230E-04    0.91751815E-04
0.79000000E-03    0.10618535E-06    0.29727531E-11    0.89198334E-04    0.91796200E-04
0.79100000E-03    0.10628683E-06    0.29768525E-11    0.89239316E-04    0.91840549E-04
0.79200000E-03    0.10638852E-06    0.29809624E-11    0.89280366E-04    0.91883999E-04
0.79300000E-03    0.10648951E-06    0.29850481E-11    0.89321137E-04    0.91926869E-04
0.79400000E-03    0.10659097E-06    0.29891503E-11    0.89362035E-04    0.91971048E-04
0.79500000E-03    0.10669272E-06    0.29932634E-11    0.89403004E-04    0.92015058E-04
0.79600000E-03    0.10679454E-06    0.29973894E-11    0.89444063E-04    0.92058429E-04
0.79700000E-03    0.10689607E-06    0.30015138E-11    0.89485069E-04    0.92101724E-04
0.79800000E-03    0.10699740E-06    0.30056279E-11    0.89525935E-04    0.92145827E-04
0.79900000E-03    0.10709875E-06    0.30097505E-11    0.89566849E-04    0.92189918E-04
0.80000000E-03    0.10720122E-06    0.30139228E-11    0.89608218E-04    0.92234611E-04
0.80100000E-03    0.10730336E-06    0.30180845E-11    0.89649443E-04    0.92277361E-04
0.80200000E-03    0.10740622E-06    0.30222900E-11    0.89691064E-04    0.92320913E-04
0.80300000E-03    0.10751091E-06    0.30265749E-11    0.89733431E-04    0.92364996E-04
0.80400000E-03    0.10761485E-06    0.30308390E-11    0.89775552E-04    0.92408335E-04
0.80500000E-03    0.10771932E-06    0.30351350E-11    0.89817949E-04    0.92453805E-04
0.80600000E-03    0.10782338E-06    0.30394247E-11    0.89860244E-04    0.92498005E-04
0.80700000E-03    0.10792735E-06    0.30437160E-11    0.89902514E-04    0.92543422E-04
0.80800000E-03    0.10803066E-06    0.30479849E-11    0.89944525E-04    0.92588272E-04
0.80900000E-03    0.10813418E-06    0.30522622E-11    0.89986579E-04    0.92633203E-04
0.81000000E-03    0.10823863E-06    0.30565770E-11    0.90028962E-04    0.92678499E-04
0.81100000E-03    0.10834252E-06    0.30608685E-11    0.90071076E-04    0.92723273E-04
0.81200000E-03    0.10844609E-06    0.30651491E-11    0.90113045E-04    0.92767953E-04
0.81300000E-03    0.10854971E-06    0.30694260E-11    0.90154939E-04    0.92812584E-04
0.81400000E-03    0.10865256E-06    0.30736801E-11    0.90196569E-04    0.92856211E-04
0.81500000E-03    0.10875580E-06    0.30779497E-11    0.90238314E-04    0.92900689E-04
0.81600000E-03    0.10885875E-06    0.30822111E-11    0.90279939E-04    0.92943886E-04
0.81700000E-03    0.10896242E-06    0.30865023E-11    0.90321817E-04    0.92988399E-04
0.81800000E-03    0.10906602E-06    0.30907891E-11    0.90363613E-04    0.93033171E-04
0.81900000E-03    0.10916980E-06    0.30950827E-11    0.90405437E-04    0.93077946E-04
0.82000000E-03    0.10927315E-06    0.30993671E-11    0.90447133E-04    0.93121005E-04
0.82100000E-03    0.10937643E-06    0.31036490E-11    0.90488766E-04    0.93164907E-04
0.82200000E-03    0.10948001E-06    0.31079431E-11    0.90530479E-04    0.93208724E-04
0.82300000E-03    0.10958288E-06    0.31122129E-11    0.90571917E-04    0.93251708E-04
0.82400000E-03    0.10968588E-06    0.31164902E-11    0.90613392E-04    0.93296100E-04
0.82500000E-03    0.10978885E-06    0.31207643E-11    0.90654796E-04    0.93340186E-04
0.82600000E-03    0.10989244E-06    0.31250660E-11    0.90696431E-04    0.93382971E-04
0.82700000E-03    0.10999544E-06    0.31293437E-11    0.90737794E-04    0.93427286E-04
0.82800000E-03    0.11009847E-06    0.31336170E-11    0.90779079E-04    0.93471596E-04
0.82900000E-03    0.11020152E-06    0.31378914E-11    0.90820335E-04    0.93515223E-04
0.83000000E-03    0.11030390E-06    0.31421426E-11    0.90861331E-04    0.93558148E-04
0.83100000E-03    0.11040649E-06    0.31464040E-11    0.90902388E-04    0.93601676E-04
0.83200000E-03    0.11050883E-06    0.31506582E-11    0.90943339E-04    0.93645531E-04
0.83300000E-03    0.11061127E-06    0.31549172E-11    0.90984299E-04    0.93688497E-04
0.83400000E-03    0.11071332E-06    0.31591591E-11    0.91025058E-04    0.93731580E-04
0.83500000E-03    0.11081515E-06    0.31633931E-11    0.91065705E-04    0.93774544E-04
0.83600000E-03    0.11091668E-06    0.31676176E-11    0.91106223E-04    0.93818128E-04
0.83700000E-03    0.11101879E-06    0.31718627E-11    0.91146904E-04    0.93860937E-04
0.83800000E-03    0.11112017E-06    0.31760934E-11    0.91187411E-04    0.93901766E-04
0.83900000E-03    0.11122187E-06    0.31803493E-11    0.91228123E-04    0.93945628E-04
0.84000000E-03    0.11132381E-06    0.31846157E-11    0.91268898E-04    0.93989118E-04
0.84100000E-03    0.11142575E-06    0.31888853E-11    0.91309668E-04    0.94032651E-04
0.84200000E-03    0.11152759E-06    0.31931463E-11    0.91350319E-04    0.94076491E-04
0.84300000E-03    0.11162980E-06    0.31974167E-11    0.91391024E-04    0.94120594E-04
0.84400000E-03    0.11173245E-06    0.32017028E-11    0.91431842E-04    0.94164233E-04
0.84500000E-03    0.11183416E-06    0.32059646E-11    0.91472392E-04    0.94206974E-04
0.84600000E-03    0.11193525E-06    0.32102171E-11    0.91512819E-04    0.94250227E-04
0.84700000E-03    0.11203690E-06    0.32144926E-11    0.91553427E-04    0.94293482E-04
0.84800000E-03    0.11213794E-06    0.32187431E-11    0.91593763E-04    0.94337028E-04
0.84900000E-03    0.11223955E-06    0.32230249E-11    0.91634360E-04    0.94379827E-04
0.85000000E-03    0.11234061E-06    0.32272824E-11    0.91674691E-04    0.94423120E-04
0.85100000E-03    0.11244143E-06    0.32315262E-11    0.91714856E-04    0.94466003E-04
0.85200000E-03    0.11254294E-06    0.32357911E-11    0.91755187E-04    0.94509611E-04
0.85300000E-03    0.11264424E-06    0.32400433E-11    0.91795362E-04    0.94552587E-04
0.85400000E-03    0.11274625E-06    0.32443251E-11    0.91835780E-04    0.94595511E-04
0.85500000E-03    0.11284867E-06    0.32486240E-11    0.91876324E-04    0.94638699E-04
0.85600000E-03    0.11295109E-06    0.32529284E-11    0.91916885E-04    0.94680915E-04
0.85700000E-03    0.11305399E-06    0.32572634E-11    0.91957698E-04    0.94724864E-04
0.85800000E-03    0.11315682E-06    0.32615933E-11    0.91998426E-04    0.94768093E-04
0.85900000E-03    0.11326029E-06    0.32659538E-11    0.92039406E-04    0.94811395E-04
0.86000000E-03    0.11336316E-06    0.32702909E-11    0.92080130E-04    0.94854880E-04
0.86100000E-03    0.11346656E-06    0.32746472E-11    0.92120999E-04    0.94898621E-04
0.86200000E-03    0.11357045E-06    0.32790223E-11    0.92162006E-04    0.94941561E-04
0.86300000E-03    0.11367433E-06    0.32834024E-11    0.92203025E-04    0.94984319E-04
0.86400000E-03    0.11377767E-06    0.32877590E-11    0.92243787E-04    0.95028195E-04
0.86500000E-03    0.11388050E-06    0.32920921E-11    0.92284293E-04    0.95071610E-04
0.86600000E-03    0.11398373E-06    0.32964455E-11    0.92324953E-04    0.95114417E-04
0.86700000E-03    0.11408780E-06    0.33008330E-11    0.92365896E-04    0.95157820E-04
0.86800000E-03    0.11419252E-06    0.33052487E-11    0.92407066E-04    0.95202086E-04
0.86900000E-03    0.11429755E-06    0.33096696E-11    0.92448247E-04    0.95246420E-04
0.87000000E-03    0.11440331E-06    0.33141201E-11    0.92489666E-04    0.95290316E-04
0.87100000E-03    0.11450842E-06    0.33185469E-11    0.92530828E-04    0.95334720E-04
0.87200000E-03    0.11461354E-06    0.33229703E-11    0.92571923E-04    0.95378591E-04
0.87300000E-03    0.11471889E-06    0.33274021E-11    0.92613058E-04    0.95422400E-04
0.87400000E-03    0.11482365E-06    0.33318104E-11    0.92653940E-04    0.95465873E-04
0.87500000E-03    0.11492843E-06    0.33362149E-11    0.92694750E-04    0.95507962E-04
0.87600000E-03    0.11503290E-06    0.33406115E-11    0.92735451E-04    0.95551458E-04
0.87700000E-03    0.11513722E-06    0.33450037E-11    0.92776075E-04    0.95595022E-04
0.87800000E-03    0.11524096E-06    0.33493781E-11    0.92816501E-04    0.95637904E-04
0.87900000E-03    0.11534438E-06    0.33537418E-11    0.92856791E-04    0.95680171E-04
0.88000000E-03    0.11544756E-06    0.33580987E-11    0.92896985E-04    0.95722077E-04
0.88100000E-03    0.11555036E-06    0.33624461E-11    0.92937055E-04    0.95764772E-04
0.88200000E-03    0.11565286E-06    0.33667860E-11    0.92977023E-04    0.95807047E-04
0.88300000E-03    0.11575529E-06    0.33711321E-11    0.93017012E-04    0.95848574E-04
0.88400000E-03    0.11585753E-06    0.33754793E-11    0.93056978E-04    0.95890717E-04
0.88500000E-03    0.11595904E-06    0.33798003E-11    0.93096670E-04    0.95932524E-04
0.88600000E-03    0.11605980E-06    0.33840955E-11    0.93136089E-04    0.95974537E-04
0.88700000E-03    0.11616141E-06    0.33884285E-11    0.93175823E-04    0.96016666E-04
0.88800000E-03    0.11626276E-06    0.33927503E-11    0.93215421E-04    0.96058562E-04
0.88900000E-03    0.11636460E-06    0.33970968E-11    0.93255210E-04    0.96100735E-04
0.89000000E-03    0.11646614E-06    0.34014340E-11    0.93294880E-04    0.96143081E-04
0.89100000E-03    0.11656801E-06    0.34057826E-11    0.93334621E-04    0.96185077E-04
0.89200000E-03    0.11667035E-06    0.34101539E-11    0.93374536E-04    0.96226878E-04
0.89300000E-03    0.11677233E-06    0.34145131E-11    0.93414306E-04    0.96269338E-04
0.89400000E-03    0.11687506E-06    0.34189100E-11    0.93454386E-04    0.96312227E-04
0.89500000E-03    0.11697828E-06    0.34233373E-11    0.93494707E-04    0.96355395E-04
0.89600000E-03    0.11708309E-06    0.34278258E-11    0.93535551E-04    0.96398214E-04
0.89700000E-03    0.11718727E-06    0.34322911E-11    0.93576149E-04    0.96441080E-04
0.89800000E-03    0.11729135E-06    0.34367491E-11    0.93616645E-04    0.96483481E-04
0.89900000E-03    0.11739527E-06    0.34412098E-11    0.93657131E-04    0.96524570E-04
0.90000000E-03    0.11749907E-06    0.34456653E-11    0.93697534E-04    0.96566939E-04
0.90100000E-03    0.11760264E-06    0.34501134E-11    0.93737835E-04    0.96609866E-04
0.90200000E-03    0.11770594E-06    0.34545532E-11    0.93778027E-04    0.96652998E-04
0.90300000E-03    0.11780968E-06    0.34590103E-11    0.93818341E-04    0.96696318E-04
0.90400000E-03    0.11791347E-06    0.34634675E-11    0.93858621E-04    0.96739421E-04
0.90500000E-03    0.11801907E-06    0.34679889E-11    0.93899446E-04    0.96783122E-04
0.90600000E-03    0.11812470E-06    0.34725044E-11    0.93940183E-04    0.96826885E-04
0.90700000E-03    0.11823063E-06    0.34770274E-11    0.93980951E-04    0.96868705E-04
0.90800000E-03    0.11833608E-06    0.34815257E-11    0.94021462E-04    0.96912592E-04
0.90900000E-03    0.11844146E-06    0.34860190E-11    0.94061893E-04    0.96954858E-04
0.91000000E-03    0.11854726E-06    0.34905404E-11    0.94102541E-04    0.96997879E-04
0.91100000E-03    0.11865241E-06    0.34950375E-11    0.94142937E-04    0.97040630E-04
0.91200000E-03    0.11875711E-06    0.34995229E-11    0.94183193E-04    0.97082604E-04
0.91300000E-03    0.11886115E-06    0.35039835E-11    0.94223192E-04    0.97124377E-04
0.91400000E-03    0.11896457E-06    0.35084190E-11    0.94262933E-04    0.97167032E-04
0.91500000E-03    0.11906826E-06    0.35128682E-11    0.94302763E-04    0.97209729E-04
0.91600000E-03    0.11917226E-06    0.35173319E-11    0.94342688E-04    0.97252050E-04
0.91700000E-03    0.11927721E-06    0.35218306E-11    0.94382893E-04    0.97295344E-04
0.91800000E-03    0.11938228E-06    0.35263346E-11    0.94423111E-04    0.97338187E-04
0.91900000E-03    0.11948667E-06    0.35308146E-11    0.94463080E-04    0.97379696E-04
0.92000000E-03    0.11959074E-06    0.35352906E-11    0.94502980E-04    0.97421884E-04
0.92100000E-03    0.11969402E-06    0.35397422E-11    0.94542629E-04    0.97464421E-04
0.92200000E-03    0.11979755E-06    0.35442057E-11    0.94582351E-04    0.97507007E-04
0.92300000E-03    0.11990149E-06    0.35486869E-11    0.94622196E-04    0.97549839E-04
0.92400000E-03    0.12000651E-06    0.35532111E-11    0.94662391E-04    0.97591627E-04
0.92500000E-03    0.12011273E-06    0.35577889E-11    0.94703026E-04    0.97634794E-04
0.92600000E-03    0.12021837E-06    0.35623431E-11    0.94743417E-04    0.97677933E-04
0.92700000E-03    0.12032369E-06    0.35668860E-11    0.94783674E-04    0.97720564E-04
0.92800000E-03    0.12042893E-06    0.35714244E-11    0.94823857E-04    0.97763426E-04
0.92900000E-03    0.12053438E-06    0.35759737E-11    0.94864102E-04    0.97806347E-04
0.93000000E-03    0.12063996E-06    0.35805341E-11    0.94904412E-04    0.97848171E-04
0.93100000E-03    0.12074575E-06    0.35851110E-11    0.94944832E-04    0.97891497E-04
0.93200000E-03    0.12085094E-06    0.35896635E-11    0.94985003E-04    0.97934679E-04
0.93300000E-03    0.12095623E-06    0.35942258E-11    0.95025227E-04    0.97978070E-04
0.93400000E-03    0.12106161E-06    0.35987985E-11    0.95065508E-04    0.98021628E-04
0.93500000E-03    0.12116731E-06    0.36033858E-11    0.95105884E-04    0.98064661E-04
0.93600000E-03    0.12127268E-06    0.36079670E-11    0.95146171E-04    0.98107537E-04
0.93700000E-03    0.12137806E-06    0.36125462E-11    0.95186407E-04    0.98150260E-04
0.93800000E-03    0.12148344E-06    0.36171318E-11    0.95226665E-04    0.98192910E-04
0.93900000E-03    0.12158821E-06    0.36216918E-11    0.95266665E-04    0.98235372E-04
0.94000000E-03    0.12169269E-06    0.36262442E-11    0.95306564E-04    0.98277942E-04
0.94100000E-03    0.12179625E-06    0.36307704E-11    0.95346201E-04    0.98320244E-04
0.94200000E-03    0.12190007E-06    0.36353226E-11    0.95386032E-04    0.98360773E-04
0.94300000E-03    0.12200349E-06    0.36398682E-11    0.95425772E-04    0.98402970E-04
0.94400000E-03    0.12210622E-06    0.36443877E-11    0.95465252E-04    0.98444653E-04
0.94500000E-03    0.12220891E-06    0.36489072E-11    0.95504698E-04    0.98487584E-04
0.94600000E-03    0.12231204E-06    0.36534458E-11    0.95544279E-04    0.98529371E-04
0.94700000E-03    0.12241457E-06    0.36579583E-11    0.95583600E-04    0.98570529E-04
0.94800000E-03    0.12251744E-06    0.36624829E-11    0.95622993E-04    0.98612942E-04
0.94900000E-03    0.12262143E-06    0.36670444E-11    0.95662675E-04    0.98654937E-04
0.95000000E-03    0.12272602E-06    0.36716310E-11    0.95702542E-04    0.98697856E-04
0.95100000E-03    0.12283049E-06    0.36762119E-11    0.95742326E-04    0.98738526E-04
0.95200000E-03    0.12293430E-06    0.36807775E-11    0.95781945E-04    0.98780834E-04
0.95300000E-03    0.12303854E-06    0.36853625E-11    0.95821699E-04    0.98822101E-04
0.95400000E-03    0.12314249E-06    0.36899462E-11    0.95861409E-04    0.98863838E-04
0.95500000E-03    0.12324607E-06    0.36945175E-11    0.95900979E-04    0.98905732E-04
0.95600000E-03    0.12335001E-06    0.36991060E-11    0.95940665E-04    0.98948308E-04
0.95700000E-03    0.12345446E-06    0.37037133E-11    0.95980480E-04    0.98991074E-04
0.95800000E-03    0.12355831E-06    0.37082951E-11    0.96020042E-04    0.99032934E-04
0.95900000E-03    0.12366152E-06    0.37128511E-11    0.96059350E-04    0.99074207E-04
0.96000000E-03    0.12376433E-06    0.37173952E-11    0.96098522E-04    0.99114504E-04
0.96100000E-03    0.12386691E-06    0.37219331E-11    0.96137610E-04    0.99155625E-04
0.96200000E-03    0.12396897E-06    0.37264456E-11    0.96176447E-04    0.99197050E-04
0.96300000E-03    0.12407113E-06    0.37309590E-11    0.96215260E-04    0.99238533E-04
0.96400000E-03    0.12417333E-06    0.37354729E-11    0.96254046E-04    0.99279853E-04
0.96500000E-03    0.12427626E-06    0.37400162E-11    0.96293053E-04    0.99321355E-04
0.96600000E-03    0.12437862E-06    0.37445336E-11    0.96331807E-04    0.99362195E-04
0.96700000E-03    0.12448120E-06    0.37490592E-11    0.96370600E-04    0.99403411E-04
0.96800000E-03    0.12458367E-06    0.37535789E-11    0.96409312E-04    0.99443144E-04
0.96900000E-03    0.12468673E-06    0.37581293E-11    0.96448254E-04    0.99483764E-04
0.97000000E-03    0.12479130E-06    0.37627428E-11    0.96487705E-04    0.99526021E-04
0.97100000E-03    0.12489539E-06    0.37673318E-11    0.96526914E-04    0.99567939E-04
0.97200000E-03    0.12499968E-06    0.37719278E-11    0.96566151E-04    0.99609709E-04
0.97300000E-03    0.12510345E-06    0.37764991E-11    0.96605146E-04    0.99650540E-04
0.97400000E-03    0.12520699E-06    0.37810588E-11    0.96644010E-04    0.99692258E-04
0.97500000E-03    0.12531054E-06    0.37856187E-11    0.96682845E-04    0.99732413E-04
0.97600000E-03    0.12541371E-06    0.37901606E-11    0.96721495E-04    0.99773902E-04
0.97700000E-03    0.12551727E-06    0.37947141E-11    0.96760213E-04    0.99815544E-04
0.97800000E-03    0.12562232E-06    0.37993262E-11    0.96799398E-04    0.99856803E-04
0.97900000E-03    0.12572755E-06    0.38039486E-11    0.96838639E-04    0.99898581E-04
0.98000000E-03    0.12583221E-06    0.38085459E-11    0.96877635E-04    0.99940143E-04
0.98100000E-03    0.12593792E-06    0.38131824E-11    0.96916932E-04    0.99981861E-04
0.98200000E-03    0.12604353E-06    0.38178134E-11    0.96956150E-04    0.10002167E-03
0.98300000E-03    0.12614912E-06    0.38224386E-11    0.96995288E-04    0.10006310E-03
0.98400000E-03    0.12625444E-06    0.38270563E-11    0.97034330E-04    0.10010466E-03
0.98500000E-03    0.12635919E-06    0.38316484E-11    0.97073126E-04    0.10014617E-03
0.98600000E-03    0.12646516E-06    0.38362892E-11    0.97112300E-04    0.10018846E-03
0.98700000E-03    0.12657081E-06    0.38409171E-11    0.97151336E-04    0.10022992E-03
0.98800000E-03    0.12667715E-06    0.38455867E-11    0.97190690E-04    0.10027210E-03
0.98900000E-03    0.12678292E-06    0.38502308E-11    0.97229798E-04    0.10031427E-03
0.99000000E-03    0.12688841E-06    0.38548740E-11    0.97268867E-04    0.10035575E-03
0.99100000E-03    0.12699426E-06    0.38595399E-11    0.97308096E-04    0.10039778E-03
0.99200000E-03    0.12710041E-06    0.38642238E-11    0.97347445E-04    0.10044004E-03
0.99300000E-03    0.12720720E-06    0.38689340E-11    0.97386981E-04    0.10048188E-03
0.99400000E-03    0.12731422E-06    0.38736643E-11    0.97426655E-04    0.10052440E-03
0.99500000E-03    0.12742128E-06    0.38784017E-11    0.97466355E-04    0.10056704E-03
0.99600000E-03    0.12752878E-06    0.38831650E-11    0.97506240E-04    0.10060937E-03
0.99700000E-03    0.12763607E-06    0.38879212E-11    0.97546034E-04    0.10065213E-03
0.99800000E-03    0.12774319E-06    0.38926712E-11    0.97585743E-04    0.10069424E-03
0.99900000E-03    0.12785009E-06    0.38974141E-11    0.97625360E-04    0.10073595E-03
0.10000000E-02    0.12795667E-06    0.39021503E-11    0.97664889E-04    0.10077860E-03
0.10010000E-02    0.12806251E-06    0.39068604E-11    0.97704169E-04    0.10081959E-03
0.10020000E-02    0.12816868E-06    0.39115864E-11    0.97743549E-04    0.10086190E-03
0.10030000E-02    0.12827396E-06    0.39162857E-11    0.97782676E-04    0.10090267E-03
0.10040000E-02    0.12837876E-06    0.39209726E-11    0.97821669E-04    0.10094352E-03
0.10050000E-02    0.12848329E-06    0.39256481E-11    0.97860535E-04    0.10098446E-03
0.10060000E-02    0.12858881E-06    0.39303614E-11    0.97899684E-04    0.10102633E-03
0.10070000E-02    0.12869380E-06    0.39350480E-11    0.97938581E-04    0.10106741E-03
0.10080000E-02    0.12879876E-06    0.39397292E-11    0.97977402E-04    0.10110883E-03
0.10090000E-02    0.12890343E-06    0.39444112E-11    0.98016199E-04    0.10114966E-03
0.10100000E-02    0.12900880E-06    0.39491245E-11    0.98055225E-04    0.10119131E-03
0.10110000E-02    0.12911419E-06    0.39538476E-11    0.98094300E-04    0.10123224E-03
0.10120000E-02    0.12921955E-06    0.39585701E-11    0.98133340E-04    0.10127402E-03
0.10130000E-02    0.12932498E-06    0.39632973E-11    0.98172386E-04    0.10131552E-03
0.10140000E-02    0.12943034E-06    0.39680301E-11    0.98211449E-04    0.10135597E-03
0.10150000E-02    0.12953651E-06    0.39727984E-11    0.98250772E-04    0.10139714E-03
0.10160000E-02    0.12964265E-06    0.39775668E-11    0.98290066E-04    0.10143906E-03
0.10170000E-02    0.12974938E-06    0.39823672E-11    0.98329591E-04    0.10148059E-03
0.10180000E-02    0.12985567E-06    0.39871585E-11    0.98369009E-04    0.10152156E-03
0.10190000E-02    0.12996126E-06    0.39919246E-11    0.98408189E-04    0.10156327E-03
0.10200000E-02    0.13006666E-06    0.39966849E-11    0.98447290E-04    0.10160493E-03
0.10210000E-02    0.13017267E-06    0.40014694E-11    0.98486559E-04    0.10164619E-03
0.10220000E-02    0.13027876E-06    0.40062626E-11    0.98525868E-04    0.10168753E-03
0.10230000E-02    0.13038503E-06    0.40110652E-11    0.98565222E-04    0.10172929E-03
0.10240000E-02    0.13049158E-06    0.40158797E-11    0.98604643E-04    0.10177152E-03
0.10250000E-02    0.13059779E-06    0.40206794E-11    0.98643910E-04    0.10181288E-03
0.10260000E-02    0.13070424E-06    0.40254920E-11    0.98683252E-04    0.10185407E-03
0.10270000E-02    0.13081064E-06    0.40303024E-11    0.98722545E-04    0.10189507E-03
0.10280000E-02    0.13091713E-06    0.40351159E-11    0.98761832E-04    0.10193624E-03
0.10290000E-02    0.13102345E-06    0.40399202E-11    0.98801012E-04    0.10197740E-03
0.10300000E-02    0.13113059E-06    0.40447618E-11    0.98840465E-04    0.10201897E-03
0.10310000E-02    0.13123711E-06    0.40495767E-11    0.98879669E-04    0.10205920E-03
0.10320000E-02    0.13134272E-06    0.40543646E-11    0.98918623E-04    0.10209933E-03
0.10330000E-02    0.13144846E-06    0.40591520E-11    0.98957542E-04    0.10214089E-03
0.10340000E-02    0.13155357E-06    0.40639258E-11    0.98996320E-04    0.10218197E-03
0.10350000E-02    0.13165905E-06    0.40687144E-11    0.99035188E-04    0.10222300E-03
0.10360000E-02    0.13176429E-06    0.40734936E-11    0.99073949E-04    0.10226379E-03
0.10370000E-02    0.13186964E-06    0.40782808E-11    0.99112745E-04    0.10230527E-03
0.10380000E-02    0.13197442E-06    0.40830405E-11    0.99151288E-04    0.10234646E-03
0.10390000E-02    0.13207906E-06    0.40877918E-11    0.99189732E-04    0.10238757E-03
0.10400000E-02    0.13218308E-06    0.40925157E-11    0.99227926E-04    0.10242849E-03
0.10410000E-02    0.13228666E-06    0.40972261E-11    0.99265982E-04    0.10246850E-03
0.10420000E-02    0.13238954E-06    0.41019090E-11    0.99303785E-04    0.10250855E-03
0.10430000E-02    0.13249287E-06    0.41066060E-11    0.99341675E-04    0.10254911E-03
0.10440000E-02    0.13259581E-06    0.41112963E-11    0.99379480E-04    0.10258864E-03
0.10450000E-02    0.13269834E-06    0.41159698E-11    0.99417122E-04    0.10262892E-03
0.10460000E-02    0.13280082E-06    0.41206410E-11    0.99454718E-04    0.10266877E-03
0.10470000E-02    0.13290360E-06    0.41253211E-11    0.99492356E-04    0.10270941E-03
0.10480000E-02    0.13300677E-06    0.41300138E-11    0.99530067E-04    0.10274901E-03
0.10490000E-02    0.13310980E-06    0.41346956E-11    0.99567662E-04    0.10278941E-03
0.10500000E-02    0.13321401E-06    0.41394192E-11    0.99605564E-04    0.10283050E-03
0.10510000E-02    0.13331955E-06    0.41441983E-11    0.99643882E-04    0.10287134E-03
0.10520000E-02    0.13342544E-06    0.41489973E-11    0.99682330E-04    0.10291130E-03
0.10530000E-02    0.13353120E-06    0.41537966E-11    0.99720750E-04    0.10295276E-03
0.10540000E-02    0.13363763E-06    0.41586199E-11    0.99759334E-04    0.10299407E-03
0.10550000E-02    0.13374394E-06    0.41634375E-11    0.99797841E-04    0.10303534E-03
0.10560000E-02    0.13385075E-06    0.41682897E-11    0.99836596E-04    0.10307615E-03
0.10570000E-02    0.13395717E-06    0.41731291E-11    0.99875217E-04    0.10311735E-03
0.10580000E-02    0.13406370E-06    0.41779752E-11    0.99913862E-04    0.10315904E-03
0.10590000E-02    0.13416963E-06    0.41827942E-11    0.99952262E-04    0.10319998E-03
0.10600000E-02    0.13427594E-06    0.41876251E-11    0.99990728E-04    0.10324112E-03
0.10610000E-02    0.13438198E-06    0.41924448E-11    0.10002907E-03    0.10328146E-03
0.10620000E-02    0.13448850E-06    0.41972892E-11    0.10006759E-03    0.10332177E-03
0.10630000E-02    0.13459530E-06    0.42021431E-11    0.10010615E-03    0.10336271E-03
0.10640000E-02    0.13470228E-06    0.42070136E-11    0.10014481E-03    0.10340384E-03
0.10650000E-02    0.13480943E-06    0.42118878E-11    0.10018347E-03    0.10344491E-03
0.10660000E-02    0.13491623E-06    0.42167498E-11    0.10022200E-03    0.10348566E-03
0.10670000E-02    0.13502226E-06    0.42215847E-11    0.10026029E-03    0.10352645E-03
0.10680000E-02    0.13512777E-06    0.42263993E-11    0.10029839E-03    0.10356732E-03
0.10690000E-02    0.13523269E-06    0.42311867E-11    0.10033625E-03    0.10360792E-03
0.10700000E-02    0.13533832E-06    0.42360162E-11    0.10037441E-03    0.10364751E-03
0.10710000E-02    0.13544469E-06    0.42408765E-11    0.10041278E-03    0.10368759E-03
0.10720000E-02    0.13555142E-06    0.42457619E-11    0.10045133E-03    0.10372864E-03
0.10730000E-02    0.13565787E-06    0.42506385E-11    0.10048977E-03    0.10376888E-03
0.10740000E-02    0.13576447E-06    0.42555275E-11    0.10052828E-03    0.10381012E-03
0.10750000E-02    0.13587157E-06    0.42604420E-11    0.10056697E-03    0.10385107E-03
0.10760000E-02    0.13597841E-06    0.42653479E-11    0.10060555E-03    0.10389188E-03
0.10770000E-02    0.13608516E-06    0.42702449E-11    0.10064404E-03    0.10393322E-03
0.10780000E-02    0.13619130E-06    0.42751156E-11    0.10068229E-03    0.10397345E-03
0.10790000E-02    0.13629675E-06    0.42799598E-11    0.10072030E-03    0.10401349E-03
0.10800000E-02    0.13640213E-06    0.42848080E-11    0.10075832E-03    0.10405347E-03
0.10810000E-02    0.13650722E-06    0.42896489E-11    0.10079625E-03    0.10409266E-03
0.10820000E-02    0.13661321E-06    0.42945323E-11    0.10083449E-03    0.10413349E-03
0.10830000E-02    0.13671857E-06    0.42993893E-11    0.10087249E-03    0.10417354E-03
0.10840000E-02    0.13682438E-06    0.43042672E-11    0.10091062E-03    0.10421399E-03
0.10850000E-02    0.13693008E-06    0.43091446E-11    0.10094872E-03    0.10425473E-03
0.10860000E-02    0.13703625E-06    0.43140443E-11    0.10098697E-03    0.10429457E-03
0.10870000E-02    0.13714202E-06    0.43189270E-11    0.10102505E-03    0.10433535E-03
0.10880000E-02    0.13724755E-06    0.43237995E-11    0.10106303E-03    0.10437536E-03
0.10890000E-02    0.13735375E-06    0.43287037E-11    0.10110122E-03    0.10441543E-03
0.10900000E-02    0.13746008E-06    0.43336136E-11    0.10113944E-03    0.10445648E-03
0.10910000E-02    0.13756686E-06    0.43385376E-11    0.10117773E-03    0.10449734E-03
0.10920000E-02    0.13767348E-06    0.43434542E-11    0.10121593E-03    0.10453766E-03
0.10930000E-02    0.13777976E-06    0.43483611E-11    0.10125403E-03    0.10457756E-03
0.10940000E-02    0.13788571E-06    0.43532491E-11    0.10129196E-03    0.10461785E-03
0.10950000E-02    0.13799148E-06    0.43581244E-11    0.10132976E-03    0.10465808E-03
0.10960000E-02    0.13809788E-06    0.43630349E-11    0.10136780E-03    0.10469829E-03
0.10970000E-02    0.13820439E-06    0.43679561E-11    0.10140590E-03    0.10473799E-03
0.10980000E-02    0.13831122E-06    0.43728918E-11    0.10144408E-03    0.10477888E-03
0.10990000E-02    0.13841777E-06    0.43778127E-11    0.10148212E-03    0.10481936E-03
0.11000000E-02    0.13852359E-06    0.43827069E-11    0.10151992E-03    0.10485956E-03
0.11010000E-02    0.13862985E-06    0.43876255E-11    0.10155788E-03    0.10489838E-03
0.11020000E-02    0.13873726E-06    0.43926028E-11    0.10159627E-03    0.10493892E-03
0.11030000E-02    0.13884492E-06    0.43975949E-11    0.10163475E-03    0.10497887E-03
0.11040000E-02    0.13895249E-06    0.44025952E-11    0.10167325E-03    0.10501939E-03
0.11050000E-02    0.13905960E-06    0.44075799E-11    0.10171161E-03    0.10506029E-03
0.11060000E-02    0.13916648E-06    0.44125533E-11    0.10174985E-03    0.10510093E-03
0.11070000E-02    0.13927297E-06    0.44175108E-11    0.10178794E-03    0.10514159E-03
0.11080000E-02    0.13937908E-06    0.44224536E-11    0.10182589E-03    0.10518044E-03
0.11090000E-02    0.13948491E-06    0.44273833E-11    0.10186371E-03    0.10522082E-03
0.11100000E-02    0.13959139E-06    0.44323325E-11    0.10190166E-03    0.10526081E-03
0.11110000E-02    0.13969783E-06    0.44372729E-11    0.10193950E-03    0.10530148E-03
0.11120000E-02    0.13980447E-06    0.44422190E-11    0.10197737E-03    0.10534097E-03
0.11130000E-02    0.13991123E-06    0.44471705E-11    0.10201524E-03    0.10538151E-03
0.11140000E-02    0.14001820E-06    0.44521364E-11    0.10205320E-03    0.10542026E-03
0.11150000E-02    0.14012540E-06    0.44571191E-11    0.10209125E-03    0.10546045E-03
0.11160000E-02    0.14023194E-06    0.44620740E-11    0.10212907E-03    0.10550041E-03
0.11170000E-02    0.14033892E-06    0.44670447E-11    0.10216698E-03    0.10554093E-03
0.11180000E-02    0.14044633E-06    0.44720363E-11    0.10220502E-03    0.10558108E-03
0.11190000E-02    0.14055309E-06    0.44770006E-11    0.10224283E-03    0.10562121E-03
0.11200000E-02    0.14066073E-06    0.44820064E-11    0.10228092E-03    0.10566139E-03
0.11210000E-02    0.14076841E-06    0.44870168E-11    0.10231902E-03    0.10570186E-03
0.11220000E-02    0.14087533E-06    0.44920003E-11    0.10235688E-03    0.10574166E-03
0.11230000E-02    0.14098189E-06    0.44969688E-11    0.10239461E-03    0.10578203E-03
0.11240000E-02    0.14108821E-06    0.45019255E-11    0.10243221E-03    0.10582254E-03
0.11250000E-02    0.14119586E-06    0.45069399E-11    0.10247023E-03    0.10586297E-03
0.11260000E-02    0.14130331E-06    0.45119439E-11    0.10250814E-03    0.10590379E-03
0.11270000E-02    0.14141068E-06    0.45169417E-11    0.10254598E-03    0.10594424E-03
0.11280000E-02    0.14151829E-06    0.45219527E-11    0.10258388E-03    0.10598378E-03
0.11290000E-02    0.14162537E-06    0.45269472E-11    0.10262164E-03    0.10602371E-03
0.11300000E-02    0.14173289E-06    0.45319621E-11    0.10265952E-03    0.10606404E-03
0.11310000E-02    0.14183981E-06    0.45369509E-11    0.10269717E-03    0.10610420E-03
0.11320000E-02    0.14194736E-06    0.45419649E-11    0.10273499E-03    0.10614443E-03
0.11330000E-02    0.14205506E-06    0.45469870E-11    0.10277284E-03    0.10618437E-03
0.11340000E-02    0.14216333E-06    0.45520419E-11    0.10281091E-03    0.10622487E-03
0.11350000E-02    0.14227208E-06    0.45571203E-11    0.10284913E-03    0.10626470E-03
0.11360000E-02    0.14238016E-06    0.45621724E-11    0.10288712E-03    0.10630549E-03
0.11370000E-02    0.14248808E-06    0.45672288E-11    0.10292512E-03    0.10634513E-03
0.11380000E-02    0.14259599E-06    0.45722908E-11    0.10296313E-03    0.10638612E-03
0.11390000E-02    0.14270331E-06    0.45773261E-11    0.10300091E-03    0.10642687E-03
0.11400000E-02    0.14281052E-06    0.45823606E-11    0.10303866E-03    0.10646653E-03
0.11410000E-02    0.14291862E-06    0.45874363E-11    0.10307669E-03    0.10650649E-03
0.11420000E-02    0.14302672E-06    0.45925166E-11    0.10311473E-03    0.10654694E-03
0.11430000E-02    0.14313410E-06    0.45975694E-11    0.10315253E-03    0.10658688E-03
0.11440000E-02    0.14324093E-06    0.46026076E-11    0.10319020E-03    0.10662557E-03
0.11450000E-02    0.14334794E-06    0.46076557E-11    0.10322791E-03    0.10666613E-03
0.11460000E-02    0.14345530E-06    0.46127238E-11    0.10326574E-03    0.10670657E-03
0.11470000E-02    0.14356195E-06    0.46177643E-11    0.10330335E-03    0.10674634E-03
0.11480000E-02    0.14366853E-06    0.46227984E-11    0.10334087E-03    0.10678675E-03
0.11490000E-02    0.14377545E-06    0.46278480E-11    0.10337848E-03    0.10682617E-03
0.11500000E-02    0.14388195E-06    0.46328833E-11    0.10341596E-03    0.10686584E-03
0.11510000E-02    0.14398776E-06    0.46378921E-11    0.10345322E-03    0.10690507E-03
0.11520000E-02    0.14409363E-06    0.46429118E-11    0.10349053E-03    0.10694394E-03
0.11530000E-02    0.14419910E-06    0.46479175E-11    0.10352771E-03    0.10698342E-03
0.11540000E-02    0.14430524E-06    0.46529555E-11    0.10356510E-03    0.10702353E-03
0.11550000E-02    0.14441073E-06    0.46579666E-11    0.10360227E-03    0.10706361E-03
0.11560000E-02    0.14451780E-06    0.46630408E-11    0.10363987E-03    0.10710389E-03
0.11570000E-02    0.14462516E-06    0.46681260E-11    0.10367753E-03    0.10714450E-03
0.11580000E-02    0.14473193E-06    0.46731843E-11    0.10371497E-03    0.10718356E-03
0.11590000E-02    0.14483923E-06    0.46782663E-11    0.10375255E-03    0.10722343E-03
0.11600000E-02    0.14494749E-06    0.46834055E-11    0.10379053E-03    0.10726250E-03
0.11610000E-02    0.14505528E-06    0.46885325E-11    0.10382839E-03    0.10730245E-03
0.11620000E-02    0.14516265E-06    0.46936444E-11    0.10386611E-03    0.10734200E-03
0.11630000E-02    0.14526956E-06    0.46987410E-11    0.10390369E-03    0.10738113E-03
0.11640000E-02    0.14537672E-06    0.47038492E-11    0.10394133E-03    0.10742098E-03
0.11650000E-02    0.14548393E-06    0.47089596E-11    0.10397896E-03    0.10746085E-03
0.11660000E-02    0.14559058E-06    0.47140405E-11    0.10401634E-03    0.10750082E-03
0.11670000E-02    0.14569676E-06    0.47191061E-11    0.10405358E-03    0.10754043E-03
0.11680000E-02    0.14580251E-06    0.47241513E-11    0.10409065E-03    0.10757938E-03
0.11690000E-02    0.14590786E-06    0.47291783E-11    0.10412756E-03    0.10761838E-03
0.11700000E-02    0.14601299E-06    0.47341996E-11    0.10416440E-03    0.10765689E-03
0.11710000E-02    0.14611793E-06    0.47392191E-11    0.10420120E-03    0.10769570E-03
0.11720000E-02    0.14622258E-06    0.47442237E-11    0.10423787E-03    0.10773480E-03
0.11730000E-02    0.14632747E-06    0.47492346E-11    0.10427455E-03    0.10777390E-03
0.11740000E-02    0.14643323E-06    0.47542851E-11    0.10431150E-03    0.10781259E-03
0.11750000E-02    0.14653934E-06    0.47593541E-11    0.10434856E-03    0.10785137E-03
0.11760000E-02    0.14664616E-06    0.47644471E-11    0.10438577E-03    0.10789133E-03
0.11770000E-02    0.14675343E-06    0.47695519E-11    0.10442304E-03    0.10793020E-03
0.11780000E-02    0.14686020E-06    0.47746445E-11    0.10446019E-03    0.10796861E-03
0.11790000E-02    0.14696621E-06    0.47797099E-11    0.10449712E-03    0.10800708E-03
0.11800000E-02    0.14707253E-06    0.47847808E-11    0.10453406E-03    0.10804666E-03
0.11810000E-02    0.14717865E-06    0.47898413E-11    0.10457090E-03    0.10808618E-03
0.11820000E-02    0.14728423E-06    0.47948750E-11    0.10460752E-03    0.10812479E-03
0.11830000E-02    0.14739021E-06    0.47999204E-11    0.10464419E-03    0.10816331E-03
0.11840000E-02    0.14749659E-06    0.48049835E-11    0.10468098E-03    0.10820220E-03
0.11850000E-02    0.14760325E-06    0.48100549E-11    0.10471779E-03    0.10824074E-03
0.11860000E-02    0.14771019E-06    0.48151378E-11    0.10475466E-03    0.10827985E-03
0.11870000E-02    0.14781741E-06    0.48202303E-11    0.10479158E-03    0.10831830E-03
0.11880000E-02    0.14792407E-06    0.48252959E-11    0.10482828E-03    0.10835776E-03
0.11890000E-02    0.14803025E-06    0.48303346E-11    0.10486475E-03    0.10839703E-03
0.11900000E-02    0.14813724E-06    0.48354069E-11    0.10490145E-03    0.10843586E-03
0.11910000E-02    0.14824524E-06    0.48405233E-11    0.10493843E-03    0.10847465E-03
0.11920000E-02    0.14835335E-06    0.48456593E-11    0.10497553E-03    0.10851386E-03
0.11930000E-02    0.14846184E-06    0.48508072E-11    0.10501269E-03    0.10855313E-03
0.11940000E-02    0.14857014E-06    0.48559570E-11    0.10504984E-03    0.10859247E-03
0.11950000E-02    0.14867826E-06    0.48610991E-11    0.10508691E-03    0.10863230E-03
0.11960000E-02    0.14878637E-06    0.48662422E-11    0.10512396E-03    0.10867219E-03
0.11970000E-02    0.14889463E-06    0.48713915E-11    0.10516102E-03    0.10871167E-03
0.11980000E-02    0.14900349E-06    0.48765795E-11    0.10519834E-03    0.10875017E-03
0.11990000E-02    0.14911155E-06    0.48817414E-11    0.10523545E-03    0.10878946E-03
0.12000000E-02    0.14921945E-06    0.48868992E-11    0.10527250E-03    0.10882849E-03
0.12010000E-02    0.14932751E-06    0.48920692E-11    0.10530961E-03    0.10886775E-03
0.12020000E-02    0.14943549E-06    0.48972394E-11    0.10534669E-03    0.10890702E-03
0.12030000E-02    0.14954407E-06    0.49024436E-11    0.10538400E-03    0.10894704E-03
0.12040000E-02    0.14965285E-06    0.49076558E-11    0.10542133E-03    0.10898715E-03
0.12050000E-02    0.14976174E-06    0.49128746E-11    0.10545869E-03    0.10902662E-03
0.12060000E-02    0.14986997E-06    0.49180661E-11    0.10549582E-03    0.10906574E-03
0.12070000E-02    0.14997773E-06    0.49232416E-11    0.10553281E-03    0.10910539E-03
0.12080000E-02    0.15008523E-06    0.49284041E-11    0.10556969E-03    0.10914500E-03
0.12090000E-02    0.15019254E-06    0.49335571E-11    0.10560647E-03    0.10918396E-03
0.12100000E-02    0.15030028E-06    0.49387366E-11    0.10564341E-03    0.10922307E-03
0.12110000E-02    0.15040812E-06    0.49439282E-11    0.10568042E-03    0.10926190E-03
0.12120000E-02    0.15051637E-06    0.49491404E-11    0.10571754E-03    0.10930125E-03
0.12130000E-02    0.15062485E-06    0.49543638E-11    0.10575472E-03    0.10934053E-03
0.12140000E-02    0.15073301E-06    0.49595754E-11    0.10579179E-03    0.10937996E-03
0.12150000E-02    0.15084196E-06    0.49648220E-11    0.10582908E-03    0.10941928E-03
0.12160000E-02    0.15095089E-06    0.49700703E-11    0.10586636E-03    0.10945932E-03
0.12170000E-02    0.15106055E-06    0.49753506E-11    0.10590384E-03    0.10949979E-03
0.12180000E-02    0.15117100E-06    0.49806688E-11    0.10594156E-03    0.10953980E-03
0.12190000E-02    0.15128164E-06    0.49859904E-11    0.10597927E-03    0.10957899E-03
0.12200000E-02    0.15139235E-06    0.49913221E-11    0.10601704E-03    0.10961881E-03
0.12210000E-02    0.15150310E-06    0.49966590E-11    0.10605481E-03    0.10965847E-03
0.12220000E-02    0.15161361E-06    0.50019861E-11    0.10609249E-03    0.10969859E-03
0.12230000E-02    0.15172393E-06    0.50073171E-11    0.10613016E-03    0.10973794E-03
0.12240000E-02    0.15183365E-06    0.50126189E-11    0.10616761E-03    0.10977686E-03
0.12250000E-02    0.15194331E-06    0.50179214E-11    0.10620503E-03    0.10981657E-03
0.12260000E-02    0.15205275E-06    0.50232141E-11    0.10624236E-03    0.10985645E-03
0.12270000E-02    0.15216147E-06    0.50284776E-11    0.10627945E-03    0.10989539E-03
0.12280000E-02    0.15227017E-06    0.50337434E-11    0.10631654E-03    0.10993461E-03
0.12290000E-02    0.15237827E-06    0.50389800E-11    0.10635339E-03    0.10997299E-03
0.12300000E-02    0.15248588E-06    0.50442043E-11    0.10639013E-03    0.11001152E-03
0.12310000E-02    0.15259351E-06    0.50494338E-11    0.10642689E-03    0.11005022E-03
0.12320000E-02    0.15270088E-06    0.50546535E-11    0.10646355E-03    0.11008944E-03
0.12330000E-02    0.15280808E-06    0.50598665E-11    0.10650013E-03    0.11012846E-03
0.12340000E-02    0.15291684E-06    0.50651481E-11    0.10653718E-03    0.11016735E-03
0.12350000E-02    0.15302564E-06    0.50704344E-11    0.10657423E-03    0.11020697E-03
0.12360000E-02    0.15313432E-06    0.50757233E-11    0.10661127E-03    0.11024631E-03
0.12370000E-02    0.15324280E-06    0.50810013E-11    0.10664821E-03    0.11028552E-03
0.12380000E-02    0.15335108E-06    0.50862741E-11    0.10668509E-03    0.11032415E-03
0.12390000E-02    0.15345933E-06    0.50915531E-11    0.10672198E-03    0.11036232E-03
0.12400000E-02    0.15356713E-06    0.50968184E-11    0.10675876E-03    0.11040069E-03
0.12410000E-02    0.15367454E-06    0.51020686E-11    0.10679540E-03    0.11043924E-03
0.12420000E-02    0.15378196E-06    0.51073196E-11    0.10683203E-03    0.11047781E-03
0.12430000E-02    0.15388933E-06    0.51125779E-11    0.10686868E-03    0.11051566E-03
0.12440000E-02    0.15399598E-06    0.51178077E-11    0.10690511E-03    0.11055405E-03
0.12450000E-02    0.15410239E-06    0.51230275E-11    0.10694144E-03    0.11059250E-03
0.12460000E-02    0.15420886E-06    0.51282565E-11    0.10697781E-03    0.11062973E-03
0.12470000E-02    0.15431579E-06    0.51335146E-11    0.10701436E-03    0.11066855E-03
0.12480000E-02    0.15442251E-06    0.51387645E-11    0.10705083E-03    0.11070636E-03
0.12490000E-02    0.15452859E-06    0.51439867E-11    0.10708708E-03    0.11074413E-03
0.12500000E-02    0.15463423E-06    0.51491903E-11    0.10712318E-03    0.11078189E-03
0.12510000E-02    0.15473998E-06    0.51543978E-11    0.10715928E-03    0.11082017E-03
0.12520000E-02    0.15484530E-06    0.51595870E-11    0.10719523E-03    0.11085812E-03
0.12530000E-02    0.15495187E-06    0.51648320E-11    0.10723154E-03    0.11089694E-03
0.12540000E-02    0.15505897E-06    0.51701052E-11    0.10726802E-03    0.11093572E-03
0.12550000E-02    0.15516583E-06    0.51753635E-11    0.10730437E-03    0.11097420E-03
0.12560000E-02    0.15527354E-06    0.51806503E-11    0.10734090E-03    0.11101351E-03
0.12570000E-02    0.15538150E-06    0.51859422E-11    0.10737743E-03    0.11105284E-03
0.12580000E-02    0.15548954E-06    0.51912345E-11    0.10741395E-03    0.11109129E-03
0.12590000E-02    0.15559759E-06    0.51965224E-11    0.10745041E-03    0.11112953E-03
0.12600000E-02    0.15570634E-06    0.52018380E-11    0.10748703E-03    0.11116876E-03
0.12610000E-02    0.15581580E-06    0.52071777E-11    0.10752380E-03    0.11120783E-03
0.12620000E-02    0.15592513E-06    0.52125112E-11    0.10756050E-03    0.11124593E-03
0.12630000E-02    0.15603418E-06    0.52178361E-11    0.10759711E-03    0.11128526E-03
0.12640000E-02    0.15614393E-06    0.52231832E-11    0.10763385E-03    0.11132437E-03
0.12650000E-02    0.15625353E-06    0.52285213E-11    0.10767051E-03    0.11136400E-03
0.12660000E-02    0.15636245E-06    0.52338310E-11    0.10770694E-03    0.11140267E-03
0.12670000E-02    0.15647161E-06    0.52391557E-11    0.10774346E-03    0.11144142E-03
0.12680000E-02    0.15658038E-06    0.52444643E-11    0.10777983E-03    0.11147996E-03
0.12690000E-02    0.15668933E-06    0.52497814E-11    0.10781625E-03    0.11151891E-03
0.12700000E-02    0.15679770E-06    0.52550699E-11    0.10785244E-03    0.11155710E-03
0.12710000E-02    0.15690563E-06    0.52603471E-11    0.10788853E-03    0.11159469E-03
0.12720000E-02    0.15701412E-06    0.52656662E-11    0.10792488E-03    0.11163392E-03
0.12730000E-02    0.15712268E-06    0.52709922E-11    0.10796125E-03    0.11167273E-03
0.12740000E-02    0.15723156E-06    0.52763363E-11    0.10799773E-03    0.11171113E-03
0.12750000E-02    0.15734028E-06    0.52816696E-11    0.10803410E-03    0.11175040E-03
0.12760000E-02    0.15744882E-06    0.52869951E-11    0.10807040E-03    0.11178815E-03
0.12770000E-02    0.15755804E-06    0.52923512E-11    0.10810688E-03    0.11182678E-03
0.12780000E-02    0.15766690E-06    0.52976918E-11    0.10814324E-03    0.11186543E-03
0.12790000E-02    0.15777594E-06    0.53030464E-11    0.10817966E-03    0.11190430E-03
0.12800000E-02    0.15788456E-06    0.53083862E-11    0.10821596E-03    0.11194250E-03
0.12810000E-02    0.15799279E-06    0.53137089E-11    0.10825211E-03    0.11198080E-03
0.12820000E-02    0.15810056E-06    0.53190172E-11    0.10828815E-03    0.11201897E-03
0.12830000E-02    0.15820784E-06    0.53243057E-11    0.10832403E-03    0.11205647E-03
0.12840000E-02    0.15831539E-06    0.53296136E-11    0.10836001E-03    0.11209478E-03
0.12850000E-02    0.15842258E-06    0.53349076E-11    0.10839588E-03    0.11213304E-03
0.12860000E-02    0.15852992E-06    0.53402097E-11    0.10843178E-03    0.11217167E-03
0.12870000E-02    0.15863766E-06    0.53455316E-11    0.10846778E-03    0.11221045E-03
0.12880000E-02    0.15874557E-06    0.53508603E-11    0.10850381E-03    0.11224840E-03
0.12890000E-02    0.15885329E-06    0.53561793E-11    0.10853975E-03    0.11228647E-03
0.12900000E-02    0.15896128E-06    0.53615214E-11    0.10857583E-03    0.11232461E-03
0.12910000E-02    0.15906896E-06    0.53668500E-11    0.10861178E-03    0.11236292E-03
0.12920000E-02    0.15917684E-06    0.53721879E-11    0.10864778E-03    0.11240095E-03
0.12930000E-02    0.15928446E-06    0.53775164E-11    0.10868369E-03    0.11243871E-03
0.12940000E-02    0.15939163E-06    0.53828324E-11    0.10871949E-03    0.11247634E-03
0.12950000E-02    0.15950014E-06    0.53882116E-11    0.10875570E-03    0.11251525E-03
0.12960000E-02    0.15960895E-06    0.53936043E-11    0.10879197E-03    0.11255293E-03
0.12970000E-02    0.15971844E-06    0.53990265E-11    0.10882841E-03    0.11259093E-03
0.12980000E-02    0.15982744E-06    0.54044292E-11    0.10886470E-03    0.11262990E-03
0.12990000E-02    0.15993715E-06    0.54098667E-11    0.10890120E-03    0.11266826E-03
0.13000000E-02    0.16004659E-06    0.54152980E-11    0.10893763E-03    0.11270666E-03
0.13010000E-02    0.16015660E-06    0.54207498E-11    0.10897417E-03    0.11274552E-03
0.13020000E-02    0.16026625E-06    0.54261895E-11    0.10901061E-03    0.11278305E-03
0.13030000E-02    0.16037638E-06    0.54316654E-11    0.10904727E-03    0.11282177E-03
0.13040000E-02    0.16048626E-06    0.54371303E-11    0.10908383E-03    0.11286086E-03
0.13050000E-02    0.16059653E-06    0.54426128E-11    0.10912048E-03    0.11289930E-03
0.13060000E-02    0.16070610E-06    0.54480662E-11    0.10915692E-03    0.11293759E-03
0.13070000E-02    0.16081529E-06    0.54535160E-11    0.10919330E-03    0.11297481E-03
0.13080000E-02    0.16092426E-06    0.54589553E-11    0.10922959E-03    0.11301333E-03
0.13090000E-02    0.16103298E-06    0.54643835E-11    0.10926578E-03    0.11305142E-03
0.13100000E-02    0.16114097E-06    0.54697826E-11    0.10930176E-03    0.11308885E-03
0.13110000E-02    0.16124862E-06    0.54751727E-11    0.10933765E-03    0.11312627E-03
0.13120000E-02    0.16135667E-06    0.54805858E-11    0.10937367E-03    0.11316459E-03
0.13130000E-02    0.16146425E-06    0.54859822E-11    0.10940956E-03    0.11320207E-03
0.13140000E-02    0.16157226E-06    0.54913933E-11    0.10944552E-03    0.11324035E-03
0.13150000E-02    0.16168014E-06    0.54967956E-11    0.10948140E-03    0.11327836E-03
0.13160000E-02    0.16178837E-06    0.55022144E-11    0.10951736E-03    0.11331654E-03
0.13170000E-02    0.16189727E-06    0.55076623E-11    0.10955349E-03    0.11335525E-03
0.13180000E-02    0.16200687E-06    0.55131361E-11    0.10958977E-03    0.11339262E-03
0.13190000E-02    0.16211654E-06    0.55186197E-11    0.10962610E-03    0.11343046E-03
0.13200000E-02    0.16222619E-06    0.55241006E-11    0.10966238E-03    0.11346896E-03
0.13210000E-02    0.16233584E-06    0.55295814E-11    0.10969863E-03    0.11350735E-03
0.13220000E-02    0.16244578E-06    0.55350708E-11    0.10973492E-03    0.11354564E-03
0.13230000E-02    0.16255632E-06    0.55405912E-11    0.10977139E-03    0.11358343E-03
0.13240000E-02    0.16266622E-06    0.55460869E-11    0.10980767E-03    0.11362169E-03
0.13250000E-02    0.16277661E-06    0.55516004E-11    0.10984405E-03    0.11366018E-03
0.13260000E-02    0.16288665E-06    0.55570974E-11    0.10988029E-03    0.11369763E-03
0.13270000E-02    0.16299598E-06    0.55625651E-11    0.10991632E-03    0.11373609E-03
0.13280000E-02    0.16310512E-06    0.55680169E-11    0.10995221E-03    0.11377458E-03
0.13290000E-02    0.16321447E-06    0.55734793E-11    0.10998816E-03    0.11381238E-03
0.13300000E-02    0.16332304E-06    0.55789116E-11    0.11002388E-03    0.11385063E-03
0.13310000E-02    0.16343164E-06    0.55843463E-11    0.11005959E-03    0.11388869E-03
0.13320000E-02    0.16354004E-06    0.55897659E-11    0.11009519E-03    0.11392704E-03
0.13330000E-02    0.16364849E-06    0.55951886E-11    0.11013078E-03    0.11396514E-03
0.13340000E-02    0.16375770E-06    0.56006437E-11    0.11016656E-03    0.11400262E-03
0.13350000E-02    0.16386626E-06    0.56060700E-11    0.11020213E-03    0.11403989E-03
0.13360000E-02    0.16397427E-06    0.56114672E-11    0.11023748E-03    0.11407790E-03
0.13370000E-02    0.16408263E-06    0.56168828E-11    0.11027293E-03    0.11411436E-03
0.13380000E-02    0.16419151E-06    0.56223332E-11    0.11030859E-03    0.11415206E-03
0.13390000E-02    0.16430017E-06    0.56277725E-11    0.11034415E-03    0.11418966E-03
0.13400000E-02    0.16440875E-06    0.56332116E-11    0.11037969E-03    0.11422744E-03
0.13410000E-02    0.16451827E-06    0.56386927E-11    0.11041547E-03    0.11426504E-03
0.13420000E-02    0.16462785E-06    0.56441762E-11    0.11045125E-03    0.11430356E-03
0.13430000E-02    0.16473742E-06    0.56496623E-11    0.11048703E-03    0.11434129E-03
0.13440000E-02    0.16484780E-06    0.56551913E-11    0.11052306E-03    0.11437973E-03
0.13450000E-02    0.16495787E-06    0.56607096E-11    0.11055900E-03    0.11441749E-03
0.13460000E-02    0.16506807E-06    0.56662325E-11    0.11059494E-03    0.11445544E-03
0.13470000E-02    0.16517851E-06    0.56717703E-11    0.11063096E-03    0.11449349E-03
0.13480000E-02    0.16528847E-06    0.56772919E-11    0.11066685E-03    0.11453083E-03
0.13490000E-02    0.16539925E-06    0.56828548E-11    0.11070298E-03    0.11456846E-03
0.13500000E-02    0.16550995E-06    0.56884189E-11    0.11073910E-03    0.11460647E-03
0.13510000E-02    0.16562084E-06    0.56940010E-11    0.11077531E-03    0.11464506E-03
0.13520000E-02    0.16573228E-06    0.56996070E-11    0.11081165E-03    0.11468406E-03
0.13530000E-02    0.16584367E-06    0.57052117E-11    0.11084796E-03    0.11472296E-03
0.13540000E-02    0.16595443E-06    0.57107884E-11    0.11088407E-03    0.11476185E-03
0.13550000E-02    0.16606487E-06    0.57163509E-11    0.11092006E-03    0.11479989E-03
0.13560000E-02    0.16617517E-06    0.57219084E-11    0.11095599E-03    0.11483765E-03
0.13570000E-02    0.16628515E-06    0.57274549E-11    0.11099183E-03    0.11487576E-03
0.13580000E-02    0.16639521E-06    0.57330053E-11    0.11102767E-03    0.11491393E-03
0.13590000E-02    0.16650608E-06    0.57385915E-11    0.11106372E-03    0.11495117E-03
0.13600000E-02    0.16661660E-06    0.57441666E-11    0.11109968E-03    0.11498860E-03
0.13610000E-02    0.16672699E-06    0.57497408E-11    0.11113561E-03    0.11502654E-03
0.13620000E-02    0.16683727E-06    0.57553231E-11    0.11117156E-03    0.11506430E-03
0.13630000E-02    0.16694718E-06    0.57608937E-11    0.11120742E-03    0.11510217E-03
0.13640000E-02    0.16705752E-06    0.57664890E-11    0.11124341E-03    0.11514060E-03
0.13650000E-02    0.16716759E-06    0.57720777E-11    0.11127933E-03    0.11517835E-03
0.13660000E-02    0.16727716E-06    0.57776502E-11    0.11131513E-03    0.11521643E-03
0.13670000E-02    0.16738676E-06    0.57832255E-11    0.11135093E-03    0.11525478E-03
0.13680000E-02    0.16749581E-06    0.57887819E-11    0.11138658E-03    0.11529202E-03
0.13690000E-02    0.16760494E-06    0.57943444E-11    0.11142224E-03    0.11533011E-03
0.13700000E-02    0.16771444E-06    0.57999249E-11    0.11145800E-03    0.11536842E-03
0.13710000E-02    0.16782373E-06    0.58054948E-11    0.11149367E-03    0.11540621E-03
0.13720000E-02    0.16793236E-06    0.58110357E-11    0.11152913E-03    0.11544318E-03
0.13730000E-02    0.16804150E-06    0.58166016E-11    0.11156473E-03    0.11548106E-03
0.13740000E-02    0.16815054E-06    0.58221624E-11    0.11160027E-03    0.11551880E-03
0.13750000E-02    0.16825895E-06    0.58276943E-11    0.11163560E-03    0.11555622E-03
0.13760000E-02    0.16836801E-06    0.58332623E-11    0.11167114E-03    0.11559300E-03
0.13770000E-02    0.16847662E-06    0.58388137E-11    0.11170656E-03    0.11563063E-03
0.13780000E-02    0.16858546E-06    0.58443724E-11    0.11174200E-03    0.11566837E-03
0.13790000E-02    0.16869420E-06    0.58499228E-11    0.11177736E-03    0.11570600E-03
0.13800000E-02    0.16880223E-06    0.58554433E-11    0.11181251E-03    0.11574279E-03
0.13810000E-02    0.16891052E-06    0.58609703E-11    0.11184768E-03    0.11578032E-03
0.13820000E-02    0.16901852E-06    0.58664794E-11    0.11188271E-03    0.11581689E-03
0.13830000E-02    0.16912678E-06    0.58720125E-11    0.11191787E-03    0.11585345E-03
0.13840000E-02    0.16923505E-06    0.58775511E-11    0.11195305E-03    0.11588936E-03
0.13850000E-02    0.16934445E-06    0.58831376E-11    0.11198851E-03    0.11592748E-03
0.13860000E-02    0.16945399E-06    0.58887353E-11    0.11202402E-03    0.11596513E-03
0.13870000E-02    0.16956427E-06    0.58943707E-11    0.11205974E-03    0.11600226E-03
0.13880000E-02    0.16967397E-06    0.58999770E-11    0.11209526E-03    0.11604039E-03
0.13890000E-02    0.16978354E-06    0.59055729E-11    0.11213069E-03    0.11607747E-03
0.13900000E-02    0.16989270E-06    0.59111557E-11    0.11216601E-03    0.11611476E-03
0.13910000E-02    0.17000155E-06    0.59167241E-11    0.11220122E-03    0.11615221E-03
0.13920000E-02    0.17011027E-06    0.59222913E-11    0.11223640E-03    0.11618951E-03
0.13930000E-02    0.17021941E-06    0.59278766E-11    0.11227167E-03    0.11622707E-03
0.13940000E-02    0.17032876E-06    0.59334739E-11    0.11230700E-03    0.11626407E-03
0.13950000E-02    0.17043765E-06    0.59390591E-11    0.11234222E-03    0.11630137E-03
0.13960000E-02    0.17054640E-06    0.59446407E-11    0.11237741E-03    0.11633855E-03
0.13970000E-02    0.17065538E-06    0.59502381E-11    0.11241267E-03    0.11637547E-03
0.13980000E-02    0.17076454E-06    0.59558477E-11    0.11244798E-03    0.11641336E-03
0.13990000E-02    0.17087448E-06    0.59614892E-11    0.11248347E-03    0.11645074E-03
0.14000000E-02    0.17098413E-06    0.59671177E-11    0.11251886E-03    0.11648743E-03
0.14010000E-02    0.17109383E-06    0.59727512E-11    0.11255426E-03    0.11652458E-03
0.14020000E-02    0.17120334E-06    0.59783723E-11    0.11258956E-03    0.11656195E-03
0.14030000E-02    0.17131229E-06    0.59839619E-11    0.11262464E-03    0.11659901E-03
0.14040000E-02    0.17142120E-06    0.59895479E-11    0.11265967E-03    0.11663547E-03
0.14050000E-02    0.17152975E-06    0.59951123E-11    0.11269455E-03    0.11667202E-03
0.14060000E-02    0.17163842E-06    0.60006818E-11    0.11272943E-03    0.11670866E-03
0.14070000E-02    0.17174756E-06    0.60062700E-11    0.11276442E-03    0.11674617E-03
0.14080000E-02    0.17185626E-06    0.60118368E-11    0.11279924E-03    0.11678284E-03
0.14090000E-02    0.17196447E-06    0.60173730E-11    0.11283386E-03    0.11681973E-03
0.14100000E-02    0.17207345E-06    0.60229430E-11    0.11286866E-03    0.11685618E-03
0.14110000E-02    0.17218277E-06    0.60285381E-11    0.11290360E-03    0.11689247E-03
0.14120000E-02    0.17229256E-06    0.60341658E-11    0.11293872E-03    0.11692901E-03
0.14130000E-02    0.17240257E-06    0.60398059E-11    0.11297390E-03    0.11696630E-03
0.14140000E-02    0.17251234E-06    0.60454351E-11    0.11300899E-03    0.11700337E-03
0.14150000E-02    0.17262150E-06    0.60510370E-11    0.11304388E-03    0.11704067E-03
0.14160000E-02    0.17273072E-06    0.60566469E-11    0.11307881E-03    0.11707798E-03
0.14170000E-02    0.17283987E-06    0.60622503E-11    0.11311367E-03    0.11711536E-03
0.14180000E-02    0.17294976E-06    0.60678877E-11    0.11314872E-03    0.11715170E-03
0.14190000E-02    0.17306022E-06    0.60735581E-11    0.11318395E-03    0.11718919E-03
0.14200000E-02    0.17317025E-06    0.60792067E-11    0.11321903E-03    0.11722634E-03
0.14210000E-02    0.17328038E-06    0.60848675E-11    0.11325416E-03    0.11726412E-03
0.14220000E-02    0.17339034E-06    0.60905228E-11    0.11328924E-03    0.11730149E-03
0.14230000E-02    0.17349986E-06    0.60961573E-11    0.11332416E-03    0.11733903E-03
0.14240000E-02    0.17360883E-06    0.61017636E-11    0.11335889E-03    0.11737641E-03
0.14250000E-02    0.17371759E-06    0.61073598E-11    0.11339354E-03    0.11741243E-03
0.14260000E-02    0.17382755E-06    0.61130176E-11    0.11342854E-03    0.11744948E-03
0.14270000E-02    0.17393787E-06    0.61186951E-11    0.11346365E-03    0.11748705E-03
0.14280000E-02    0.17404888E-06    0.61244072E-11    0.11349894E-03    0.11752414E-03
0.14290000E-02    0.17416072E-06    0.61301584E-11    0.11353446E-03    0.11756097E-03
0.14300000E-02    0.17427210E-06    0.61358913E-11    0.11356984E-03    0.11759868E-03
0.14310000E-02    0.17438345E-06    0.61416181E-11    0.11360516E-03    0.11763621E-03
0.14320000E-02    0.17449467E-06    0.61473469E-11    0.11364047E-03    0.11767272E-03
0.14330000E-02    0.17460633E-06    0.61530981E-11    0.11367590E-03    0.11771079E-03
0.14340000E-02    0.17471744E-06    0.61588200E-11    0.11371113E-03    0.11774865E-03
0.14350000E-02    0.17482873E-06    0.61645564E-11    0.11374642E-03    0.11778647E-03
0.14360000E-02    0.17494070E-06    0.61703238E-11    0.11378188E-03    0.11782353E-03
0.14370000E-02    0.17505293E-06    0.61761018E-11    0.11381739E-03    0.11786055E-03
0.14380000E-02    0.17516584E-06    0.61819141E-11    0.11385308E-03    0.11789874E-03
0.14390000E-02    0.17527810E-06    0.61876981E-11    0.11388858E-03    0.11793659E-03
0.14400000E-02    0.17539094E-06    0.61935131E-11    0.11392424E-03    0.11797408E-03
0.14410000E-02    0.17550315E-06    0.61993133E-11    0.11395980E-03    0.11801126E-03
0.14420000E-02    0.17561542E-06    0.62051155E-11    0.11399534E-03    0.11804816E-03
0.14430000E-02    0.17572714E-06    0.62108942E-11    0.11403071E-03    0.11808535E-03
0.14440000E-02    0.17583873E-06    0.62166774E-11    0.11406610E-03    0.11812286E-03
0.14450000E-02    0.17595053E-06    0.62224735E-11    0.11410153E-03    0.11815983E-03
0.14460000E-02    0.17606151E-06    0.62282391E-11    0.11413676E-03    0.11819686E-03
0.14470000E-02    0.17617192E-06    0.62339867E-11    0.11417186E-03    0.11823412E-03
0.14480000E-02    0.17628260E-06    0.62397513E-11    0.11420704E-03    0.11827146E-03
0.14490000E-02    0.17639337E-06    0.62455191E-11    0.11424222E-03    0.11830866E-03
0.14500000E-02    0.17650450E-06    0.62513068E-11    0.11427750E-03    0.11834620E-03
0.14510000E-02    0.17661531E-06    0.62570819E-11    0.11431268E-03    0.11838300E-03
0.14520000E-02    0.17672617E-06    0.62628700E-11    0.11434792E-03    0.11841995E-03
0.14530000E-02    0.17683657E-06    0.62686391E-11    0.11438302E-03    0.11845640E-03
0.14540000E-02    0.17694675E-06    0.62743971E-11    0.11441803E-03    0.11849371E-03
0.14550000E-02    0.17705677E-06    0.62801461E-11    0.11445296E-03    0.11853024E-03
0.14560000E-02    0.17716638E-06    0.62858812E-11    0.11448779E-03    0.11856721E-03
0.14570000E-02    0.17727635E-06    0.62916331E-11    0.11452270E-03    0.11860444E-03
0.14580000E-02    0.17738687E-06    0.62974184E-11    0.11455780E-03    0.11864107E-03
0.14590000E-02    0.17749758E-06    0.63032124E-11    0.11459292E-03    0.11867855E-03
0.14600000E-02    0.17760827E-06    0.63090052E-11    0.11462801E-03    0.11871565E-03
0.14610000E-02    0.17771859E-06    0.63147796E-11    0.11466297E-03    0.11875212E-03
0.14620000E-02    0.17782970E-06    0.63205956E-11    0.11469816E-03    0.11878929E-03
0.14630000E-02    0.17794020E-06    0.63263813E-11    0.11473315E-03    0.11882535E-03
0.14640000E-02    0.17805062E-06    0.63321713E-11    0.11476814E-03    0.11886217E-03
0.14650000E-02    0.17816230E-06    0.63380264E-11    0.11480350E-03    0.11889948E-03
0.14660000E-02    0.17827334E-06    0.63438524E-11    0.11483867E-03    0.11893612E-03
0.14670000E-02    0.17838410E-06    0.63496652E-11    0.11487373E-03    0.11897320E-03
0.14680000E-02    0.17849421E-06    0.63554473E-11    0.11490859E-03    0.11900905E-03
0.14690000E-02    0.17860482E-06    0.63612498E-11    0.11494355E-03    0.11904645E-03
0.14700000E-02    0.17871517E-06    0.63670372E-11    0.11497840E-03    0.11908378E-03
0.14710000E-02    0.17882544E-06    0.63728166E-11    0.11501318E-03    0.11912001E-03
0.14720000E-02    0.17893560E-06    0.63785892E-11    0.11504789E-03    0.11915717E-03
0.14730000E-02    0.17904568E-06    0.63843546E-11    0.11508255E-03    0.11919369E-03
0.14740000E-02    0.17915566E-06    0.63901180E-11    0.11511717E-03    0.11923052E-03
0.14750000E-02    0.17926509E-06    0.63958508E-11    0.11515158E-03    0.11926639E-03
0.14760000E-02    0.17937443E-06    0.64015879E-11    0.11518600E-03    0.11930198E-03
0.14770000E-02    0.17948406E-06    0.64073373E-11    0.11522047E-03    0.11933836E-03
0.14780000E-02    0.17959334E-06    0.64130700E-11    0.11525483E-03    0.11937426E-03
0.14790000E-02    0.17970239E-06    0.64187987E-11    0.11528914E-03    0.11940987E-03
0.14800000E-02    0.17981241E-06    0.64245743E-11    0.11532370E-03    0.11944688E-03
0.14810000E-02    0.17992196E-06    0.64303272E-11    0.11535812E-03    0.11948252E-03
0.14820000E-02    0.18003172E-06    0.64360900E-11    0.11539257E-03    0.11951813E-03
0.14830000E-02    0.18014202E-06    0.64418789E-11    0.11542715E-03    0.11955506E-03
0.14840000E-02    0.18025259E-06    0.64476864E-11    0.11546183E-03    0.11959151E-03
0.14850000E-02    0.18036299E-06    0.64534825E-11    0.11549642E-03    0.11962766E-03
0.14860000E-02    0.18047349E-06    0.64592844E-11    0.11553102E-03    0.11966471E-03
0.14870000E-02    0.18058371E-06    0.64650727E-11    0.11556552E-03    0.11970168E-03
0.14880000E-02    0.18069371E-06    0.64708476E-11    0.11559992E-03    0.11973782E-03
0.14890000E-02    0.18080420E-06    0.64766391E-11    0.11563439E-03    0.11977483E-03
0.14900000E-02    0.18091563E-06    0.64824731E-11    0.11566910E-03    0.11981149E-03
0.14910000E-02    0.18102663E-06    0.64882924E-11    0.11570371E-03    0.11984762E-03
0.14920000E-02    0.18113841E-06    0.64941569E-11    0.11573855E-03    0.11988475E-03
0.14930000E-02    0.18125000E-06    0.65000208E-11    0.11577338E-03    0.11992083E-03
0.14940000E-02    0.18136144E-06    0.65058730E-11    0.11580811E-03    0.11995817E-03
0.14950000E-02    0.18147260E-06    0.65117134E-11    0.11584276E-03    0.11999475E-03
0.14960000E-02    0.18158333E-06    0.65175367E-11    0.11587728E-03    0.12003127E-03
0.14970000E-02    0.18169380E-06    0.65233494E-11    0.11591172E-03    0.12006826E-03
0.14980000E-02    0.18180488E-06    0.65291919E-11    0.11594631E-03    0.12010558E-03
0.14990000E-02    0.18191583E-06    0.65350233E-11    0.11598082E-03    0.12014242E-03
0.15000000E-02    0.18202665E-06    0.65408429E-11    0.11601524E-03    0.12017959E-03
0.15010000E-02    0.18213742E-06    0.65466587E-11    0.11604961E-03    0.12021587E-03
0.15020000E-02    0.18224799E-06    0.65524715E-11    0.11608395E-03    0.12025089E-03
0.15030000E-02    0.18235812E-06    0.65582675E-11    0.11611817E-03    0.12028760E-03
0.15040000E-02    0.18246855E-06    0.65640784E-11    0.11615245E-03    0.12032427E-03
0.15050000E-02    0.18257936E-06    0.65699070E-11    0.11618682E-03    0.12036036E-03
0.15060000E-02    0.18269015E-06    0.65757468E-11    0.11622124E-03    0.12039633E-03
0.15070000E-02    0.18280072E-06    0.65815859E-11    0.11625563E-03    0.12043335E-03
0.15080000E-02    0.18291205E-06    0.65874663E-11    0.11629024E-03    0.12047007E-03
0.15090000E-02    0.18302336E-06    0.65933446E-11    0.11632482E-03    0.12050691E-03
0.15100000E-02    0.18313429E-06    0.65992017E-11    0.11635925E-03    0.12054350E-03
0.15110000E-02    0.18324487E-06    0.66050462E-11    0.11639360E-03    0.12057916E-03
0.15120000E-02    0.18335567E-06    0.66109069E-11    0.11642801E-03    0.12061564E-03
0.15130000E-02    0.18346649E-06    0.66167708E-11    0.11646242E-03    0.12065265E-03
0.15140000E-02    0.18357701E-06    0.66226283E-11    0.11649678E-03    0.12068901E-03
0.15150000E-02    0.18368775E-06    0.66284976E-11    0.11653119E-03    0.12072579E-03
0.15160000E-02    0.18379813E-06    0.66343487E-11    0.11656546E-03    0.12076255E-03
0.15170000E-02    0.18390813E-06    0.66401810E-11    0.11659961E-03    0.12079824E-03
0.15180000E-02    0.18401858E-06    0.66460402E-11    0.11663390E-03    0.12083503E-03
0.15190000E-02    0.18412902E-06    0.66519016E-11    0.11666817E-03    0.12087059E-03
0.15200000E-02    0.18424072E-06    0.66578259E-11    0.11670280E-03    0.12090628E-03
0.15210000E-02    0.18435325E-06    0.66637923E-11    0.11673765E-03    0.12094293E-03
0.15220000E-02    0.18446543E-06    0.66697413E-11    0.11677238E-03    0.12097997E-03
0.15230000E-02    0.18457694E-06    0.66756606E-11    0.11680691E-03    0.12101630E-03
0.15240000E-02    0.18468851E-06    0.66815946E-11    0.11684151E-03    0.12105342E-03
0.15250000E-02    0.18479963E-06    0.66875040E-11    0.11687595E-03    0.12108944E-03
0.15260000E-02    0.18491049E-06    0.66934083E-11    0.11691033E-03    0.12112377E-03
0.15270000E-02    0.18502153E-06    0.66993267E-11    0.11694478E-03    0.12116055E-03
0.15280000E-02    0.18513283E-06    0.67052570E-11    0.11697928E-03    0.12119699E-03
0.15290000E-02    0.18524401E-06    0.67111855E-11    0.11701374E-03    0.12123364E-03
0.15300000E-02    0.18535540E-06    0.67171221E-11    0.11704824E-03    0.12127059E-03
0.15310000E-02    0.18546643E-06    0.67230415E-11    0.11708261E-03    0.12130731E-03
0.15320000E-02    0.18557736E-06    0.67289615E-11    0.11711697E-03    0.12134248E-03
0.15330000E-02    0.18568803E-06    0.67348693E-11    0.11715123E-03    0.12137912E-03
0.15340000E-02    0.18579849E-06    0.67407670E-11    0.11718542E-03    0.12141485E-03
0.15350000E-02    0.18590843E-06    0.67466400E-11    0.11721944E-03    0.12145081E-03
0.15360000E-02    0.18601848E-06    0.67525153E-11    0.11725346E-03    0.12148672E-03
0.15370000E-02    0.18612844E-06    0.67583908E-11    0.11728746E-03    0.12152195E-03
0.15380000E-02    0.18623780E-06    0.67642484E-11    0.11732133E-03    0.12155780E-03
0.15390000E-02    0.18634744E-06    0.67701249E-11    0.11735530E-03    0.12159259E-03
0.15400000E-02    0.18645750E-06    0.67760268E-11    0.11738939E-03    0.12162855E-03
0.15410000E-02    0.18656748E-06    0.67819267E-11    0.11742345E-03    0.12166407E-03
0.15420000E-02    0.18667774E-06    0.67878418E-11    0.11745758E-03    0.12170020E-03
0.15430000E-02    0.18678805E-06    0.67937584E-11    0.11749169E-03    0.12173666E-03
0.15440000E-02    0.18689870E-06    0.67996970E-11    0.11752592E-03    0.12177256E-03
0.15450000E-02    0.18700932E-06    0.68056356E-11    0.11756012E-03    0.12180875E-03
0.15460000E-02    0.18712019E-06    0.68115798E-11    0.11759434E-03    0.12184454E-03
0.15470000E-02    0.18723144E-06    0.68175440E-11    0.11762865E-03    0.12188013E-03
0.15480000E-02    0.18734322E-06    0.68235409E-11    0.11766313E-03    0.12191696E-03
0.15490000E-02    0.18745477E-06    0.68295251E-11    0.11769752E-03    0.12195307E-03
0.15500000E-02    0.18756600E-06    0.68354910E-11    0.11773178E-03    0.12198929E-03
0.15510000E-02    0.18767700E-06    0.68414432E-11    0.11776594E-03    0.12202497E-03
0.15520000E-02    0.18778765E-06    0.68473830E-11    0.11780001E-03    0.12206063E-03
0.15530000E-02    0.18789772E-06    0.68532917E-11    0.11783389E-03    0.12209579E-03
0.15540000E-02    0.18800799E-06    0.68592110E-11    0.11786780E-03    0.12213081E-03
0.15550000E-02    0.18811920E-06    0.68651741E-11    0.11790195E-03    0.12216734E-03
0.15560000E-02    0.18823063E-06    0.68711466E-11    0.11793613E-03    0.12220288E-03
0.15570000E-02    0.18834251E-06    0.68771414E-11    0.11797042E-03    0.12223901E-03
0.15580000E-02    0.18845442E-06    0.68831396E-11    0.11800471E-03    0.12227522E-03
0.15590000E-02    0.18856673E-06    0.68891556E-11    0.11803907E-03    0.12231185E-03
0.15600000E-02    0.18867962E-06    0.68951950E-11    0.11807356E-03    0.12234810E-03
0.15610000E-02    0.18879228E-06    0.69012278E-11    0.11810798E-03    0.12238455E-03
0.15620000E-02    0.18890491E-06    0.69072524E-11    0.11814234E-03    0.12242103E-03
0.15630000E-02    0.18901737E-06    0.69132643E-11    0.11817661E-03    0.12245665E-03
0.15640000E-02    0.18912994E-06    0.69192812E-11    0.11821088E-03    0.12249320E-03
0.15650000E-02    0.18924247E-06    0.69252951E-11    0.11824512E-03    0.12252926E-03
0.15660000E-02    0.18935562E-06    0.69313338E-11    0.11827948E-03    0.12256614E-03
0.15670000E-02    0.18946879E-06    0.69373762E-11    0.11831384E-03    0.12260301E-03
0.15680000E-02    0.18958182E-06    0.69434151E-11    0.11834816E-03    0.12264003E-03
0.15690000E-02    0.18969430E-06    0.69494229E-11    0.11838228E-03    0.12267615E-03
0.15700000E-02    0.18980669E-06    0.69554299E-11    0.11841638E-03    0.12271267E-03
0.15710000E-02    0.18991915E-06    0.69614409E-11    0.11845048E-03    0.12274817E-03
0.15720000E-02    0.19003121E-06    0.69674290E-11    0.11848444E-03    0.12278430E-03
0.15730000E-02    0.19014319E-06    0.69734202E-11    0.11851839E-03    0.12282040E-03
0.15740000E-02    0.19025478E-06    0.69793893E-11    0.11855220E-03    0.12285554E-03
0.15750000E-02    0.19036613E-06    0.69853593E-11    0.11858599E-03    0.12289101E-03
0.15760000E-02    0.19047785E-06    0.69913544E-11    0.11861990E-03    0.12292657E-03
0.15770000E-02    0.19058940E-06    0.69973422E-11    0.11865376E-03    0.12296275E-03
0.15780000E-02    0.19070131E-06    0.70033504E-11    0.11868771E-03    0.12299885E-03
0.15790000E-02    0.19081302E-06    0.70093510E-11    0.11872160E-03    0.12303459E-03
0.15800000E-02    0.19092478E-06    0.70153607E-11    0.11875552E-03    0.12307025E-03
0.15810000E-02    0.19103710E-06    0.70214048E-11    0.11878961E-03    0.12310574E-03
0.15820000E-02    0.19114910E-06    0.70274329E-11    0.11882360E-03    0.12314140E-03
0.15830000E-02    0.19126100E-06    0.70334608E-11    0.11885756E-03    0.12317724E-03
0.15840000E-02    0.19137350E-06    0.70395221E-11    0.11889170E-03    0.12321299E-03
0.15850000E-02    0.19148657E-06    0.70456143E-11    0.11892598E-03    0.12324937E-03
0.15860000E-02    0.19159962E-06    0.70517139E-11    0.11896029E-03    0.12328614E-03
0.15870000E-02    0.19171273E-06    0.70578152E-11    0.11899459E-03    0.12332228E-03
0.15880000E-02    0.19182592E-06    0.70639305E-11    0.11902895E-03    0.12335885E-03
0.15890000E-02    0.19193836E-06    0.70700149E-11    0.11906311E-03    0.12339445E-03
0.15900000E-02    0.19205102E-06    0.70761191E-11    0.11909737E-03    0.12343071E-03
0.15910000E-02    0.19216338E-06    0.70822118E-11    0.11913154E-03    0.12346714E-03
0.15920000E-02    0.19227511E-06    0.70882746E-11    0.11916553E-03    0.12350236E-03
0.15930000E-02    0.19238699E-06    0.70943423E-11    0.11919952E-03    0.12353881E-03
0.15940000E-02    0.19249887E-06    0.71004134E-11    0.11923351E-03    0.12357505E-03
0.15950000E-02    0.19261069E-06    0.71064853E-11    0.11926749E-03    0.12361066E-03
0.15960000E-02    0.19272230E-06    0.71125518E-11    0.11930142E-03    0.12364676E-03
0.15970000E-02    0.19283431E-06    0.71186460E-11    0.11933548E-03    0.12368180E-03
0.15980000E-02    0.19294618E-06    0.71247366E-11    0.11936951E-03    0.12371796E-03
0.15990000E-02    0.19305800E-06    0.71308289E-11    0.11940352E-03    0.12375362E-03
0.16000000E-02    0.19316944E-06    0.71369046E-11    0.11943742E-03    0.12378937E-03
0.16010000E-02    0.19328147E-06    0.71430059E-11    0.11947145E-03    0.12382581E-03
0.16020000E-02    0.19339382E-06    0.71491221E-11    0.11950554E-03    0.12386137E-03
0.16030000E-02    0.19350669E-06    0.71552691E-11    0.11953978E-03    0.12389781E-03
0.16040000E-02    0.19361921E-06    0.71613999E-11    0.11957391E-03    0.12393280E-03
0.16050000E-02    0.19373146E-06    0.71675176E-11    0.11960795E-03    0.12396867E-03
0.16060000E-02    0.19384371E-06    0.71736377E-11    0.11964199E-03    0.12400433E-03
0.16070000E-02    0.19395612E-06    0.71797643E-11    0.11967604E-03    0.12404008E-03
0.16080000E-02    0.19406846E-06    0.71858881E-11    0.11971005E-03    0.12407619E-03
0.16090000E-02    0.19418111E-06    0.71920233E-11    0.11974411E-03    0.12411256E-03
0.16100000E-02    0.19429352E-06    0.71981436E-11    0.11977807E-03    0.12414853E-03
0.16110000E-02    0.19440565E-06    0.72042469E-11    0.11981191E-03    0.12418364E-03
0.16120000E-02    0.19451790E-06    0.72103623E-11    0.11984580E-03    0.12421977E-03
0.16130000E-02    0.19463029E-06    0.72164797E-11    0.11987969E-03    0.12425491E-03
0.16140000E-02    0.19474276E-06    0.72225968E-11    0.11991355E-03    0.12428989E-03
0.16150000E-02    0.19485532E-06    0.72287320E-11    0.11994749E-03    0.12432487E-03
0.16160000E-02    0.19496799E-06    0.72348841E-11    0.11998151E-03    0.12436075E-03
0.16170000E-02    0.19508065E-06    0.72410394E-11    0.12001553E-03    0.12439668E-03
0.16180000E-02    0.19519324E-06    0.72471896E-11    0.12004950E-03    0.12443280E-03
0.16190000E-02    0.19530515E-06    0.72533073E-11    0.12008327E-03    0.12446840E-03
0.16200000E-02    0.19541755E-06    0.72594435E-11    0.12011712E-03    0.12450412E-03
0.16210000E-02    0.19552933E-06    0.72655478E-11    0.12015078E-03    0.12454014E-03
0.16220000E-02    0.19564080E-06    0.72716342E-11    0.12018432E-03    0.12457538E-03
0.16230000E-02    0.19575210E-06    0.72777199E-11    0.12021784E-03    0.12461120E-03
0.16240000E-02    0.19586317E-06    0.72837935E-11    0.12025127E-03    0.12464674E-03
0.16250000E-02    0.19597382E-06    0.72898502E-11    0.12028459E-03    0.12468100E-03
0.16260000E-02    0.19608368E-06    0.72958744E-11    0.12031772E-03    0.12471511E-03
0.16270000E-02    0.19619286E-06    0.73018661E-11    0.12035064E-03    0.12474958E-03
0.16280000E-02    0.19630332E-06    0.73079223E-11    0.12038391E-03    0.12478486E-03
0.16290000E-02    0.19641379E-06    0.73139849E-11    0.12041719E-03    0.12481990E-03
0.16300000E-02    0.19652384E-06    0.73200260E-11    0.12045033E-03    0.12485490E-03
0.16310000E-02    0.19663407E-06    0.73260772E-11    0.12048351E-03    0.12489042E-03
0.16320000E-02    0.19674375E-06    0.73320969E-11    0.12051651E-03    0.12492520E-03
0.16330000E-02    0.19685322E-06    0.73381024E-11    0.12054940E-03    0.12496046E-03
0.16340000E-02    0.19696270E-06    0.73441051E-11    0.12058226E-03    0.12499569E-03
0.16350000E-02    0.19707302E-06    0.73501445E-11    0.12061531E-03    0.12503072E-03
0.16360000E-02    0.19718389E-06    0.73562212E-11    0.12064854E-03    0.12506445E-03
0.16370000E-02    0.19729511E-06    0.73623230E-11    0.12068189E-03    0.12509880E-03
0.16380000E-02    0.19740687E-06    0.73684572E-11    0.12071539E-03    0.12513488E-03
0.16390000E-02    0.19751814E-06    0.73745602E-11    0.12074871E-03    0.12517077E-03
0.16400000E-02    0.19762962E-06    0.73806725E-11    0.12078206E-03    0.12520602E-03
0.16410000E-02    0.19774115E-06    0.73867826E-11    0.12081538E-03    0.12524115E-03
0.16420000E-02    0.19785285E-06    0.73929033E-11    0.12084874E-03    0.12527681E-03
0.16430000E-02    0.19796372E-06    0.73989922E-11    0.12088191E-03    0.12531120E-03
0.16440000E-02    0.19807422E-06    0.74050616E-11    0.12091496E-03    0.12534645E-03
0.16450000E-02    0.19818533E-06    0.74111578E-11    0.12094813E-03    0.12538175E-03
0.16460000E-02    0.19829702E-06    0.74172803E-11    0.12098142E-03    0.12541627E-03
0.16470000E-02    0.19840845E-06    0.74233901E-11    0.12101463E-03    0.12545126E-03
0.16480000E-02    0.19851959E-06    0.74294863E-11    0.12104775E-03    0.12548603E-03
0.16490000E-02    0.19863089E-06    0.74355891E-11    0.12108089E-03    0.12552158E-03
0.16500000E-02    0.19874236E-06    0.74416938E-11    0.12111401E-03    0.12555597E-03
0.16510000E-02    0.19885337E-06    0.74477852E-11    0.12114705E-03    0.12558997E-03
0.16520000E-02    0.19896502E-06    0.74539146E-11    0.12118028E-03    0.12562522E-03
0.16530000E-02    0.19907666E-06    0.74600419E-11    0.12121347E-03    0.12566052E-03
0.16540000E-02    0.19918853E-06    0.74661823E-11    0.12124672E-03    0.12569584E-03
0.16550000E-02    0.19930174E-06    0.74723856E-11    0.12128029E-03    0.12573159E-03
0.16560000E-02    0.19941494E-06    0.74785916E-11    0.12131385E-03    0.12576676E-03
0.16570000E-02    0.19952878E-06    0.74848350E-11    0.12134760E-03    0.12580176E-03
0.16580000E-02    0.19964287E-06    0.74910962E-11    0.12138143E-03    0.12583728E-03
0.16590000E-02    0.19975666E-06    0.74973477E-11    0.12141519E-03    0.12587334E-03
0.16600000E-02    0.19987025E-06    0.75035884E-11    0.12144887E-03    0.12590943E-03
0.16610000E-02    0.19998412E-06    0.75098450E-11    0.12148261E-03    0.12594576E-03
0.16620000E-02    0.20009800E-06    0.75161025E-11    0.12151634E-03    0.12598153E-03
0.16630000E-02    0.20021230E-06    0.75223897E-11    0.12155022E-03    0.12601699E-03
0.16640000E-02    0.20032617E-06    0.75286592E-11    0.12158398E-03    0.12605332E-03
0.16650000E-02    0.20044054E-06    0.75349555E-11    0.12161786E-03    0.12608885E-03
0.16660000E-02    0.20055417E-06    0.75412204E-11    0.12165156E-03    0.12612472E-03
0.16670000E-02    0.20066740E-06    0.75474662E-11    0.12168513E-03    0.12615981E-03
0.16680000E-02    0.20078025E-06    0.75536974E-11    0.12171861E-03    0.12619556E-03
0.16690000E-02    0.20089403E-06    0.75599742E-11    0.12175232E-03    0.12623114E-03
0.16700000E-02    0.20100763E-06    0.75662435E-11    0.12178596E-03    0.12626652E-03
0.16710000E-02    0.20112062E-06    0.75724818E-11    0.12181942E-03    0.12630159E-03
0.16720000E-02    0.20123400E-06    0.75787476E-11    0.12185301E-03    0.12633699E-03
0.16730000E-02    0.20134679E-06    0.75849874E-11    0.12188645E-03    0.12637148E-03
0.16740000E-02    0.20145933E-06    0.75912202E-11    0.12191982E-03    0.12640682E-03
0.16750000E-02    0.20157254E-06    0.75974880E-11    0.12195337E-03    0.12644187E-03
0.16760000E-02    0.20168596E-06    0.76037681E-11    0.12198696E-03    0.12647738E-03
0.16770000E-02    0.20179904E-06    0.76100320E-11    0.12202045E-03    0.12651242E-03
0.16780000E-02    0.20191201E-06    0.76162931E-11    0.12205391E-03    0.12654773E-03
0.16790000E-02    0.20202483E-06    0.76225404E-11    0.12208727E-03    0.12658310E-03
0.16800000E-02    0.20213749E-06    0.76287792E-11    0.12212057E-03    0.12661756E-03
0.16810000E-02    0.20224955E-06    0.76349868E-11    0.12215368E-03    0.12665305E-03
0.16820000E-02    0.20236170E-06    0.76412078E-11    0.12218685E-03    0.12668795E-03
0.16830000E-02    0.20247378E-06    0.76474318E-11    0.12222002E-03    0.12672350E-03
0.16840000E-02    0.20258584E-06    0.76536537E-11    0.12225315E-03    0.12675857E-03
0.16850000E-02    0.20269835E-06    0.76599001E-11    0.12228640E-03    0.12679389E-03
0.16860000E-02    0.20281119E-06    0.76661631E-11    0.12231972E-03    0.12682932E-03
0.16870000E-02    0.20292394E-06    0.76724247E-11    0.12235301E-03    0.12686360E-03
0.16880000E-02    0.20303656E-06    0.76786843E-11    0.12238628E-03    0.12689919E-03
0.16890000E-02    0.20314880E-06    0.76849182E-11    0.12241939E-03    0.12693430E-03
0.16900000E-02    0.20326171E-06    0.76911866E-11    0.12245267E-03    0.12696916E-03
0.16910000E-02    0.20337397E-06    0.76974235E-11    0.12248576E-03    0.12700351E-03
0.16920000E-02    0.20348683E-06    0.77036994E-11    0.12251904E-03    0.12703830E-03
0.16930000E-02    0.20359969E-06    0.77099728E-11    0.12255228E-03    0.12707393E-03
0.16940000E-02    0.20371251E-06    0.77162493E-11    0.12258553E-03    0.12710853E-03
0.16950000E-02    0.20382511E-06    0.77225199E-11    0.12261873E-03    0.12714293E-03
0.16960000E-02    0.20393849E-06    0.77288391E-11    0.12265217E-03    0.12717871E-03
0.16970000E-02    0.20405112E-06    0.77351258E-11    0.12268541E-03    0.12721291E-03
0.16980000E-02    0.20416433E-06    0.77414422E-11    0.12271880E-03    0.12724783E-03
0.16990000E-02    0.20427767E-06    0.77477672E-11    0.12275221E-03    0.12728220E-03
0.17000000E-02    0.20439115E-06    0.77540946E-11    0.12278562E-03    0.12731767E-03
0.17010000E-02    0.20450470E-06    0.77604342E-11    0.12281907E-03    0.12735331E-03
0.17020000E-02    0.20461806E-06    0.77667643E-11    0.12285245E-03    0.12738843E-03
0.17030000E-02    0.20473078E-06    0.77730652E-11    0.12288567E-03    0.12742294E-03
0.17040000E-02    0.20484382E-06    0.77793870E-11    0.12291897E-03    0.12745801E-03
0.17050000E-02    0.20495770E-06    0.77857660E-11    0.12295256E-03    0.12749345E-03
0.17060000E-02    0.20507138E-06    0.77921391E-11    0.12298610E-03    0.12752853E-03
0.17070000E-02    0.20518495E-06    0.77985095E-11    0.12301961E-03    0.12756241E-03
0.17080000E-02    0.20529860E-06    0.78048894E-11    0.12305314E-03    0.12759785E-03
0.17090000E-02    0.20541185E-06    0.78112464E-11    0.12308654E-03    0.12763340E-03
0.17100000E-02    0.20552525E-06    0.78176095E-11    0.12311996E-03    0.12766771E-03
0.17110000E-02    0.20563822E-06    0.78239526E-11    0.12315325E-03    0.12770288E-03
0.17120000E-02    0.20575131E-06    0.78302968E-11    0.12318652E-03    0.12773783E-03
0.17130000E-02    0.20586372E-06    0.78366085E-11    0.12321962E-03    0.12777225E-03
0.17140000E-02    0.20597550E-06    0.78428881E-11    0.12325252E-03    0.12780737E-03
0.17150000E-02    0.20608696E-06    0.78491457E-11    0.12328529E-03    0.12784232E-03
0.17160000E-02    0.20619818E-06    0.78553872E-11    0.12331796E-03    0.12787639E-03
0.17170000E-02    0.20630938E-06    0.78616275E-11    0.12335061E-03    0.12791115E-03
0.17180000E-02    0.20642029E-06    0.78678543E-11    0.12338316E-03    0.12794448E-03
0.17190000E-02    0.20653225E-06    0.78741342E-11    0.12341598E-03    0.12797958E-03
0.17200000E-02    0.20664518E-06    0.78804593E-11    0.12344902E-03    0.12801468E-03
0.17210000E-02    0.20675808E-06    0.78867729E-11    0.12348198E-03    0.12805007E-03
0.17220000E-02    0.20687066E-06    0.78930638E-11    0.12351480E-03    0.12808463E-03
0.17230000E-02    0.20698323E-06    0.78993568E-11    0.12354762E-03    0.12811881E-03
0.17240000E-02    0.20709577E-06    0.79056525E-11    0.12358043E-03    0.12815306E-03
0.17250000E-02    0.20720826E-06    0.79119471E-11    0.12361322E-03    0.12818833E-03
0.17260000E-02    0.20732073E-06    0.79182394E-11    0.12364598E-03    0.12822270E-03
0.17270000E-02    0.20743405E-06    0.79245701E-11    0.12367892E-03    0.12825749E-03
0.17280000E-02    0.20754762E-06    0.79309115E-11    0.12371191E-03    0.12829224E-03
0.17290000E-02    0.20766105E-06    0.79372482E-11    0.12374485E-03    0.12832632E-03
0.17300000E-02    0.20777485E-06    0.79436023E-11    0.12377786E-03    0.12836144E-03
0.17310000E-02    0.20788937E-06    0.79499957E-11    0.12381106E-03    0.12839591E-03
0.17320000E-02    0.20800353E-06    0.79563763E-11    0.12384417E-03    0.12843100E-03
0.17330000E-02    0.20811758E-06    0.79627606E-11    0.12387729E-03    0.12846618E-03
0.17340000E-02    0.20823168E-06    0.79691480E-11    0.12391040E-03    0.12850084E-03
0.17350000E-02    0.20834515E-06    0.79755046E-11    0.12394334E-03    0.12853616E-03
0.17360000E-02    0.20845924E-06    0.79818946E-11    0.12397643E-03    0.12857160E-03
0.17370000E-02    0.20857327E-06    0.79882820E-11    0.12400949E-03    0.12860694E-03
0.17380000E-02    0.20868764E-06    0.79946875E-11    0.12404263E-03    0.12864221E-03
0.17390000E-02    0.20880207E-06    0.80010937E-11    0.12407575E-03    0.12867787E-03
0.17400000E-02    0.20891700E-06    0.80075249E-11    0.12410899E-03    0.12871340E-03
0.17410000E-02    0.20903151E-06    0.80139334E-11    0.12414209E-03    0.12874826E-03
0.17420000E-02    0.20914541E-06    0.80203177E-11    0.12417504E-03    0.12878216E-03
0.17430000E-02    0.20925966E-06    0.80267235E-11    0.12420809E-03    0.12881705E-03
0.17440000E-02    0.20937341E-06    0.80331120E-11    0.12424104E-03    0.12885219E-03
0.17450000E-02    0.20948718E-06    0.80395068E-11    0.12427400E-03    0.12888685E-03
0.17460000E-02    0.20960104E-06    0.80459027E-11    0.12430694E-03    0.12892185E-03
0.17470000E-02    0.20971473E-06    0.80522844E-11    0.12433980E-03    0.12895642E-03
0.17480000E-02    0.20982845E-06    0.80586654E-11    0.12437264E-03    0.12899052E-03
0.17490000E-02    0.20994199E-06    0.80650394E-11    0.12440542E-03    0.12902570E-03
0.17500000E-02    0.21005584E-06    0.80714307E-11    0.12443827E-03    0.12906110E-03
0.17510000E-02    0.21016941E-06    0.80778052E-11    0.12447102E-03    0.12909519E-03
0.17520000E-02    0.21028287E-06    0.80841835E-11    0.12450377E-03    0.12912962E-03
0.17530000E-02    0.21039596E-06    0.80905576E-11    0.12453649E-03    0.12916423E-03
0.17540000E-02    0.21050918E-06    0.80969435E-11    0.12456925E-03    0.12919896E-03
0.17550000E-02    0.21062238E-06    0.81033445E-11    0.12460206E-03    0.12923242E-03
0.17560000E-02    0.21073574E-06    0.81097536E-11    0.12463490E-03    0.12926638E-03
0.17570000E-02    0.21084930E-06    0.81161745E-11    0.12466779E-03    0.12930141E-03
0.17580000E-02    0.21096219E-06    0.81225631E-11    0.12470049E-03    0.12933553E-03
0.17590000E-02    0.21107464E-06    0.81289325E-11    0.12473308E-03    0.12937025E-03
0.17600000E-02    0.21118718E-06    0.81353067E-11    0.12476567E-03    0.12940476E-03
0.17610000E-02    0.21129994E-06    0.81416999E-11    0.12479835E-03    0.12943913E-03
0.17620000E-02    0.21141204E-06    0.81480596E-11    0.12483083E-03    0.12947291E-03
0.17630000E-02    0.21152412E-06    0.81544223E-11    0.12486332E-03    0.12950723E-03
0.17640000E-02    0.21163606E-06    0.81607784E-11    0.12489575E-03    0.12954195E-03
0.17650000E-02    0.21174785E-06    0.81671272E-11    0.12492813E-03    0.12957614E-03
0.17660000E-02    0.21186023E-06    0.81735137E-11    0.12496068E-03    0.12961055E-03
0.17670000E-02    0.21197304E-06    0.81799232E-11    0.12499334E-03    0.12964445E-03
0.17680000E-02    0.21208597E-06    0.81863516E-11    0.12502607E-03    0.12967931E-03
0.17690000E-02    0.21219861E-06    0.81927724E-11    0.12505875E-03    0.12971361E-03
0.17700000E-02    0.21231067E-06    0.81991752E-11    0.12509132E-03    0.12974776E-03
0.17710000E-02    0.21242205E-06    0.82055450E-11    0.12512371E-03    0.12978157E-03
0.17720000E-02    0.21253368E-06    0.82119290E-11    0.12515615E-03    0.12981596E-03
0.17730000E-02    0.21264519E-06    0.82183090E-11    0.12518855E-03    0.12984923E-03
0.17740000E-02    0.21275703E-06    0.82247051E-11    0.12522102E-03    0.12988382E-03
0.17750000E-02    0.21286932E-06    0.82311227E-11    0.12525358E-03    0.12991800E-03
0.17760000E-02    0.21298219E-06    0.82375712E-11    0.12528628E-03    0.12995255E-03
0.17770000E-02    0.21309512E-06    0.82440241E-11    0.12531899E-03    0.12998679E-03
0.17780000E-02    0.21320769E-06    0.82504639E-11    0.12535161E-03    0.13002103E-03
0.17790000E-02    0.21332065E-06    0.82569214E-11    0.12538431E-03    0.13005604E-03
0.17800000E-02    0.21343407E-06    0.82633999E-11    0.12541709E-03    0.13008998E-03
0.17810000E-02    0.21354724E-06    0.82698635E-11    0.12544978E-03    0.13012503E-03
0.17820000E-02    0.21365986E-06    0.82762954E-11    0.12548230E-03    0.13015861E-03
0.17830000E-02    0.21377249E-06    0.82827274E-11    0.12551479E-03    0.13019287E-03
0.17840000E-02    0.21388487E-06    0.82891501E-11    0.12554723E-03    0.13022630E-03
0.17850000E-02    0.21399716E-06    0.82955665E-11    0.12557961E-03    0.13026085E-03
0.17860000E-02    0.21410990E-06    0.83020004E-11    0.12561207E-03    0.13029482E-03
0.17870000E-02    0.21422261E-06    0.83084367E-11    0.12564453E-03    0.13032885E-03
0.17880000E-02    0.21433552E-06    0.83148831E-11    0.12567701E-03    0.13036341E-03
0.17890000E-02    0.21444887E-06    0.83213490E-11    0.12570958E-03    0.13039694E-03
0.17900000E-02    0.21456283E-06    0.83278395E-11    0.12574226E-03    0.13043178E-03
0.17910000E-02    0.21467667E-06    0.83343241E-11    0.12577488E-03    0.13046571E-03
0.17920000E-02    0.21479053E-06    0.83408067E-11    0.12580749E-03    0.13050072E-03
0.17930000E-02    0.21490385E-06    0.83472566E-11    0.12583991E-03    0.13053470E-03
0.17940000E-02    0.21501721E-06    0.83537072E-11    0.12587231E-03    0.13056897E-03
0.17950000E-02    0.21513004E-06    0.83601249E-11    0.12590454E-03    0.13060254E-03
0.17960000E-02    0.21524287E-06    0.83665483E-11    0.12593678E-03    0.13063592E-03
0.17970000E-02    0.21535549E-06    0.83729727E-11    0.12596900E-03    0.13066949E-03
0.17980000E-02    0.21546838E-06    0.83794092E-11    0.12600127E-03    0.13070239E-03
0.17990000E-02    0.21558168E-06    0.83858703E-11    0.12603365E-03    0.13073664E-03
0.18000000E-02    0.21569444E-06    0.83923013E-11    0.12606586E-03    0.13077072E-03
